20260827 21:16:55.918 YuantaOrd 1.6.1.3 for ActiveX control
20260827 21:16:55.918 Create
20260827 21:16:55.926 SetWaitOrdResult(0)
20260827 21:16:55.926 SetFutOrdConnection(E123663395,pw,apitest.yuantafutures.com.tw,80)
20260827 21:16:55.942 return: 3
20260827 21:17:06.211 OnLogonS(-1,NULL,NULL,NULL)
20260827 21:55:23.406 DoLogout

20260827 21:55:40.965 YuantaOrd 1.6.1.3 for ActiveX control
20260827 21:55:40.965 Create
20260827 21:55:40.966 SetWaitOrdResult(0)
20260827 21:55:40.966 SetFutOrdConnection(E123663395,pw,api.yuantafutures.com.tw,443)
20260827 21:55:41.001 return: 3
20260827 21:55:42.155 OnLogonS(2,2-F04-0129354--黃耀民,SN=5419A0EB,0)
20260827 21:55:42.158 ReportQuery(F,F04,0129354,,0,*,1)
20260827 21:55:42.158 return: 100
20260827 21:55:42.158 DealQuery(F,F04,0129354,,*)
20260827 21:55:42.158 return: 100
20260827 21:55:42.158 UserDefinsFunc(Func=RA003|bhno=F04|acno=0129354|suba=|FC=N,RA003)
20260827 21:55:42.159 return: 100
20260827 21:55:42.290 OnDealQuery(0):
20260827 21:55:42.290 OnReportQuery(0):
20260827 21:55:42.349 OnUserDefinsFuncResult(0):retc=00001|time=215542|emsg=查無資料 (0)|caltime=2026/08/27 21:55:42
WorkID=RA003
20260827 21:55:42.356 ReportQuery(F,F04,0129354,,0,*,1)
20260827 21:55:42.356 return: 100
20260827 21:55:42.356 DealQuery(F,F04,0129354,,*)
20260827 21:55:42.356 return: 100
20260827 21:55:42.356 UserDefinsFunc(Func=RA003|bhno=F04|acno=0129354|suba=|FC=N,RA003)
20260827 21:55:42.356 return: 100
20260827 21:55:42.356 ReportQuery(F,F04,0129354,,0,*,1)
20260827 21:55:42.356 return: 100
20260827 21:55:42.356 DealQuery(F,F04,0129354,,*)
20260827 21:55:42.356 return: 100
20260827 21:55:42.356 UserDefinsFunc(Func=RA003|bhno=F04|acno=0129354|suba=|FC=N,RA003)
20260827 21:55:42.356 return: 100
20260827 21:55:42.563 OnReportQuery(0):
20260827 21:55:42.563 ReportQuery(F,F04,0129354,,0,*,1)
20260827 21:55:42.563 return: 100
20260827 21:55:42.563 DealQuery(F,F04,0129354,,*)
20260827 21:55:42.563 return: 100
20260827 21:55:42.563 UserDefinsFunc(Func=RA003|bhno=F04|acno=0129354|suba=|FC=N,RA003)
20260827 21:55:42.563 return: 100
20260827 21:55:42.563 ReportQuery(F,F04,0129354,,0,*,1)
20260827 21:55:42.563 return: 100
20260827 21:55:42.563 DealQuery(F,F04,0129354,,*)
20260827 21:55:42.563 return: 100
20260827 21:55:42.563 UserDefinsFunc(Func=RA003|bhno=F04|acno=0129354|suba=|FC=N,RA003)
20260827 21:55:42.563 return: 100
20260827 21:55:42.563 OnDealQuery(0):
20260827 21:55:42.583 ReportQuery(F,F04,0129354,,0,*,1)
20260827 21:55:42.583 return: 100
20260827 21:55:42.583 DealQuery(F,F04,0129354,,*)
20260827 21:55:42.584 return: 100
20260827 21:55:42.584 UserDefinsFunc(Func=RA003|bhno=F04|acno=0129354|suba=|FC=N,RA003)
20260827 21:55:42.584 return: 100
20260827 21:55:42.584 ReportQuery(F,F04,0129354,,0,*,1)
20260827 21:55:42.585 return: 100
20260827 21:55:42.585 DealQuery(F,F04,0129354,,*)
20260827 21:55:42.585 return: 100
20260827 21:55:42.585 UserDefinsFunc(Func=RA003|bhno=F04|acno=0129354|suba=|FC=N,RA003)
20260827 21:55:42.585 return: 100
20260827 21:55:42.585 OnReportQuery(0):
20260827 21:55:42.586 OnUserDefinsFuncResult(0):retc=00001|time=215542|emsg=查無資料 (0)|caltime=2026/08/27 21:55:42
WorkID=RA003
20260827 21:55:42.594 ReportQuery(F,F04,0129354,,0,*,1)
20260827 21:55:42.594 return: 100
20260827 21:55:42.594 DealQuery(F,F04,0129354,,*)
20260827 21:55:42.595 return: 100
20260827 21:55:42.595 UserDefinsFunc(Func=RA003|bhno=F04|acno=0129354|suba=|FC=N,RA003)
20260827 21:55:42.595 return: 100
20260827 21:55:42.595 ReportQuery(F,F04,0129354,,0,*,1)
20260827 21:55:42.595 return: 100
20260827 21:55:42.595 DealQuery(F,F04,0129354,,*)
20260827 21:55:42.596 return: 100
20260827 21:55:42.596 UserDefinsFunc(Func=RA003|bhno=F04|acno=0129354|suba=|FC=N,RA003)
20260827 21:55:42.596 return: 100
20260827 21:55:42.607 ReportQuery(F,F04,0129354,,0,*,1)
20260827 21:55:42.607 return: 100
20260827 21:55:42.607 DealQuery(F,F04,0129354,,*)
20260827 21:55:42.609 return: 100
20260827 21:55:42.609 UserDefinsFunc(Func=RA003|bhno=F04|acno=0129354|suba=|FC=N,RA003)
20260827 21:55:42.616 return: 100
20260827 21:55:42.616 ReportQuery(F,F04,0129354,,0,*,1)
20260827 21:55:42.618 return: 100
20260827 21:55:42.618 DealQuery(F,F04,0129354,,*)
20260827 21:55:42.619 return: 100
20260827 21:55:42.619 UserDefinsFunc(Func=RA003|bhno=F04|acno=0129354|suba=|FC=N,RA003)
20260827 21:55:42.619 return: 100
20260827 21:55:42.622 OnDealQuery(0):
20260827 21:55:42.630 ReportQuery(F,F04,0129354,,0,*,1)
20260827 21:55:42.632 return: 100
20260827 21:55:42.632 DealQuery(F,F04,0129354,,*)
20260827 21:55:42.633 return: 100
20260827 21:55:42.633 UserDefinsFunc(Func=RA003|bhno=F04|acno=0129354|suba=|FC=N,RA003)
20260827 21:55:42.633 return: 100
20260827 21:55:42.633 ReportQuery(F,F04,0129354,,0,*,1)
20260827 21:55:42.634 return: 100
20260827 21:55:42.634 DealQuery(F,F04,0129354,,*)
20260827 21:55:42.634 return: 100
20260827 21:55:42.634 UserDefinsFunc(Func=RA003|bhno=F04|acno=0129354|suba=|FC=N,RA003)
20260827 21:55:42.634 return: 100
20260827 21:55:42.657 OnUserDefinsFuncResult(0):retc=00001|time=215542|emsg=查無資料 (0)|caltime=2026/08/27 21:55:42
WorkID=RA003
20260827 21:55:42.657 OnReportQuery(0):
20260827 21:55:42.663 ReportQuery(F,F04,0129354,,0,*,1)
20260827 21:55:42.663 return: 100
20260827 21:55:42.664 DealQuery(F,F04,0129354,,*)
20260827 21:55:42.664 return: 100
20260827 21:55:42.665 UserDefinsFunc(Func=RA003|bhno=F04|acno=0129354|suba=|FC=N,RA003)
20260827 21:55:42.667 return: 100
20260827 21:55:42.668 ReportQuery(F,F04,0129354,,0,*,1)
20260827 21:55:42.668 return: 100
20260827 21:55:42.668 DealQuery(F,F04,0129354,,*)
20260827 21:55:42.671 return: 100
20260827 21:55:42.671 UserDefinsFunc(Func=RA003|bhno=F04|acno=0129354|suba=|FC=N,RA003)
20260827 21:55:42.672 return: 100
20260827 21:55:42.675 OnDealQuery(0):
20260827 21:55:42.675 OnReportQuery(0):
20260827 21:55:42.676 OnDealQuery(0):
20260827 21:55:42.689 ReportQuery(F,F04,0129354,,0,*,1)
20260827 21:55:42.690 return: 100
20260827 21:55:42.691 DealQuery(F,F04,0129354,,*)
20260827 21:55:42.692 return: 100
20260827 21:55:42.692 UserDefinsFunc(Func=RA003|bhno=F04|acno=0129354|suba=|FC=N,RA003)
20260827 21:55:42.692 return: 100
20260827 21:55:42.692 ReportQuery(F,F04,0129354,,0,*,1)
20260827 21:55:42.693 return: 100
20260827 21:55:42.693 DealQuery(F,F04,0129354,,*)
20260827 21:55:42.693 return: 100
20260827 21:55:42.693 UserDefinsFunc(Func=RA003|bhno=F04|acno=0129354|suba=|FC=N,RA003)
20260827 21:55:42.694 return: 100
20260827 21:55:42.708 OnReportQuery(0):
20260827 21:55:42.708 OnDealQuery(0):
20260827 21:55:42.709 OnReportQuery(0):
20260827 21:55:42.709 OnDealQuery(0):
20260827 21:55:42.709 OnReportQuery(0):
20260827 21:55:42.709 OnUserDefinsFuncResult(0):retc=00001|time=215542|emsg=查無資料 (0)|caltime=2026/08/27 21:55:42
WorkID=RA003
20260827 21:55:42.709 OnDealQuery(0):
20260827 21:55:42.710 OnReportQuery(0):
20260827 21:55:42.711 OnUserDefinsFuncResult(0):retc=00001|time=215542|emsg=查無資料 (0)|caltime=2026/08/27 21:55:42
WorkID=RA003
20260827 21:55:42.711 OnDealQuery(0):
20260827 21:55:42.711 OnUserDefinsFuncResult(0):retc=00001|time=215542|emsg=查無資料 (0)|caltime=2026/08/27 21:55:42
WorkID=RA003
20260827 21:55:42.712 OnUserDefinsFuncResult(0):retc=00001|time=215542|emsg=查無資料 (0)|caltime=2026/08/27 21:55:42
WorkID=RA003
20260827 21:55:42.712 ReportQuery(F,F04,0129354,,0,*,1)
20260827 21:55:42.712 OnUserDefinsFuncResult(0):retc=00001|time=215542|emsg=查無資料 (0)|caltime=2026/08/27 21:55:42
WorkID=RA003
20260827 21:55:42.712 OnReportQuery(0):
20260827 21:55:42.712 return: 100
20260827 21:55:42.712 DealQuery(F,F04,0129354,,*)
20260827 21:55:42.713 return: 100
20260827 21:55:42.714 UserDefinsFunc(Func=RA003|bhno=F04|acno=0129354|suba=|FC=N,RA003)
20260827 21:55:42.714 return: 100
20260827 21:55:42.715 ReportQuery(F,F04,0129354,,0,*,1)
20260827 21:55:42.715 return: 100
20260827 21:55:42.716 DealQuery(F,F04,0129354,,*)
20260827 21:55:42.716 return: 100
20260827 21:55:42.717 UserDefinsFunc(Func=RA003|bhno=F04|acno=0129354|suba=|FC=N,RA003)
20260827 21:55:42.718 return: 100
20260827 21:55:42.729 ReportQuery(F,F04,0129354,,0,*,1)
20260827 21:55:42.729 return: 100
20260827 21:55:42.729 DealQuery(F,F04,0129354,,*)
20260827 21:55:42.730 return: 100
20260827 21:55:42.730 UserDefinsFunc(Func=RA003|bhno=F04|acno=0129354|suba=|FC=N,RA003)
20260827 21:55:42.730 return: 100
20260827 21:55:42.730 ReportQuery(F,F04,0129354,,0,*,1)
20260827 21:55:42.730 return: 100
20260827 21:55:42.730 DealQuery(F,F04,0129354,,*)
20260827 21:55:42.730 return: 100
20260827 21:55:42.730 UserDefinsFunc(Func=RA003|bhno=F04|acno=0129354|suba=|FC=N,RA003)
20260827 21:55:42.731 return: 100
20260827 21:55:42.743 ReportQuery(F,F04,0129354,,0,*,1)
20260827 21:55:42.743 return: 100
20260827 21:55:42.743 DealQuery(F,F04,0129354,,*)
20260827 21:55:42.744 return: 100
20260827 21:55:42.744 UserDefinsFunc(Func=RA003|bhno=F04|acno=0129354|suba=|FC=N,RA003)
20260827 21:55:42.744 return: 100
20260827 21:55:42.744 ReportQuery(F,F04,0129354,,0,*,1)
20260827 21:55:42.744 return: 100
20260827 21:55:42.746 DealQuery(F,F04,0129354,,*)
20260827 21:55:42.746 return: 100
20260827 21:55:42.746 UserDefinsFunc(Func=RA003|bhno=F04|acno=0129354|suba=|FC=N,RA003)
20260827 21:55:42.746 return: 100
20260827 21:55:42.757 ReportQuery(F,F04,0129354,,0,*,1)
20260827 21:55:42.757 return: 100
20260827 21:55:42.757 DealQuery(F,F04,0129354,,*)
20260827 21:55:42.758 return: 100
20260827 21:55:42.758 UserDefinsFunc(Func=RA003|bhno=F04|acno=0129354|suba=|FC=N,RA003)
20260827 21:55:42.758 return: 100
20260827 21:55:42.758 ReportQuery(F,F04,0129354,,0,*,1)
20260827 21:55:42.758 return: 100
20260827 21:55:42.758 DealQuery(F,F04,0129354,,*)
20260827 21:55:42.759 return: 100
20260827 21:55:42.759 UserDefinsFunc(Func=RA003|bhno=F04|acno=0129354|suba=|FC=N,RA003)
20260827 21:55:42.759 return: 100
20260827 21:55:42.763 OnDealQuery(0):
20260827 21:55:42.763 OnDealQuery(0):
20260827 21:55:42.763 OnDealQuery(0):
20260827 21:55:42.763 OnReportQuery(0):
20260827 21:55:42.769 OnReportQuery(0):
20260827 21:55:42.769 OnReportQuery(0):
20260827 21:55:42.769 OnUserDefinsFuncResult(0):retc=00001|time=215542|emsg=查無資料 (0)|caltime=2026/08/27 21:55:42
WorkID=RA003
20260827 21:55:42.769 OnUserDefinsFuncResult(0):retc=00001|time=215542|emsg=查無資料 (0)|caltime=2026/08/27 21:55:42
WorkID=RA003
20260827 21:55:42.770 OnUserDefinsFuncResult(0):retc=00001|time=215542|emsg=查無資料 (0)|caltime=2026/08/27 21:55:42
WorkID=RA003
20260827 21:55:42.770 OnUserDefinsFuncResult(0):retc=00001|time=215542|emsg=查無資料 (0)|caltime=2026/08/27 21:55:42
WorkID=RA003
20260827 21:55:42.770 OnDealQuery(0):
20260827 21:55:42.770 ReportQuery(F,F04,0129354,,0,*,1)
20260827 21:55:42.770 OnReportQuery(0):
20260827 21:55:42.770 return: 100
20260827 21:55:42.771 DealQuery(F,F04,0129354,,*)
20260827 21:55:42.771 return: 100
20260827 21:55:42.771 UserDefinsFunc(Func=RA003|bhno=F04|acno=0129354|suba=|FC=N,RA003)
20260827 21:55:42.771 return: 100
20260827 21:55:42.772 ReportQuery(F,F04,0129354,,0,*,1)
20260827 21:55:42.772 return: 100
20260827 21:55:42.772 DealQuery(F,F04,0129354,,*)
20260827 21:55:42.773 return: 100
20260827 21:55:42.773 UserDefinsFunc(Func=RA003|bhno=F04|acno=0129354|suba=|FC=N,RA003)
20260827 21:55:42.773 return: 100
20260827 21:55:42.774 OnReportQuery(0):
20260827 21:55:42.774 OnDealQuery(0):
20260827 21:55:42.774 OnReportQuery(0):
20260827 21:55:42.774 OnDealQuery(0):
20260827 21:55:42.774 OnDealQuery(0):
20260827 21:55:42.785 ReportQuery(F,F04,0129354,,0,*,1)
20260827 21:55:42.786 return: 100
20260827 21:55:42.786 DealQuery(F,F04,0129354,,*)
20260827 21:55:42.787 return: 100
20260827 21:55:42.787 UserDefinsFunc(Func=RA003|bhno=F04|acno=0129354|suba=|FC=N,RA003)
20260827 21:55:42.788 return: 100
20260827 21:55:42.788 ReportQuery(F,F04,0129354,,0,*,1)
20260827 21:55:42.788 return: 100
20260827 21:55:42.788 DealQuery(F,F04,0129354,,*)
20260827 21:55:42.788 return: 100
20260827 21:55:42.788 UserDefinsFunc(Func=RA003|bhno=F04|acno=0129354|suba=|FC=N,RA003)
20260827 21:55:42.788 return: 100
20260827 21:55:42.788 OnDealQuery(0):
20260827 21:55:42.788 OnReportQuery(0):
20260827 21:55:42.790 OnUserDefinsFuncResult(0):retc=00001|time=215542|emsg=查無資料 (0)|caltime=2026/08/27 21:55:42
WorkID=RA003
20260827 21:55:42.790 OnUserDefinsFuncResult(0):retc=00001|time=215542|emsg=查無資料 (0)|caltime=2026/08/27 21:55:42
WorkID=RA003
20260827 21:55:42.791 OnUserDefinsFuncResult(0):retc=00001|time=215542|emsg=查無資料 (0)|caltime=2026/08/27 21:55:42
WorkID=RA003
20260827 21:55:42.791 OnUserDefinsFuncResult(0):retc=00001|time=215542|emsg=查無資料 (0)|caltime=2026/08/27 21:55:42
WorkID=RA003
20260827 21:55:42.791 OnUserDefinsFuncResult(0):retc=00001|time=215542|emsg=查無資料 (0)|caltime=2026/08/27 21:55:42
WorkID=RA003
20260827 21:55:42.800 ReportQuery(F,F04,0129354,,0,*,1)
20260827 21:55:42.800 return: 100
20260827 21:55:42.801 DealQuery(F,F04,0129354,,*)
20260827 21:55:42.801 return: 100
20260827 21:55:42.801 UserDefinsFunc(Func=RA003|bhno=F04|acno=0129354|suba=|FC=N,RA003)
20260827 21:55:42.801 return: 100
20260827 21:55:42.802 ReportQuery(F,F04,0129354,,0,*,1)
20260827 21:55:42.802 return: 100
20260827 21:55:42.802 DealQuery(F,F04,0129354,,*)
20260827 21:55:42.802 return: 100
20260827 21:55:42.802 UserDefinsFunc(Func=RA003|bhno=F04|acno=0129354|suba=|FC=N,RA003)
20260827 21:55:42.802 return: 100
20260827 21:55:42.807 OnDealQuery(0):
20260827 21:55:42.807 OnReportQuery(0):
20260827 21:55:42.812 ReportQuery(F,F04,0129354,,0,*,1)
20260827 21:55:42.812 return: 100
20260827 21:55:42.812 DealQuery(F,F04,0129354,,*)
20260827 21:55:42.812 return: 100
20260827 21:55:42.813 UserDefinsFunc(Func=RA003|bhno=F04|acno=0129354|suba=|FC=N,RA003)
20260827 21:55:42.813 return: 100
20260827 21:55:42.813 ReportQuery(F,F04,0129354,,0,*,1)
20260827 21:55:42.813 return: 100
20260827 21:55:42.813 DealQuery(F,F04,0129354,,*)
20260827 21:55:42.813 return: 100
20260827 21:55:42.813 UserDefinsFunc(Func=RA003|bhno=F04|acno=0129354|suba=|FC=N,RA003)
20260827 21:55:42.813 return: 100
20260827 21:55:42.819 OnReportQuery(0):
20260827 21:55:42.819 OnDealQuery(0):
20260827 21:55:42.820 OnReportQuery(0):
20260827 21:55:42.820 OnDealQuery(0):
20260827 21:55:42.825 ReportQuery(F,F04,0129354,,0,*,1)
20260827 21:55:42.826 return: 100
20260827 21:55:42.826 DealQuery(F,F04,0129354,,*)
20260827 21:55:42.827 return: 100
20260827 21:55:42.827 UserDefinsFunc(Func=RA003|bhno=F04|acno=0129354|suba=|FC=N,RA003)
20260827 21:55:42.827 return: 100
20260827 21:55:42.827 ReportQuery(F,F04,0129354,,0,*,1)
20260827 21:55:42.827 return: 100
20260827 21:55:42.828 DealQuery(F,F04,0129354,,*)
20260827 21:55:42.828 return: 100
20260827 21:55:42.828 UserDefinsFunc(Func=RA003|bhno=F04|acno=0129354|suba=|FC=N,RA003)
20260827 21:55:42.829 return: 100
20260827 21:55:42.829 OnReportQuery(0):
20260827 21:55:42.830 OnUserDefinsFuncResult(0):retc=00001|time=215542|emsg=查無資料 (0)|caltime=2026/08/27 21:55:42
WorkID=RA003
20260827 21:55:42.831 OnUserDefinsFuncResult(0):retc=00001|time=215542|emsg=查無資料 (0)|caltime=2026/08/27 21:55:42
WorkID=RA003
20260827 21:55:42.831 OnDealQuery(0):
20260827 21:55:42.831 OnReportQuery(0):
20260827 21:55:42.841 ReportQuery(F,F04,0129354,,0,*,1)
20260827 21:55:42.841 return: 100
20260827 21:55:42.841 DealQuery(F,F04,0129354,,*)
20260827 21:55:42.842 return: 100
20260827 21:55:42.842 UserDefinsFunc(Func=RA003|bhno=F04|acno=0129354|suba=|FC=N,RA003)
20260827 21:55:42.842 return: 100
20260827 21:55:42.842 ReportQuery(F,F04,0129354,,0,*,1)
20260827 21:55:42.843 return: 100
20260827 21:55:42.843 DealQuery(F,F04,0129354,,*)
20260827 21:55:42.843 return: 100
20260827 21:55:42.843 UserDefinsFunc(Func=RA003|bhno=F04|acno=0129354|suba=|FC=N,RA003)
20260827 21:55:42.844 return: 100
20260827 21:55:42.854 ReportQuery(F,F04,0129354,,0,*,1)
20260827 21:55:42.854 return: 100
20260827 21:55:42.854 DealQuery(F,F04,0129354,,*)
20260827 21:55:42.855 return: 100
20260827 21:55:42.855 UserDefinsFunc(Func=RA003|bhno=F04|acno=0129354|suba=|FC=N,RA003)
20260827 21:55:42.855 return: 100
20260827 21:55:42.856 ReportQuery(F,F04,0129354,,0,*,1)
20260827 21:55:42.856 return: 100
20260827 21:55:42.856 DealQuery(F,F04,0129354,,*)
20260827 21:55:42.856 return: 100
20260827 21:55:42.856 UserDefinsFunc(Func=RA003|bhno=F04|acno=0129354|suba=|FC=N,RA003)
20260827 21:55:42.857 return: 100
20260827 21:55:42.861 OnDealQuery(0):
20260827 21:55:42.861 OnUserDefinsFuncResult(0):retc=00001|time=215542|emsg=查無資料 (0)|caltime=2026/08/27 21:55:42
WorkID=RA003
20260827 21:55:42.862 OnReportQuery(0):
20260827 21:55:42.862 OnDealQuery(0):
20260827 21:55:42.862 OnReportQuery(0):
20260827 21:55:42.862 OnDealQuery(0):
20260827 21:55:42.862 OnUserDefinsFuncResult(0):retc=00001|time=215542|emsg=查無資料 (0)|caltime=2026/08/27 21:55:42
WorkID=RA003
20260827 21:55:42.863 OnUserDefinsFuncResult(0):retc=00001|time=215542|emsg=查無資料 (0)|caltime=2026/08/27 21:55:42
WorkID=RA003
20260827 21:55:42.863 OnUserDefinsFuncResult(0):retc=00001|time=215542|emsg=查無資料 (0)|caltime=2026/08/27 21:55:42
WorkID=RA003
20260827 21:55:42.863 OnReportQuery(0):
20260827 21:55:42.863 OnDealQuery(0):
20260827 21:55:42.863 OnUserDefinsFuncResult(0):retc=00001|time=215542|emsg=查無資料 (0)|caltime=2026/08/27 21:55:42
WorkID=RA003
20260827 21:55:42.868 ReportQuery(F,F04,0129354,,0,*,1)
20260827 21:55:42.869 return: 100
20260827 21:55:42.869 DealQuery(F,F04,0129354,,*)
20260827 21:55:42.869 return: 100
20260827 21:55:42.870 UserDefinsFunc(Func=RA003|bhno=F04|acno=0129354|suba=|FC=N,RA003)
20260827 21:55:42.870 return: 100
20260827 21:55:42.870 ReportQuery(F,F04,0129354,,0,*,1)
20260827 21:55:42.870 return: 100
20260827 21:55:42.871 DealQuery(F,F04,0129354,,*)
20260827 21:55:42.871 return: 100
20260827 21:55:42.871 UserDefinsFunc(Func=RA003|bhno=F04|acno=0129354|suba=|FC=N,RA003)
20260827 21:55:42.871 return: 100
20260827 21:55:42.877 OnUserDefinsFuncResult(0):retc=00001|time=215542|emsg=查無資料 (0)|caltime=2026/08/27 21:55:42
WorkID=RA003
20260827 21:55:42.877 OnReportQuery(0):
20260827 21:55:42.877 OnDealQuery(0):
20260827 21:55:42.878 OnReportQuery(0):
20260827 21:55:42.878 OnDealQuery(0):
20260827 21:55:42.881 ReportQuery(F,F04,0129354,,0,*,1)
20260827 21:55:42.881 return: 100
20260827 21:55:42.883 DealQuery(F,F04,0129354,,*)
20260827 21:55:42.883 return: 100
20260827 21:55:42.883 UserDefinsFunc(Func=RA003|bhno=F04|acno=0129354|suba=|FC=N,RA003)
20260827 21:55:42.883 return: 100
20260827 21:55:42.884 ReportQuery(F,F04,0129354,,0,*,1)
20260827 21:55:42.884 return: 100
20260827 21:55:42.884 DealQuery(F,F04,0129354,,*)
20260827 21:55:42.884 return: 100
20260827 21:55:42.884 UserDefinsFunc(Func=RA003|bhno=F04|acno=0129354|suba=|FC=N,RA003)
20260827 21:55:42.884 return: 100
20260827 21:55:42.891 OnReportQuery(0):
20260827 21:55:42.891 OnDealQuery(0):
20260827 21:55:42.891 OnReportQuery(0):
20260827 21:55:42.891 OnDealQuery(0):
20260827 21:55:42.892 OnUserDefinsFuncResult(0):retc=00001|time=215542|emsg=查無資料 (0)|caltime=2026/08/27 21:55:42
WorkID=RA003
20260827 21:55:42.892 OnUserDefinsFuncResult(0):retc=00001|time=215542|emsg=查無資料 (0)|caltime=2026/08/27 21:55:42
WorkID=RA003
20260827 21:55:42.895 ReportQuery(F,F04,0129354,,0,*,1)
20260827 21:55:42.895 return: 100
20260827 21:55:42.896 DealQuery(F,F04,0129354,,*)
20260827 21:55:42.896 return: 100
20260827 21:55:42.896 UserDefinsFunc(Func=RA003|bhno=F04|acno=0129354|suba=|FC=N,RA003)
20260827 21:55:42.896 return: 100
20260827 21:55:42.896 ReportQuery(F,F04,0129354,,0,*,1)
20260827 21:55:42.896 return: 100
20260827 21:55:42.896 OnUserDefinsFuncResult(0):retc=00001|time=215542|emsg=查無資料 (0)|caltime=2026/08/27 21:55:42
WorkID=RA003
20260827 21:55:42.896 DealQuery(F,F04,0129354,,*)
20260827 21:55:42.897 return: 100
20260827 21:55:42.897 UserDefinsFunc(Func=RA003|bhno=F04|acno=0129354|suba=|FC=N,RA003)
20260827 21:55:42.897 return: 100
20260827 21:55:42.907 ReportQuery(F,F04,0129354,,0,*,1)
20260827 21:55:42.908 return: 100
20260827 21:55:42.908 DealQuery(F,F04,0129354,,*)
20260827 21:55:42.908 return: 100
20260827 21:55:42.908 UserDefinsFunc(Func=RA003|bhno=F04|acno=0129354|suba=|FC=N,RA003)
20260827 21:55:42.908 return: 100
20260827 21:55:42.908 ReportQuery(F,F04,0129354,,0,*,1)
20260827 21:55:42.909 return: 100
20260827 21:55:42.909 DealQuery(F,F04,0129354,,*)
20260827 21:55:42.909 return: 100
20260827 21:55:42.909 UserDefinsFunc(Func=RA003|bhno=F04|acno=0129354|suba=|FC=N,RA003)
20260827 21:55:42.909 return: 100
20260827 21:55:42.918 ReportQuery(F,F04,0129354,,0,*,1)
20260827 21:55:42.918 return: 100
20260827 21:55:42.919 DealQuery(F,F04,0129354,,*)
20260827 21:55:42.919 return: 100
20260827 21:55:42.919 UserDefinsFunc(Func=RA003|bhno=F04|acno=0129354|suba=|FC=N,RA003)
20260827 21:55:42.919 return: 100
20260827 21:55:42.919 ReportQuery(F,F04,0129354,,0,*,1)
20260827 21:55:42.920 return: 100
20260827 21:55:42.920 DealQuery(F,F04,0129354,,*)
20260827 21:55:42.920 return: 100
20260827 21:55:42.920 UserDefinsFunc(Func=RA003|bhno=F04|acno=0129354|suba=|FC=N,RA003)
20260827 21:55:42.922 return: 100
20260827 21:55:42.924 OnReportQuery(0):
20260827 21:55:42.926 OnDealQuery(0):
20260827 21:55:42.926 OnDealQuery(0):
20260827 21:55:42.926 OnReportQuery(0):
20260827 21:55:42.926 OnReportQuery(0):
20260827 21:55:42.928 OnDealQuery(0):
20260827 21:55:42.936 ReportQuery(F,F04,0129354,,0,*,1)
20260827 21:55:42.936 return: 100
20260827 21:55:42.936 DealQuery(F,F04,0129354,,*)
20260827 21:55:42.937 return: 100
20260827 21:55:42.937 UserDefinsFunc(Func=RA003|bhno=F04|acno=0129354|suba=|FC=N,RA003)
20260827 21:55:42.937 return: 100
20260827 21:55:42.937 ReportQuery(F,F04,0129354,,0,*,1)
20260827 21:55:42.937 return: 100
20260827 21:55:42.938 DealQuery(F,F04,0129354,,*)
20260827 21:55:42.938 return: 100
20260827 21:55:42.938 UserDefinsFunc(Func=RA003|bhno=F04|acno=0129354|suba=|FC=N,RA003)
20260827 21:55:42.938 return: 100
20260827 21:55:42.943 OnReportQuery(0):
20260827 21:55:42.943 OnDealQuery(0):
20260827 21:55:42.944 OnUserDefinsFuncResult(0):retc=00001|time=215542|emsg=查無資料 (0)|caltime=2026/08/27 21:55:42
WorkID=RA003
20260827 21:55:42.944 OnUserDefinsFuncResult(0):retc=00001|time=215542|emsg=查無資料 (0)|caltime=2026/08/27 21:55:42
WorkID=RA003
20260827 21:55:42.945 OnUserDefinsFuncResult(0):retc=00001|time=215542|emsg=查無資料 (0)|caltime=2026/08/27 21:55:42
WorkID=RA003
20260827 21:55:42.946 OnUserDefinsFuncResult(0):retc=00001|time=215542|emsg=查無資料 (0)|caltime=2026/08/27 21:55:42
WorkID=RA003
20260827 21:55:42.946 OnUserDefinsFuncResult(0):retc=00001|time=215542|emsg=查無資料 (0)|caltime=2026/08/27 21:55:42
WorkID=RA003
20260827 21:55:42.954 OnReportQuery(0):
20260827 21:55:42.954 ReportQuery(F,F04,0129354,,0,*,1)
20260827 21:55:42.954 OnDealQuery(0):
20260827 21:55:42.954 return: 100
20260827 21:55:42.955 OnDealQuery(0):
20260827 21:55:42.955 OnReportQuery(0):
20260827 21:55:42.955 DealQuery(F,F04,0129354,,*)
20260827 21:55:42.956 return: 100
20260827 21:55:42.956 UserDefinsFunc(Func=RA003|bhno=F04|acno=0129354|suba=|FC=N,RA003)
20260827 21:55:42.956 return: 100
20260827 21:55:42.957 ReportQuery(F,F04,0129354,,0,*,1)
20260827 21:55:42.957 return: 100
20260827 21:55:42.957 DealQuery(F,F04,0129354,,*)
20260827 21:55:42.957 return: 100
20260827 21:55:42.958 UserDefinsFunc(Func=RA003|bhno=F04|acno=0129354|suba=|FC=N,RA003)
20260827 21:55:42.958 return: 100
20260827 21:55:42.972 ReportQuery(F,F04,0129354,,0,*,1)
20260827 21:55:42.973 return: 100
20260827 21:55:42.973 DealQuery(F,F04,0129354,,*)
20260827 21:55:42.973 return: 100
20260827 21:55:42.973 UserDefinsFunc(Func=RA003|bhno=F04|acno=0129354|suba=|FC=N,RA003)
20260827 21:55:42.974 return: 100
20260827 21:55:42.974 ReportQuery(F,F04,0129354,,0,*,1)
20260827 21:55:42.975 return: 100
20260827 21:55:42.975 DealQuery(F,F04,0129354,,*)
20260827 21:55:42.976 return: 100
20260827 21:55:42.976 UserDefinsFunc(Func=RA003|bhno=F04|acno=0129354|suba=|FC=N,RA003)
20260827 21:55:42.976 return: 100
20260827 21:55:42.979 OnReportQuery(0):
20260827 21:55:42.979 OnDealQuery(0):
20260827 21:55:42.979 OnDealQuery(0):
20260827 21:55:42.979 OnReportQuery(0):
20260827 21:55:42.980 OnReportQuery(0):
20260827 21:55:42.980 OnUserDefinsFuncResult(0):retc=00001|time=215542|emsg=查無資料 (0)|caltime=2026/08/27 21:55:42
WorkID=RA003
20260827 21:55:42.980 OnUserDefinsFuncResult(0):retc=00001|time=215542|emsg=查無資料 (0)|caltime=2026/08/27 21:55:42
WorkID=RA003
20260827 21:55:42.980 OnDealQuery(0):
20260827 21:55:42.980 OnReportQuery(0):
20260827 21:55:42.980 OnDealQuery(0):
20260827 21:55:42.980 OnReportQuery(0):
20260827 21:55:42.989 ReportQuery(F,F04,0129354,,0,*,1)
20260827 21:55:42.989 return: 100
20260827 21:55:42.989 DealQuery(F,F04,0129354,,*)
20260827 21:55:42.989 return: 100
20260827 21:55:42.989 UserDefinsFunc(Func=RA003|bhno=F04|acno=0129354|suba=|FC=N,RA003)
20260827 21:55:42.989 return: 100
20260827 21:55:42.989 ReportQuery(F,F04,0129354,,0,*,1)
20260827 21:55:42.991 return: 100
20260827 21:55:42.991 DealQuery(F,F04,0129354,,*)
20260827 21:55:42.991 return: 100
20260827 21:55:42.991 UserDefinsFunc(Func=RA003|bhno=F04|acno=0129354|suba=|FC=N,RA003)
20260827 21:55:42.991 return: 100
20260827 21:55:43.005 ReportQuery(F,F04,0129354,,0,*,1)
20260827 21:55:43.006 return: 100
20260827 21:55:43.006 DealQuery(F,F04,0129354,,*)
20260827 21:55:43.007 return: 100
20260827 21:55:43.007 UserDefinsFunc(Func=RA003|bhno=F04|acno=0129354|suba=|FC=N,RA003)
20260827 21:55:43.008 return: 100
20260827 21:55:43.008 ReportQuery(F,F04,0129354,,0,*,1)
20260827 21:55:43.010 return: 100
20260827 21:55:43.010 DealQuery(F,F04,0129354,,*)
20260827 21:55:43.012 return: 100
20260827 21:55:43.012 UserDefinsFunc(Func=RA003|bhno=F04|acno=0129354|suba=|FC=N,RA003)
20260827 21:55:43.014 return: 100
20260827 21:55:43.016 OnDealQuery(0):
20260827 21:55:43.016 OnReportQuery(0):
20260827 21:55:43.017 OnDealQuery(0):
20260827 21:55:43.017 OnUserDefinsFuncResult(0):retc=00001|time=215542|emsg=查無資料 (0)|caltime=2026/08/27 21:55:42
WorkID=RA003
20260827 21:55:43.017 OnUserDefinsFuncResult(0):retc=00001|time=215542|emsg=查無資料 (0)|caltime=2026/08/27 21:55:42
WorkID=RA003
20260827 21:55:43.017 OnUserDefinsFuncResult(0):retc=00001|time=215542|emsg=查無資料 (0)|caltime=2026/08/27 21:55:42
WorkID=RA003
20260827 21:55:43.017 OnDealQuery(0):
20260827 21:55:43.018 OnReportQuery(0):
20260827 21:55:43.018 OnUserDefinsFuncResult(0):retc=00001|time=215542|emsg=查無資料 (0)|caltime=2026/08/27 21:55:42
WorkID=RA003
20260827 21:55:43.018 OnUserDefinsFuncResult(0):retc=00001|time=215542|emsg=查無資料 (0)|caltime=2026/08/27 21:55:42
WorkID=RA003
20260827 21:55:43.018 OnDealQuery(0):
20260827 21:55:43.018 OnReportQuery(0):
20260827 21:55:43.018 OnReportQuery(0):
20260827 21:55:43.018 OnDealQuery(0):
20260827 21:55:43.019 OnReportQuery(0):
20260827 21:55:43.019 OnUserDefinsFuncResult(0):retc=00001|time=215542|emsg=查無資料 (0)|caltime=2026/08/27 21:55:42
WorkID=RA003
20260827 21:55:43.019 OnUserDefinsFuncResult(0):retc=00001|time=215542|emsg=查無資料 (0)|caltime=2026/08/27 21:55:42
WorkID=RA003
20260827 21:55:43.020 OnUserDefinsFuncResult(0):retc=00001|time=215542|emsg=查無資料 (0)|caltime=2026/08/27 21:55:42
WorkID=RA003
20260827 21:55:43.020 OnUserDefinsFuncResult(0):retc=00001|time=215542|emsg=查無資料 (0)|caltime=2026/08/27 21:55:42
WorkID=RA003
20260827 21:55:43.020 OnDealQuery(0):
20260827 21:55:43.024 ReportQuery(F,F04,0129354,,0,*,1)
20260827 21:55:43.024 return: 100
20260827 21:55:43.024 DealQuery(F,F04,0129354,,*)
20260827 21:55:43.024 return: 100
20260827 21:55:43.024 UserDefinsFunc(Func=RA003|bhno=F04|acno=0129354|suba=|FC=N,RA003)
20260827 21:55:43.024 return: 100
20260827 21:55:43.024 ReportQuery(F,F04,0129354,,0,*,1)
20260827 21:55:43.024 return: 100
20260827 21:55:43.024 DealQuery(F,F04,0129354,,*)
20260827 21:55:43.029 return: 100
20260827 21:55:43.029 UserDefinsFunc(Func=RA003|bhno=F04|acno=0129354|suba=|FC=N,RA003)
20260827 21:55:43.029 return: 100
20260827 21:55:43.040 ReportQuery(F,F04,0129354,,0,*,1)
20260827 21:55:43.041 return: 100
20260827 21:55:43.041 DealQuery(F,F04,0129354,,*)
20260827 21:55:43.041 return: 100
20260827 21:55:43.042 UserDefinsFunc(Func=RA003|bhno=F04|acno=0129354|suba=|FC=N,RA003)
20260827 21:55:43.042 return: 100
20260827 21:55:43.042 ReportQuery(F,F04,0129354,,0,*,1)
20260827 21:55:43.042 return: 100
20260827 21:55:43.043 DealQuery(F,F04,0129354,,*)
20260827 21:55:43.043 return: 100
20260827 21:55:43.043 UserDefinsFunc(Func=RA003|bhno=F04|acno=0129354|suba=|FC=N,RA003)
20260827 21:55:43.043 return: 100
20260827 21:55:43.052 ReportQuery(F,F04,0129354,,0,*,1)
20260827 21:55:43.052 return: 100
20260827 21:55:43.052 DealQuery(F,F04,0129354,,*)
20260827 21:55:43.054 return: 100
20260827 21:55:43.054 UserDefinsFunc(Func=RA003|bhno=F04|acno=0129354|suba=|FC=N,RA003)
20260827 21:55:43.054 return: 100
20260827 21:55:43.055 ReportQuery(F,F04,0129354,,0,*,1)
20260827 21:55:43.055 return: 100
20260827 21:55:43.056 DealQuery(F,F04,0129354,,*)
20260827 21:55:43.056 return: 100
20260827 21:55:43.056 UserDefinsFunc(Func=RA003|bhno=F04|acno=0129354|suba=|FC=N,RA003)
20260827 21:55:43.057 return: 100
20260827 21:55:43.069 ReportQuery(F,F04,0129354,,0,*,1)
20260827 21:55:43.069 return: 100
20260827 21:55:43.069 DealQuery(F,F04,0129354,,*)
20260827 21:55:43.069 return: 100
20260827 21:55:43.071 UserDefinsFunc(Func=RA003|bhno=F04|acno=0129354|suba=|FC=N,RA003)
20260827 21:55:43.071 return: 100
20260827 21:55:43.071 ReportQuery(F,F04,0129354,,0,*,1)
20260827 21:55:43.072 return: 100
20260827 21:55:43.072 DealQuery(F,F04,0129354,,*)
20260827 21:55:43.072 return: 100
20260827 21:55:43.072 UserDefinsFunc(Func=RA003|bhno=F04|acno=0129354|suba=|FC=N,RA003)
20260827 21:55:43.073 return: 100
20260827 21:55:43.075 OnReportQuery(0):
20260827 21:55:43.076 OnDealQuery(0):
20260827 21:55:43.076 OnUserDefinsFuncResult(0):retc=00001|time=215543|emsg=查無資料 (0)|caltime=2026/08/27 21:55:43
WorkID=RA003
20260827 21:55:43.076 OnUserDefinsFuncResult(0):retc=00001|time=215543|emsg=查無資料 (0)|caltime=2026/08/27 21:55:43
WorkID=RA003
20260827 21:55:43.076 OnReportQuery(0):
20260827 21:55:43.076 OnDealQuery(0):
20260827 21:55:43.077 OnReportQuery(0):
20260827 21:55:43.077 OnDealQuery(0):
20260827 21:55:43.077 OnDealQuery(0):
20260827 21:55:43.077 OnReportQuery(0):
20260827 21:55:43.077 OnUserDefinsFuncResult(0):retc=00001|time=215543|emsg=查無資料 (0)|caltime=2026/08/27 21:55:43
WorkID=RA003
20260827 21:55:43.078 OnUserDefinsFuncResult(0):retc=00001|time=215543|emsg=查無資料 (0)|caltime=2026/08/27 21:55:43
WorkID=RA003
20260827 21:55:43.079 OnReportQuery(0):
20260827 21:55:43.080 OnDealQuery(0):
20260827 21:55:43.080 OnReportQuery(0):
20260827 21:55:43.086 ReportQuery(F,F04,0129354,,0,*,1)
20260827 21:55:43.086 return: 100
20260827 21:55:43.086 DealQuery(F,F04,0129354,,*)
20260827 21:55:43.087 return: 100
20260827 21:55:43.087 UserDefinsFunc(Func=RA003|bhno=F04|acno=0129354|suba=|FC=N,RA003)
20260827 21:55:43.087 return: 100
20260827 21:55:43.087 ReportQuery(F,F04,0129354,,0,*,1)
20260827 21:55:43.087 return: 100
20260827 21:55:43.088 DealQuery(F,F04,0129354,,*)
20260827 21:55:43.088 return: 100
20260827 21:55:43.088 UserDefinsFunc(Func=RA003|bhno=F04|acno=0129354|suba=|FC=N,RA003)
20260827 21:55:43.088 return: 100
20260827 21:55:43.099 ReportQuery(F,F04,0129354,,0,*,1)
20260827 21:55:43.099 return: 100
20260827 21:55:43.099 DealQuery(F,F04,0129354,,*)
20260827 21:55:43.100 return: 100
20260827 21:55:43.100 UserDefinsFunc(Func=RA003|bhno=F04|acno=0129354|suba=|FC=N,RA003)
20260827 21:55:43.100 return: 100
20260827 21:55:43.100 ReportQuery(F,F04,0129354,,0,*,1)
20260827 21:55:43.100 return: 100
20260827 21:55:43.100 DealQuery(F,F04,0129354,,*)
20260827 21:55:43.101 return: 100
20260827 21:55:43.101 UserDefinsFunc(Func=RA003|bhno=F04|acno=0129354|suba=|FC=N,RA003)
20260827 21:55:43.101 return: 100
20260827 21:55:43.111 ReportQuery(F,F04,0129354,,0,*,1)
20260827 21:55:43.112 return: 100
20260827 21:55:43.112 DealQuery(F,F04,0129354,,*)
20260827 21:55:43.112 return: 100
20260827 21:55:43.112 UserDefinsFunc(Func=RA003|bhno=F04|acno=0129354|suba=|FC=N,RA003)
20260827 21:55:43.112 return: 100
20260827 21:55:43.112 ReportQuery(F,F04,0129354,,0,*,1)
20260827 21:55:43.112 return: 100
20260827 21:55:43.112 DealQuery(F,F04,0129354,,*)
20260827 21:55:43.114 return: 100
20260827 21:55:43.114 UserDefinsFunc(Func=RA003|bhno=F04|acno=0129354|suba=|FC=N,RA003)
20260827 21:55:43.114 return: 100
20260827 21:55:43.124 ReportQuery(F,F04,0129354,,0,*,1)
20260827 21:55:43.124 return: 100
20260827 21:55:43.124 DealQuery(F,F04,0129354,,*)
20260827 21:55:43.125 return: 100
20260827 21:55:43.125 UserDefinsFunc(Func=RA003|bhno=F04|acno=0129354|suba=|FC=N,RA003)
20260827 21:55:43.125 return: 100
20260827 21:55:43.125 ReportQuery(F,F04,0129354,,0,*,1)
20260827 21:55:43.125 return: 100
20260827 21:55:43.126 DealQuery(F,F04,0129354,,*)
20260827 21:55:43.126 return: 100
20260827 21:55:43.126 UserDefinsFunc(Func=RA003|bhno=F04|acno=0129354|suba=|FC=N,RA003)
20260827 21:55:43.126 return: 100
20260827 21:55:43.135 ReportQuery(F,F04,0129354,,0,*,1)
20260827 21:55:43.135 return: 100
20260827 21:55:43.136 DealQuery(F,F04,0129354,,*)
20260827 21:55:43.136 return: 100
20260827 21:55:43.136 UserDefinsFunc(Func=RA003|bhno=F04|acno=0129354|suba=|FC=N,RA003)
20260827 21:55:43.137 return: 100
20260827 21:55:43.137 ReportQuery(F,F04,0129354,,0,*,1)
20260827 21:55:43.138 return: 100
20260827 21:55:43.138 DealQuery(F,F04,0129354,,*)
20260827 21:55:43.138 return: 100
20260827 21:55:43.138 UserDefinsFunc(Func=RA003|bhno=F04|acno=0129354|suba=|FC=N,RA003)
20260827 21:55:43.139 return: 100
20260827 21:55:43.148 ReportQuery(F,F04,0129354,,0,*,1)
20260827 21:55:43.149 return: 100
20260827 21:55:43.149 DealQuery(F,F04,0129354,,*)
20260827 21:55:43.150 return: 100
20260827 21:55:43.150 UserDefinsFunc(Func=RA003|bhno=F04|acno=0129354|suba=|FC=N,RA003)
20260827 21:55:43.151 return: 100
20260827 21:55:43.152 ReportQuery(F,F04,0129354,,0,*,1)
20260827 21:55:43.152 return: 100
20260827 21:55:43.152 DealQuery(F,F04,0129354,,*)
20260827 21:55:43.153 return: 100
20260827 21:55:43.153 UserDefinsFunc(Func=RA003|bhno=F04|acno=0129354|suba=|FC=N,RA003)
20260827 21:55:43.154 return: 100
20260827 21:55:43.166 ReportQuery(F,F04,0129354,,0,*,1)
20260827 21:55:43.167 return: 100
20260827 21:55:43.167 DealQuery(F,F04,0129354,,*)
20260827 21:55:43.168 return: 100
20260827 21:55:43.168 UserDefinsFunc(Func=RA003|bhno=F04|acno=0129354|suba=|FC=N,RA003)
20260827 21:55:43.168 return: 100
20260827 21:55:43.169 ReportQuery(F,F04,0129354,,0,*,1)
20260827 21:55:43.169 return: 100
20260827 21:55:43.169 DealQuery(F,F04,0129354,,*)
20260827 21:55:43.170 return: 100
20260827 21:55:43.171 UserDefinsFunc(Func=RA003|bhno=F04|acno=0129354|suba=|FC=N,RA003)
20260827 21:55:43.171 return: 100
20260827 21:55:43.182 ReportQuery(F,F04,0129354,,0,*,1)
20260827 21:55:43.183 return: 100
20260827 21:55:43.183 DealQuery(F,F04,0129354,,*)
20260827 21:55:43.184 return: 100
20260827 21:55:43.184 UserDefinsFunc(Func=RA003|bhno=F04|acno=0129354|suba=|FC=N,RA003)
20260827 21:55:43.185 return: 100
20260827 21:55:43.185 ReportQuery(F,F04,0129354,,0,*,1)
20260827 21:55:43.187 return: 100
20260827 21:55:43.187 DealQuery(F,F04,0129354,,*)
20260827 21:55:43.189 return: 100
20260827 21:55:43.189 UserDefinsFunc(Func=RA003|bhno=F04|acno=0129354|suba=|FC=N,RA003)
20260827 21:55:43.189 return: 100
20260827 21:55:43.197 ReportQuery(F,F04,0129354,,0,*,1)
20260827 21:55:43.197 return: 100
20260827 21:55:43.198 DealQuery(F,F04,0129354,,*)
20260827 21:55:43.198 return: 100
20260827 21:55:43.198 UserDefinsFunc(Func=RA003|bhno=F04|acno=0129354|suba=|FC=N,RA003)
20260827 21:55:43.198 return: 100
20260827 21:55:43.198 ReportQuery(F,F04,0129354,,0,*,1)
20260827 21:55:43.198 return: 100
20260827 21:55:43.199 DealQuery(F,F04,0129354,,*)
20260827 21:55:43.201 return: 100
20260827 21:55:43.201 UserDefinsFunc(Func=RA003|bhno=F04|acno=0129354|suba=|FC=N,RA003)
20260827 21:55:43.203 return: 100
20260827 21:55:43.211 ReportQuery(F,F04,0129354,,0,*,1)
20260827 21:55:43.213 return: 100
20260827 21:55:43.213 DealQuery(F,F04,0129354,,*)
20260827 21:55:43.213 return: 100
20260827 21:55:43.213 UserDefinsFunc(Func=RA003|bhno=F04|acno=0129354|suba=|FC=N,RA003)
20260827 21:55:43.214 return: 100
20260827 21:55:43.214 ReportQuery(F,F04,0129354,,0,*,1)
20260827 21:55:43.215 return: 100
20260827 21:55:43.215 DealQuery(F,F04,0129354,,*)
20260827 21:55:43.215 return: 100
20260827 21:55:43.216 UserDefinsFunc(Func=RA003|bhno=F04|acno=0129354|suba=|FC=N,RA003)
20260827 21:55:43.216 return: 100
20260827 21:55:43.224 ReportQuery(F,F04,0129354,,0,*,1)
20260827 21:55:43.224 return: 100
20260827 21:55:43.224 DealQuery(F,F04,0129354,,*)
20260827 21:55:43.224 return: 100
20260827 21:55:43.224 UserDefinsFunc(Func=RA003|bhno=F04|acno=0129354|suba=|FC=N,RA003)
20260827 21:55:43.229 return: 100
20260827 21:55:43.229 ReportQuery(F,F04,0129354,,0,*,1)
20260827 21:55:43.229 return: 100
20260827 21:55:43.229 DealQuery(F,F04,0129354,,*)
20260827 21:55:43.229 return: 100
20260827 21:55:43.229 UserDefinsFunc(Func=RA003|bhno=F04|acno=0129354|suba=|FC=N,RA003)
20260827 21:55:43.229 return: 100
20260827 21:55:43.229 OnDealQuery(0):
20260827 21:55:43.229 OnUserDefinsFuncResult(0):retc=00001|time=215543|emsg=查無資料 (0)|caltime=2026/08/27 21:55:43
WorkID=RA003
20260827 21:55:43.229 OnUserDefinsFuncResult(0):retc=00001|time=215543|emsg=查無資料 (0)|caltime=2026/08/27 21:55:43
WorkID=RA003
20260827 21:55:43.229 OnUserDefinsFuncResult(0):retc=00001|time=215543|emsg=查無資料 (0)|caltime=2026/08/27 21:55:43
WorkID=RA003
20260827 21:55:43.229 OnDealQuery(0):
20260827 21:55:43.229 OnReportQuery(0):
20260827 21:55:43.229 OnReportQuery(0):
20260827 21:55:43.229 OnDealQuery(0):
20260827 21:55:43.229 OnUserDefinsFuncResult(0):retc=00001|time=215543|emsg=查無資料 (0)|caltime=2026/08/27 21:55:43
WorkID=RA003
20260827 21:55:43.229 OnUserDefinsFuncResult(0):retc=00001|time=215543|emsg=查無資料 (0)|caltime=2026/08/27 21:55:43
WorkID=RA003
20260827 21:55:43.229 ReportQuery(F,F04,0129354,,0,*,1)
20260827 21:55:43.229 return: 100
20260827 21:55:43.241 DealQuery(F,F04,0129354,,*)
20260827 21:55:43.241 OnReportQuery(0):
20260827 21:55:43.241 return: 100
20260827 21:55:43.241 UserDefinsFunc(Func=RA003|bhno=F04|acno=0129354|suba=|FC=N,RA003)
20260827 21:55:43.241 return: 100
20260827 21:55:43.242 ReportQuery(F,F04,0129354,,0,*,1)
20260827 21:55:43.242 return: 100
20260827 21:55:43.242 OnDealQuery(0):
20260827 21:55:43.242 DealQuery(F,F04,0129354,,*)
20260827 21:55:43.242 return: 100
20260827 21:55:43.242 OnReportQuery(0):
20260827 21:55:43.243 UserDefinsFunc(Func=RA003|bhno=F04|acno=0129354|suba=|FC=N,RA003)
20260827 21:55:43.243 OnDealQuery(0):
20260827 21:55:43.243 return: 100
20260827 21:55:43.252 ReportQuery(F,F04,0129354,,0,*,1)
20260827 21:55:43.252 return: 100
20260827 21:55:43.252 DealQuery(F,F04,0129354,,*)
20260827 21:55:43.252 return: 100
20260827 21:55:43.252 UserDefinsFunc(Func=RA003|bhno=F04|acno=0129354|suba=|FC=N,RA003)
20260827 21:55:43.252 return: 100
20260827 21:55:43.253 ReportQuery(F,F04,0129354,,0,*,1)
20260827 21:55:43.253 return: 100
20260827 21:55:43.253 DealQuery(F,F04,0129354,,*)
20260827 21:55:43.253 return: 100
20260827 21:55:43.254 UserDefinsFunc(Func=RA003|bhno=F04|acno=0129354|suba=|FC=N,RA003)
20260827 21:55:43.254 return: 100
20260827 21:55:43.258 OnReportQuery(0):
20260827 21:55:43.258 OnDealQuery(0):
20260827 21:55:43.258 OnUserDefinsFuncResult(0):retc=00001|time=215543|emsg=查無資料 (0)|caltime=2026/08/27 21:55:43
WorkID=RA003
20260827 21:55:43.258 OnUserDefinsFuncResult(0):retc=00001|time=215543|emsg=查無資料 (0)|caltime=2026/08/27 21:55:43
WorkID=RA003
20260827 21:55:43.259 ReportQuery(F,F04,0129354,,0,*,1)
20260827 21:55:43.259 return: 100
20260827 21:55:43.259 DealQuery(F,F04,0129354,,*)
20260827 21:55:43.259 return: 100
20260827 21:55:43.259 UserDefinsFunc(Func=RA003|bhno=F04|acno=0129354|suba=|FC=N,RA003)
20260827 21:55:43.259 return: 100
20260827 21:55:43.259 ReportQuery(F,F04,0129354,,0,*,1)
20260827 21:55:43.259 return: 100
20260827 21:55:43.259 DealQuery(F,F04,0129354,,*)
20260827 21:55:43.259 return: 100
20260827 21:55:43.259 UserDefinsFunc(Func=RA003|bhno=F04|acno=0129354|suba=|FC=N,RA003)
20260827 21:55:43.259 return: 100
20260827 21:55:43.259 OnUserDefinsFuncResult(0):retc=00001|time=215543|emsg=查無資料 (0)|caltime=2026/08/27 21:55:43
WorkID=RA003
20260827 21:55:43.259 ReportQuery(F,F04,0129354,,0,*,1)
20260827 21:55:43.259 return: 100
20260827 21:55:43.259 DealQuery(F,F04,0129354,,*)
20260827 21:55:43.259 return: 100
20260827 21:55:43.259 UserDefinsFunc(Func=RA003|bhno=F04|acno=0129354|suba=|FC=N,RA003)
20260827 21:55:43.259 return: 100
20260827 21:55:43.259 ReportQuery(F,F04,0129354,,0,*,1)
20260827 21:55:43.259 return: 100
20260827 21:55:43.259 DealQuery(F,F04,0129354,,*)
20260827 21:55:43.259 return: 100
20260827 21:55:43.259 UserDefinsFunc(Func=RA003|bhno=F04|acno=0129354|suba=|FC=N,RA003)
20260827 21:55:43.259 return: 100
20260827 21:55:43.281 ReportQuery(F,F04,0129354,,0,*,1)
20260827 21:55:43.281 return: 100
20260827 21:55:43.281 DealQuery(F,F04,0129354,,*)
20260827 21:55:43.281 return: 100
20260827 21:55:43.281 UserDefinsFunc(Func=RA003|bhno=F04|acno=0129354|suba=|FC=N,RA003)
20260827 21:55:43.281 return: 100
20260827 21:55:43.281 ReportQuery(F,F04,0129354,,0,*,1)
20260827 21:55:43.281 return: 100
20260827 21:55:43.281 DealQuery(F,F04,0129354,,*)
20260827 21:55:43.281 return: 100
20260827 21:55:43.281 UserDefinsFunc(Func=RA003|bhno=F04|acno=0129354|suba=|FC=N,RA003)
20260827 21:55:43.281 return: 100
20260827 21:55:43.292 ReportQuery(F,F04,0129354,,0,*,1)
20260827 21:55:43.292 return: 100
20260827 21:55:43.292 DealQuery(F,F04,0129354,,*)
20260827 21:55:43.293 return: 100
20260827 21:55:43.293 UserDefinsFunc(Func=RA003|bhno=F04|acno=0129354|suba=|FC=N,RA003)
20260827 21:55:43.293 return: 100
20260827 21:55:43.294 ReportQuery(F,F04,0129354,,0,*,1)
20260827 21:55:43.294 return: 100
20260827 21:55:43.294 DealQuery(F,F04,0129354,,*)
20260827 21:55:43.294 return: 100
20260827 21:55:43.294 UserDefinsFunc(Func=RA003|bhno=F04|acno=0129354|suba=|FC=N,RA003)
20260827 21:55:43.294 return: 100
20260827 21:55:43.301 OnReportQuery(0):
20260827 21:55:43.301 ReportQuery(F,F04,0129354,,0,*,1)
20260827 21:55:43.301 return: 100
20260827 21:55:43.301 OnDealQuery(0):
20260827 21:55:43.301 DealQuery(F,F04,0129354,,*)
20260827 21:55:43.301 OnReportQuery(0):
20260827 21:55:43.301 return: 100
20260827 21:55:43.301 OnReportQuery(0):
20260827 21:55:43.301 OnDealQuery(0):
20260827 21:55:43.301 UserDefinsFunc(Func=RA003|bhno=F04|acno=0129354|suba=|FC=N,RA003)
20260827 21:55:43.301 OnDealQuery(0):
20260827 21:55:43.301 return: 100
20260827 21:55:43.301 OnDealQuery(0):
20260827 21:55:43.301 ReportQuery(F,F04,0129354,,0,*,1)
20260827 21:55:43.301 OnDealQuery(0):
20260827 21:55:43.301 return: 100
20260827 21:55:43.301 DealQuery(F,F04,0129354,,*)
20260827 21:55:43.301 OnDealQuery(0):
20260827 21:55:43.301 return: 100
20260827 21:55:43.301 UserDefinsFunc(Func=RA003|bhno=F04|acno=0129354|suba=|FC=N,RA003)
20260827 21:55:43.301 OnDealQuery(0):
20260827 21:55:43.301 return: 100
20260827 21:55:43.301 OnReportQuery(0):
20260827 21:55:43.301 OnReportQuery(0):
20260827 21:55:43.310 OnReportQuery(0):
20260827 21:55:43.310 OnReportQuery(0):
20260827 21:55:43.310 OnReportQuery(0):
20260827 21:55:43.312 OnDealQuery(0):
20260827 21:55:43.312 OnDealQuery(0):
20260827 21:55:43.312 OnReportQuery(0):
20260827 21:55:43.312 OnDealQuery(0):
20260827 21:55:43.312 ReportQuery(F,F04,0129354,,0,*,1)
20260827 21:55:43.312 return: 100
20260827 21:55:43.316 DealQuery(F,F04,0129354,,*)
20260827 21:55:43.316 return: 100
20260827 21:55:43.316 UserDefinsFunc(Func=RA003|bhno=F04|acno=0129354|suba=|FC=N,RA003)
20260827 21:55:43.316 return: 100
20260827 21:55:43.316 ReportQuery(F,F04,0129354,,0,*,1)
20260827 21:55:43.316 return: 100
20260827 21:55:43.316 DealQuery(F,F04,0129354,,*)
20260827 21:55:43.316 return: 100
20260827 21:55:43.316 UserDefinsFunc(Func=RA003|bhno=F04|acno=0129354|suba=|FC=N,RA003)
20260827 21:55:43.316 return: 100
20260827 21:55:43.327 ReportQuery(F,F04,0129354,,0,*,1)
20260827 21:55:43.327 return: 100
20260827 21:55:43.327 DealQuery(F,F04,0129354,,*)
20260827 21:55:43.327 return: 100
20260827 21:55:43.329 UserDefinsFunc(Func=RA003|bhno=F04|acno=0129354|suba=|FC=N,RA003)
20260827 21:55:43.329 OnReportQuery
20260827 21:55:43.329 return: (0):100
20260827 21:55:43.329 ReportQuery(F,F04,0129354,,0,*,1)
20260827 21:55:43.329 return: 100
20260827 21:55:43.329 OnUserDefinsFuncResult(0):retc=00001|time=215543|emsg=查無資料 (0)|caltime=2026/08/27 21:55:43
WorkID=RA003
20260827 21:55:43.330 DealQuery(F,F04,0129354,,*)
20260827 21:55:43.330 OnReportQuery(0):
20260827 21:55:43.330 return: 
20260827 21:55:43.330 OnUserDefinsFuncResult(0):retc=00001|time=215543|emsg=查無資料 (0)|caltime=2026/08/27 21:55:43
WorkID=RA003100
20260827 21:55:43.330 OnUserDefinsFuncResult(0):retc=00001|time=215543|emsg=查無資料 (0)|caltime=2026/08/27 21:55:43
WorkID=RA003
20260827 21:55:43.330 UserDefinsFunc(Func=RA003|bhno=F04|acno=0129354|suba=|FC=N,RA003)
20260827 21:55:43.330 OnUserDefinsFuncResult(0):retc=00001|time=215543|emsg=查無資料 (0)|caltime=2026/08/27 21:55:43
WorkID=RA003
20260827 21:55:43.330 return: 100
20260827 21:55:43.330 OnUserDefinsFuncResult(0):retc=00001|time=215543|emsg=查無資料 (0)|caltime=2026/08/27 21:55:43
WorkID=RA003
20260827 21:55:43.331 OnDealQuery(0):
20260827 21:55:43.331 OnUserDefinsFuncResult(0):retc=00001|time=215543|emsg=查無資料 (0)|caltime=2026/08/27 21:55:43
WorkID=RA003
20260827 21:55:43.331 OnUserDefinsFuncResult(0):retc=00001|time=215543|emsg=查無資料 (0)|caltime=2026/08/27 21:55:43
WorkID=RA003
20260827 21:55:43.331 OnUserDefinsFuncResult(0):retc=00001|time=215543|emsg=查無資料 (0)|caltime=2026/08/27 21:55:43
WorkID=RA003
20260827 21:55:43.331 OnUserDefinsFuncResult(0):retc=00001|time=215543|emsg=查無資料 (0)|caltime=2026/08/27 21:55:43
WorkID=RA003
20260827 21:55:43.332 OnUserDefinsFuncResult(0):retc=00001|time=215543|emsg=查無資料 (0)|caltime=2026/08/27 21:55:43
WorkID=RA003
20260827 21:55:43.366 ReportQuery(F,F04,0129354,,0,*,1)
20260827 21:55:43.366 return: 100
20260827 21:55:43.366 DealQuery(F,F04,0129354,,*)
20260827 21:55:43.367 return: 100
20260827 21:55:43.367 UserDefinsFunc(Func=RA003|bhno=F04|acno=0129354|suba=|FC=N,RA003)
20260827 21:55:43.367 return: 100
20260827 21:55:43.367 ReportQuery(F,F04,0129354,,0,*,1)
20260827 21:55:43.368 return: 100
20260827 21:55:43.368 DealQuery(F,F04,0129354,,*)
20260827 21:55:43.368 return: 100
20260827 21:55:43.368 UserDefinsFunc(Func=RA003|bhno=F04|acno=0129354|suba=|FC=N,RA003)
20260827 21:55:43.369 return: 100
20260827 21:55:43.407 OnUserDefinsFuncResult(0):retc=00001|time=215543|emsg=查無資料 (0)|caltime=2026/08/27 21:55:43
WorkID=RA003
20260827 21:55:43.407 OnReportQuery(0):
20260827 21:55:43.408 OnDealQuery(0):
20260827 21:55:43.409 OnReportQuery(0):
20260827 21:55:43.410 OnDealQuery(0):
20260827 21:55:43.410 OnReportQuery(0):
20260827 21:55:43.410 OnDealQuery(0):
20260827 21:55:43.411 OnDealQuery(0):
20260827 21:55:43.411 OnReportQuery(0):
20260827 21:55:43.411 OnReportQuery(0):
20260827 21:55:43.411 OnDealQuery(0):
20260827 21:55:43.411 OnDealQuery(0):
20260827 21:55:43.411 OnReportQuery(0):
20260827 21:55:43.411 OnUserDefinsFuncResult(0):retc=00001|time=215543|emsg=查無資料 (0)|caltime=2026/08/27 21:55:43
WorkID=RA003
20260827 21:55:43.413 OnUserDefinsFuncResult(0):retc=00001|time=215543|emsg=查無資料 (0)|caltime=2026/08/27 21:55:43
WorkID=RA003
20260827 21:55:43.413 OnUserDefinsFuncResult(0):retc=00001|time=215543|emsg=查無資料 (0)|caltime=2026/08/27 21:55:43
WorkID=RA003
20260827 21:55:43.413 OnUserDefinsFuncResult(0):retc=00001|time=215543|emsg=查無資料 (0)|caltime=2026/08/27 21:55:43
WorkID=RA003
20260827 21:55:43.413 OnUserDefinsFuncResult(0):retc=00001|time=215543|emsg=查無資料 (0)|caltime=2026/08/27 21:55:43
WorkID=RA003
20260827 21:55:43.413 OnReportQuery(0):
20260827 21:55:43.413 OnDealQuery(0):
20260827 21:55:43.413 OnDealQuery(0):
20260827 21:55:43.413 OnReportQuery(0):
20260827 21:55:43.414 OnReportQuery(0):
20260827 21:55:43.414 OnReportQuery(0):
20260827 21:55:43.414 OnDealQuery(0):
20260827 21:55:43.414 OnDealQuery(0):
20260827 21:55:43.414 OnReportQuery(0):
20260827 21:55:43.414 OnReportQuery(0):
20260827 21:55:43.414 OnDealQuery(0):
20260827 21:55:43.414 OnUserDefinsFuncResult(0):retc=00001|time=215543|emsg=查無資料 (0)|caltime=2026/08/27 21:55:43
WorkID=RA003
20260827 21:55:43.414 OnUserDefinsFuncResult(0):retc=00001|time=215543|emsg=查無資料 (0)|caltime=2026/08/27 21:55:43
WorkID=RA003
20260827 21:55:43.414 OnDealQuery(0):
20260827 21:55:43.415 OnUserDefinsFuncResult(0):retc=00001|time=215543|emsg=查無資料 (0)|caltime=2026/08/27 21:55:43
WorkID=RA003
20260827 21:55:43.415 OnUserDefinsFuncResult(0):retc=00001|time=215543|emsg=查無資料 (0)|caltime=2026/08/27 21:55:43
WorkID=RA003
20260827 21:55:43.415 OnReportQuery(0):
20260827 21:55:43.415 OnReportQuery(0):
20260827 21:55:43.415 OnDealQuery(0):
20260827 21:55:43.415 OnDealQuery(0):
20260827 21:55:43.415 OnReportQuery(0):
20260827 21:55:43.415 OnDealQuery(0):
20260827 21:55:43.416 OnReportQuery(0):
20260827 21:55:43.416 OnDealQuery(0):
20260827 21:55:43.416 OnUserDefinsFuncResult(0):retc=00001|time=215543|emsg=查無資料 (0)|caltime=2026/08/27 21:55:43
WorkID=RA003
20260827 21:55:43.416 OnUserDefinsFuncResult(0):retc=00001|time=215543|emsg=查無資料 (0)|caltime=2026/08/27 21:55:43
WorkID=RA003
20260827 21:55:43.416 OnUserDefinsFuncResult(0):retc=00001|time=215543|emsg=查無資料 (0)|caltime=2026/08/27 21:55:43
WorkID=RA003
20260827 21:55:43.417 OnUserDefinsFuncResult(0):retc=00001|time=215543|emsg=查無資料 (0)|caltime=2026/08/27 21:55:43
WorkID=RA003
20260827 21:55:43.417 OnDealQuery(0):
20260827 21:55:43.417 OnReportQuery(0):
20260827 21:55:43.417 OnUserDefinsFuncResult(0):retc=00001|time=215543|emsg=查無資料 (0)|caltime=2026/08/27 21:55:43
WorkID=RA003
20260827 21:55:43.417 OnUserDefinsFuncResult(0):retc=00001|time=215543|emsg=查無資料 (0)|caltime=2026/08/27 21:55:43
WorkID=RA003
20260827 21:55:43.417 OnReportQuery(0):
20260827 21:55:43.417 OnDealQuery(0):
20260827 21:55:43.418 OnReportQuery(0):
20260827 21:55:43.422 OnDealQuery(0):
20260827 21:55:43.422 OnReportQuery(0):
20260827 21:55:43.422 OnDealQuery(0):
20260827 21:55:43.422 OnReportQuery(0):
20260827 21:55:43.422 OnUserDefinsFuncResult(0):retc=00001|time=215543|emsg=查無資料 (0)|caltime=2026/08/27 21:55:43
WorkID=RA003
20260827 21:55:43.422 OnUserDefinsFuncResult(0):retc=00001|time=215543|emsg=查無資料 (0)|caltime=2026/08/27 21:55:43
WorkID=RA003
20260827 21:55:43.422 OnUserDefinsFuncResult(0):retc=00001|time=215543|emsg=查無資料 (0)|caltime=2026/08/27 21:55:43
WorkID=RA003
20260827 21:55:43.422 OnUserDefinsFuncResult(0):retc=00001|time=215543|emsg=查無資料 (0)|caltime=2026/08/27 21:55:43
WorkID=RA003
20260827 21:55:43.422 OnUserDefinsFuncResult(0):retc=00001|time=215543|emsg=查無資料 (0)|caltime=2026/08/27 21:55:43
WorkID=RA003
20260827 21:55:43.423 OnDealQuery(0):
20260827 21:55:43.423 OnReportQuery(0):
20260827 21:55:43.423 OnDealQuery(0):
20260827 21:55:43.423 OnUserDefinsFuncResult(0):retc=00001|time=215543|emsg=查無資料 (0)|caltime=2026/08/27 21:55:43
WorkID=RA003
20260827 21:55:43.423 OnReportQuery(0):
20260827 21:55:43.423 ReportQuery(F,F04,0129354,,0,*,1)
20260827 21:55:43.423 return: 100
20260827 21:55:43.423 DealQuery(F,F04,0129354,,*)
20260827 21:55:43.423 return: 100
20260827 21:55:43.423 UserDefinsFunc(Func=RA003|bhno=F04|acno=0129354|suba=|FC=N,RA003)
20260827 21:55:43.423 OnDealQuery(0):
20260827 21:55:43.423 return: 100
20260827 21:55:43.423 OnDealQuery(0):
20260827 21:55:43.423 ReportQuery(F,F04,0129354,,0,*,1)
20260827 21:55:43.423 return: 100
20260827 21:55:43.423 DealQuery(F,F04,0129354,,*)
20260827 21:55:43.435 return: 100
20260827 21:55:43.435 UserDefinsFunc(Func=RA003|bhno=F04|acno=0129354|suba=|FC=N,RA003)
20260827 21:55:43.436 return: 100
20260827 21:55:43.439 OnReportQuery(0):
20260827 21:55:43.452 OnDealQuery(0):
20260827 21:55:43.453 OnReportQuery(0):
20260827 21:55:43.453 OnReportQuery(0):
20260827 21:55:43.453 OnUserDefinsFuncResult(0):retc=00001|time=215543|emsg=查無資料 (0)|caltime=2026/08/27 21:55:43
WorkID=RA003
20260827 21:55:43.453 OnUserDefinsFuncResult(0):retc=00001|time=215543|emsg=查無資料 (0)|caltime=2026/08/27 21:55:43
WorkID=RA003
20260827 21:55:43.453 OnUserDefinsFuncResult(0):retc=00001|time=215543|emsg=查無資料 (0)|caltime=2026/08/27 21:55:43
WorkID=RA003
20260827 21:55:43.453 OnDealQuery(0):
20260827 21:55:43.453 OnDealQuery(0):
20260827 21:55:43.453 OnReportQuery(0):
20260827 21:55:43.455 OnUserDefinsFuncResult(0):retc=00001|time=215543|emsg=查無資料 (0)|caltime=2026/08/27 21:55:43
WorkID=RA003
20260827 21:55:43.455 OnUserDefinsFuncResult(0):retc=00001|time=215543|emsg=查無資料 (0)|caltime=2026/08/27 21:55:43
WorkID=RA003
20260827 21:55:43.475 ReportQuery(F,F04,0129354,,0,*,1)
20260827 21:55:43.475 return: 100
20260827 21:55:43.475 DealQuery(F,F04,0129354,,*)
20260827 21:55:43.475 return: 100
20260827 21:55:43.475 UserDefinsFunc(Func=RA003|bhno=F04|acno=0129354|suba=|FC=N,RA003)
20260827 21:55:43.477 return: 100
20260827 21:55:43.477 ReportQuery(F,F04,0129354,,0,*,1)
20260827 21:55:43.477 return: 100
20260827 21:55:43.477 DealQuery(F,F04,0129354,,*)
20260827 21:55:43.477 return: 100
20260827 21:55:43.477 UserDefinsFunc(Func=RA003|bhno=F04|acno=0129354|suba=|FC=N,RA003)
20260827 21:55:43.478 return: 100
20260827 21:55:43.480 OnReportQuery(0):
20260827 21:55:43.481 OnDealQuery(0):
20260827 21:55:43.483 OnReportQuery(0):
20260827 21:55:43.483 OnDealQuery(0):
20260827 21:55:43.484 OnReportQuery(0):
20260827 21:55:43.484 OnDealQuery(0):
20260827 21:55:43.484 OnReportQuery(0):
20260827 21:55:43.484 OnUserDefinsFuncResult(0):retc=00001|time=215543|emsg=查無資料 (0)|caltime=2026/08/27 21:55:43
WorkID=RA003
20260827 21:55:43.484 OnUserDefinsFuncResult(0):retc=00001|time=215543|emsg=查無資料 (0)|caltime=2026/08/27 21:55:43
WorkID=RA003
20260827 21:55:43.484 OnDealQuery(0):
20260827 21:55:43.484 OnUserDefinsFuncResult(0):retc=00001|time=215543|emsg=查無資料 (0)|caltime=2026/08/27 21:55:43
WorkID=RA003
20260827 21:55:43.484 OnUserDefinsFuncResult(0):retc=00001|time=215543|emsg=查無資料 (0)|caltime=2026/08/27 21:55:43
WorkID=RA003
20260827 21:55:43.485 OnReportQuery(0):
20260827 21:55:43.485 OnDealQuery(0):
20260827 21:55:43.488 OnReportQuery(0):
20260827 21:55:43.488 OnDealQuery(0):
20260827 21:55:43.489 OnDealQuery(0):
20260827 21:55:43.489 OnReportQuery(0):
20260827 21:55:43.489 OnUserDefinsFuncResult(0):retc=00001|time=215543|emsg=查無資料 (0)|caltime=2026/08/27 21:55:43
WorkID=RA003
20260827 21:55:43.496 OnUserDefinsFuncResult(0):retc=00001|time=215543|emsg=查無資料 (0)|caltime=2026/08/27 21:55:43
WorkID=RA003
20260827 21:55:43.496 OnUserDefinsFuncResult(0):retc=00001|time=215543|emsg=查無資料 (0)|caltime=2026/08/27 21:55:43
WorkID=RA003
20260827 21:55:43.497 OnUserDefinsFuncResult(0):retc=00001|time=215543|emsg=查無資料 (0)|caltime=2026/08/27 21:55:43
WorkID=RA003
20260827 21:55:43.508 OnReportQuery(0):
20260827 21:55:43.508 OnDealQuery(0):
20260827 21:55:43.508 OnReportQuery(0):
20260827 21:55:43.518 OnDealQuery(0):
20260827 21:55:43.520 OnDealQuery(0):
20260827 21:55:43.520 OnReportQuery(0):
20260827 21:55:43.525 ReportQuery(F,F04,0129354,,0,*,1)
20260827 21:55:43.525 return: 100
20260827 21:55:43.525 DealQuery(F,F04,0129354,,*)
20260827 21:55:43.526 return: 100
20260827 21:55:43.526 UserDefinsFunc(Func=RA003|bhno=F04|acno=0129354|suba=|FC=N,RA003)
20260827 21:55:43.526 OnUserDefinsFuncResult
20260827 21:55:43.526 return: 100(0):retc=00001|time=215543|emsg=查無資料 (0)|caltime=2026/08/27 21:55:43
WorkID=RA003
20260827 21:55:43.527 ReportQuery(F,F04,0129354,,0,*,1)
20260827 21:55:43.527 return: 100
20260827 21:55:43.527 DealQuery(F,F04,0129354,,*)
20260827 21:55:43.527 return: 100
20260827 21:55:43.528 UserDefinsFunc(Func=RA003|bhno=F04|acno=0129354|suba=|FC=N,RA003)
20260827 21:55:43.528 return: 100
20260827 21:55:43.528 OnUserDefinsFuncResult(0):retc=00001|time=215543|emsg=查無資料 (0)|caltime=2026/08/27 21:55:43
WorkID=RA003
20260827 21:55:43.532 OnReportQuery(0):
20260827 21:55:43.541 OnDealQuery(0):
20260827 21:55:43.542 OnUserDefinsFuncResult(0):retc=00001|time=215543|emsg=查無資料 (0)|caltime=2026/08/27 21:55:43
WorkID=RA003
20260827 21:55:43.542 OnUserDefinsFuncResult(0):retc=00001|time=215543|emsg=查無資料 (0)|caltime=2026/08/27 21:55:43
WorkID=RA003
20260827 21:55:43.542 OnReportQuery(0):
20260827 21:55:43.542 OnDealQuery(0):
20260827 21:55:43.556 ReportQuery(F,F04,0129354,,0,*,1)
20260827 21:55:43.556 return: 100
20260827 21:55:43.556 DealQuery(F,F04,0129354,,*)
20260827 21:55:43.556 return: 100
20260827 21:55:43.556 UserDefinsFunc(Func=RA003|bhno=F04|acno=0129354|suba=|FC=N,RA003)
20260827 21:55:43.556 return: 100
20260827 21:55:43.556 ReportQuery(F,F04,0129354,,0,*,1)
20260827 21:55:43.556 return: 100
20260827 21:55:43.556 DealQuery(F,F04,0129354,,*)
20260827 21:55:43.556 return: 100
20260827 21:55:43.556 UserDefinsFunc(Func=RA003|bhno=F04|acno=0129354|suba=|FC=N,RA003)
20260827 21:55:43.556 return: 100
20260827 21:55:43.594 ReportQuery(F,F04,0129354,,0,*,1)
20260827 21:55:43.594 return: 100
20260827 21:55:43.594 DealQuery(F,F04,0129354,,*)
20260827 21:55:43.594 return: 100
20260827 21:55:43.599 UserDefinsFunc(Func=RA003|bhno=F04|acno=0129354|suba=|FC=N,RA003)
20260827 21:55:43.599 return: 100
20260827 21:55:43.599 ReportQuery(F,F04,0129354,,0,*,1)
20260827 21:55:43.599 return: 100
20260827 21:55:43.599 DealQuery(F,F04,0129354,,*)
20260827 21:55:43.599 return: 100
20260827 21:55:43.600 UserDefinsFunc(Func=RA003|bhno=F04|acno=0129354|suba=|FC=N,RA003)
20260827 21:55:43.600 return: 100
20260827 21:55:43.609 OnUserDefinsFuncResult(0):retc=00001|time=215543|emsg=查無資料 (0)|caltime=2026/08/27 21:55:43
WorkID=RA003
20260827 21:55:43.609 OnReportQuery(0):
20260827 21:55:43.609 OnDealQuery(0):
20260827 21:55:43.625 OnReportQuery(0):
20260827 21:55:43.625 OnDealQuery(0):
20260827 21:55:43.625 OnUserDefinsFuncResult(0):retc=00001|time=215543|emsg=查無資料 (0)|caltime=2026/08/27 21:55:43
WorkID=RA003
20260827 21:55:43.625 OnReportQuery(0):
20260827 21:55:43.625 OnDealQuery(0):
20260827 21:55:43.630 ReportQuery(F,F04,0129354,,0,*,1)
20260827 21:55:43.631 return: 100
20260827 21:55:43.631 DealQuery(F,F04,0129354,,*)
20260827 21:55:43.631 return: 100
20260827 21:55:43.631 UserDefinsFunc(Func=RA003|bhno=F04|acno=0129354|suba=|FC=N,RA003)
20260827 21:55:43.631 return: 100
20260827 21:55:43.631 ReportQuery(F,F04,0129354,,0,*,1)
20260827 21:55:43.632 return: 100
20260827 21:55:43.632 DealQuery(F,F04,0129354,,*)
20260827 21:55:43.632 return: 100
20260827 21:55:43.632 UserDefinsFunc(Func=RA003|bhno=F04|acno=0129354|suba=|FC=N,RA003)
20260827 21:55:43.632 return: 100
20260827 21:55:43.641 OnUserDefinsFuncResult(0):retc=00001|time=215543|emsg=查無資料 (0)|caltime=2026/08/27 21:55:43
WorkID=RA003
20260827 21:55:43.641 OnUserDefinsFuncResult(0):retc=00001|time=215543|emsg=查無資料 (0)|caltime=2026/08/27 21:55:43
WorkID=RA003
20260827 21:55:43.641 OnReportQuery(0):
20260827 21:55:43.644 OnDealQuery(0):
20260827 21:55:43.648 OnDealQuery(0):
20260827 21:55:43.648 OnReportQuery(0):
20260827 21:55:43.654 OnUserDefinsFuncResult(0):retc=00001|time=215543|emsg=查無資料 (0)|caltime=2026/08/27 21:55:43
WorkID=RA003
20260827 21:55:43.660 OnUserDefinsFuncResult(0):retc=00001|time=215543|emsg=查無資料 (0)|caltime=2026/08/27 21:55:43
WorkID=RA003
20260827 21:55:43.665 ReportQuery(F,F04,0129354,,0,*,1)
20260827 21:55:43.665 OnReportQuery(0):
20260827 21:55:43.665 return: 100
20260827 21:55:43.665 DealQuery(F,F04,0129354,,*)
20260827 21:55:43.665 return: 100
20260827 21:55:43.665 UserDefinsFunc(Func=RA003|bhno=F04|acno=0129354|suba=|FC=N,RA003)
20260827 21:55:43.665 return: 100
20260827 21:55:43.665 ReportQuery(F,F04,0129354,,0,*,1)
20260827 21:55:43.665 return: 100
20260827 21:55:43.667 DealQuery(F,F04,0129354,,*)
20260827 21:55:43.667 return: 100
20260827 21:55:43.667 UserDefinsFunc(Func=RA003|bhno=F04|acno=0129354|suba=|FC=N,RA003)
20260827 21:55:43.667 return: 100
20260827 21:55:43.672 OnDealQuery(0):
20260827 21:55:43.672 OnReportQuery(0):
20260827 21:55:43.672 OnDealQuery(0):
20260827 21:55:43.688 OnReportQuery(0):
20260827 21:55:43.688 OnDealQuery(0):
20260827 21:55:43.688 OnUserDefinsFuncResult(0):retc=00001|time=215543|emsg=查無資料 (0)|caltime=2026/08/27 21:55:43
WorkID=RA003
20260827 21:55:43.694 OnUserDefinsFuncResult(0):retc=00001|time=215543|emsg=查無資料 (0)|caltime=2026/08/27 21:55:43
WorkID=RA003
20260827 21:55:43.694 OnReportQuery(0):
20260827 21:55:43.696 OnDealQuery(0):
20260827 21:55:43.697 ReportQuery(F,F04,0129354,,0,*,1)
20260827 21:55:43.697 return: 100
20260827 21:55:43.698 DealQuery(F,F04,0129354,,*)
20260827 21:55:43.698 return: 100
20260827 21:55:43.698 UserDefinsFunc(Func=RA003|bhno=F04|acno=0129354|suba=|FC=N,RA003)
20260827 21:55:43.698 return: 100
20260827 21:55:43.698 ReportQuery(F,F04,0129354,,0,*,1)
20260827 21:55:43.698 return: 100
20260827 21:55:43.699 DealQuery(F,F04,0129354,,*)
20260827 21:55:43.699 return: 100
20260827 21:55:43.699 UserDefinsFunc(Func=RA003|bhno=F04|acno=0129354|suba=|FC=N,RA003)
20260827 21:55:43.699 return: 100
20260827 21:55:43.704 OnUserDefinsFuncResult(0):retc=00001|time=215543|emsg=查無資料 (0)|caltime=2026/08/27 21:55:43
WorkID=RA003
20260827 21:55:43.704 OnUserDefinsFuncResult(0):retc=00001|time=215543|emsg=查無資料 (0)|caltime=2026/08/27 21:55:43
WorkID=RA003
20260827 21:55:43.729 ReportQuery(F,F04,0129354,,0,*,1)
20260827 21:55:43.729 return: 100
20260827 21:55:43.729 DealQuery(F,F04,0129354,,*)
20260827 21:55:43.729 return: 100
20260827 21:55:43.729 UserDefinsFunc(Func=RA003|bhno=F04|acno=0129354|suba=|FC=N,RA003)
20260827 21:55:43.729 return: 100
20260827 21:55:43.730 ReportQuery(F,F04,0129354,,0,*,1)
20260827 21:55:43.730 return: 100
20260827 21:55:43.730 DealQuery(F,F04,0129354,,*)
20260827 21:55:43.730 return: 100
20260827 21:55:43.730 UserDefinsFunc(Func=RA003|bhno=F04|acno=0129354|suba=|FC=N,RA003)
20260827 21:55:43.730 return: 100
20260827 21:55:43.750 OnReportQuery(0):
20260827 21:55:43.750 ReportQuery(F,F04,0129354,,0,*,1)
20260827 21:55:43.750 return: 100
20260827 21:55:43.750 DealQuery(F,F04,0129354,,*)
20260827 21:55:43.750 return: 100
20260827 21:55:43.750 UserDefinsFunc(Func=RA003|bhno=F04|acno=0129354|suba=|FC=N,RA003)
20260827 21:55:43.750 return: 100
20260827 21:55:43.750 ReportQuery(F,F04,0129354,,0,*,1)
20260827 21:55:43.750 return: 100
20260827 21:55:43.750 DealQuery(F,F04,0129354,,*)
20260827 21:55:43.750 return: 100
20260827 21:55:43.750 UserDefinsFunc(Func=RA003|bhno=F04|acno=0129354|suba=|FC=N,RA003)
20260827 21:55:43.750 return: 100
20260827 21:55:43.772 OnReportQuery(0):
20260827 21:55:43.773 OnReportQuery(0):
20260827 21:55:43.773 OnDealQuery(0):
20260827 21:55:43.773 OnDealQuery(0):
20260827 21:55:43.775 OnReportQuery(0):
20260827 21:55:43.775 OnDealQuery(0):
20260827 21:55:43.775 OnDealQuery(0):
20260827 21:55:43.783 OnUserDefinsFuncResult(0):retc=00001|time=215543|emsg=查無資料 (0)|caltime=2026/08/27 21:55:43
WorkID=RA003
20260827 21:55:43.786 OnUserDefinsFuncResult(0):retc=00001|time=215543|emsg=查無資料 (0)|caltime=2026/08/27 21:55:43
WorkID=RA003
20260827 21:55:43.786 OnUserDefinsFuncResult(0):retc=00001|time=215543|emsg=查無資料 (0)|caltime=2026/08/27 21:55:43
WorkID=RA003
20260827 21:55:43.786 OnUserDefinsFuncResult(0):retc=00001|time=215543|emsg=查無資料 (0)|caltime=2026/08/27 21:55:43
WorkID=RA003
20260827 21:55:43.789 ReportQuery(F,F04,0129354,,0,*,1)
20260827 21:55:43.789 return: 100
20260827 21:55:43.789 DealQuery(F,F04,0129354,,*)
20260827 21:55:43.789 return: 100
20260827 21:55:43.789 UserDefinsFunc(Func=RA003|bhno=F04|acno=0129354|suba=|FC=N,RA003)
20260827 21:55:43.789 return: 100
20260827 21:55:43.789 ReportQuery(F,F04,0129354,,0,*,1)
20260827 21:55:43.789 return: 100
20260827 21:55:43.791 DealQuery(F,F04,0129354,,*)
20260827 21:55:43.791 return: 100
20260827 21:55:43.791 UserDefinsFunc(Func=RA003|bhno=F04|acno=0129354|suba=|FC=N,RA003)
20260827 21:55:43.791 return: 100
20260827 21:55:43.811 OnDealQuery(0):
20260827 21:55:43.811 OnDealQuery(0):
20260827 21:55:43.811 OnReportQuery(0):
20260827 21:55:43.811 OnReportQuery(0):
20260827 21:55:43.811 OnUserDefinsFuncResult(0):retc=00001|time=215543|emsg=查無資料 (0)|caltime=2026/08/27 21:55:43
WorkID=RA003
20260827 21:55:43.811 OnDealQuery(0):
20260827 21:55:43.811 OnReportQuery(0):
20260827 21:55:43.811 ReportQuery(F,F04,0129354,,0,*,1)
20260827 21:55:43.811 return: 100
20260827 21:55:43.811 DealQuery(F,F04,0129354,,*)
20260827 21:55:43.811 return: 100
20260827 21:55:43.811 UserDefinsFunc(Func=RA003|bhno=F04|acno=0129354|suba=|FC=N,RA003)
20260827 21:55:43.811 return: 100
20260827 21:55:43.811 ReportQuery(F,F04,0129354,,0,*,1)
20260827 21:55:43.811 return: 100
20260827 21:55:43.811 DealQuery(F,F04,0129354,,*)
20260827 21:55:43.811 return: 100
20260827 21:55:43.811 UserDefinsFunc(Func=RA003|bhno=F04|acno=0129354|suba=|FC=N,RA003)
20260827 21:55:43.811 return: 100
20260827 21:55:43.823 OnUserDefinsFuncResult(0):retc=00001|time=215543|emsg=查無資料 (0)|caltime=2026/08/27 21:55:43
WorkID=RA003
20260827 21:55:43.823 OnUserDefinsFuncResult(0):retc=00001|time=215543|emsg=查無資料 (0)|caltime=2026/08/27 21:55:43
WorkID=RA003
20260827 21:55:43.830 OnReportQuery(0):
20260827 21:55:43.831 OnDealQuery(0):
20260827 21:55:43.840 OnReportQuery(0):
20260827 21:55:43.840 OnDealQuery(0):
20260827 21:55:43.840 OnDealQuery(0):
20260827 21:55:43.840 OnReportQuery(0):
20260827 21:55:43.845 OnUserDefinsFuncResult(0):retc=00001|time=215543|emsg=查無資料 (0)|caltime=2026/08/27 21:55:43
WorkID=RA003
20260827 21:55:43.845 ReportQuery(F,F04,0129354,,0,*,1)
20260827 21:55:43.845 OnReportQuery(0):
20260827 21:55:43.845 return: 
20260827 21:55:43.845 OnDealQuery
20260827 21:55:43.845 DealQuery(F,F04,0129354,,*)
20260827 21:55:43.845 return: 
20260827 21:55:43.845 OnDealQuery(0):100
20260827 21:55:43.845 OnReportQuery(0):
20260827 21:55:43.845 UserDefinsFunc(Func=RA003|bhno=F04|acno=0129354|suba=|FC=N,RA003)
20260827 21:55:43.845 return: 100
20260827 21:55:43.845 ReportQuery(F,F04,0129354,,0,*,1)
20260827 21:55:43.845 return: 100
20260827 21:55:43.845 DealQuery(F,F04,0129354,,*)
20260827 21:55:43.845 return: 100
20260827 21:55:43.845 UserDefinsFunc(Func=RA003|bhno=F04|acno=0129354|suba=|FC=N,RA003)
20260827 21:55:43.845 return: 100
20260827 21:55:43.857 OnUserDefinsFuncResult(0):retc=00001|time=215543|emsg=查無資料 (0)|caltime=2026/08/27 21:55:43
WorkID=RA003
20260827 21:55:43.857 OnUserDefinsFuncResult(0):retc=00001|time=215543|emsg=查無資料 (0)|caltime=2026/08/27 21:55:43
WorkID=RA003
20260827 21:55:43.857 OnUserDefinsFuncResult(0):retc=00001|time=215543|emsg=查無資料 (0)|caltime=2026/08/27 21:55:43
WorkID=RA003
20260827 21:55:43.863 OnUserDefinsFuncResult(0):retc=00001|time=215543|emsg=查無資料 (0)|caltime=2026/08/27 21:55:43
WorkID=RA003
20260827 21:55:43.877 ReportQuery(F,F04,0129354,,0,*,1)
20260827 21:55:43.877 return: 100
20260827 21:55:43.877 DealQuery(F,F04,0129354,,*)
20260827 21:55:43.877 return: 100
20260827 21:55:43.877 UserDefinsFunc(Func=RA003|bhno=F04|acno=0129354|suba=|FC=N,RA003)
20260827 21:55:43.877 return: 100
20260827 21:55:43.877 ReportQuery(F,F04,0129354,,0,*,1)
20260827 21:55:43.877 return: 100
20260827 21:55:43.877 DealQuery(F,F04,0129354,,*)
20260827 21:55:43.877 return: 100
20260827 21:55:43.877 UserDefinsFunc(Func=RA003|bhno=F04|acno=0129354|suba=|FC=N,RA003)
20260827 21:55:43.877 return: 100
20260827 21:55:43.895 OnReportQuery(0):
20260827 21:55:43.895 OnDealQuery(0):
20260827 21:55:43.902 OnReportQuery(0):
20260827 21:55:43.908 ReportQuery(F,F04,0129354,,0,*,1)
20260827 21:55:43.908 return: 100
20260827 21:55:43.908 DealQuery(F,F04,0129354,,*)
20260827 21:55:43.908 return: 100
20260827 21:55:43.908 UserDefinsFunc(Func=RA003|bhno=F04|acno=0129354|suba=|FC=N,RA003)
20260827 21:55:43.908 return: 100
20260827 21:55:43.909 ReportQuery(F,F04,0129354,,0,*,1)
20260827 21:55:43.909 return: 100
20260827 21:55:43.909 DealQuery(F,F04,0129354,,*)
20260827 21:55:43.909 return: 100
20260827 21:55:43.909 UserDefinsFunc(Func=RA003|bhno=F04|acno=0129354|suba=|FC=N,RA003)
20260827 21:55:43.909 return: 100
20260827 21:55:43.910 OnDealQuery(0):
20260827 21:55:43.910 OnReportQuery(0):
20260827 21:55:43.910 OnDealQuery(0):
20260827 21:55:43.913 OnReportQuery(0):
20260827 21:55:43.913 OnDealQuery(0):
20260827 21:55:43.913 OnDealQuery(0):
20260827 21:55:43.913 OnUserDefinsFuncResult(0):retc=00001|time=215543|emsg=查無資料 (0)|caltime=2026/08/27 21:55:43
WorkID=RA003
20260827 21:55:43.913 OnReportQuery(0):
20260827 21:55:43.922 OnUserDefinsFuncResult(0):retc=00001|time=215543|emsg=查無資料 (0)|caltime=2026/08/27 21:55:43
WorkID=RA003
20260827 21:55:43.922 OnUserDefinsFuncResult(0):retc=00001|time=215543|emsg=查無資料 (0)|caltime=2026/08/27 21:55:43
WorkID=RA003
20260827 21:55:43.922 OnUserDefinsFuncResult(0):retc=00001|time=215543|emsg=查無資料 (0)|caltime=2026/08/27 21:55:43
WorkID=RA003
20260827 21:55:43.936 ReportQuery(F,F04,0129354,,0,*,1)
20260827 21:55:43.936 return: 100
20260827 21:55:43.936 DealQuery(F,F04,0129354,,*)
20260827 21:55:43.936 return: 100
20260827 21:55:43.937 UserDefinsFunc(Func=RA003|bhno=F04|acno=0129354|suba=|FC=N,RA003)
20260827 21:55:43.937 return: 100
20260827 21:55:43.937 ReportQuery(F,F04,0129354,,0,*,1)
20260827 21:55:43.937 return: 100
20260827 21:55:43.937 DealQuery(F,F04,0129354,,*)
20260827 21:55:43.937 return: 100
20260827 21:55:43.938 UserDefinsFunc(Func=RA003|bhno=F04|acno=0129354|suba=|FC=N,RA003)
20260827 21:55:43.938 return: 100
20260827 21:55:43.945 OnDealQuery(0):
20260827 21:55:43.946 OnReportQuery(0):
20260827 21:55:43.959 OnUserDefinsFuncResult(0):retc=00001|time=215543|emsg=查無資料 (0)|caltime=2026/08/27 21:55:43
WorkID=RA003
20260827 21:55:43.959 OnUserDefinsFuncResult(0):retc=00001|time=215543|emsg=查無資料 (0)|caltime=2026/08/27 21:55:43
WorkID=RA003
20260827 21:55:43.964 ReportQuery(F,F04,0129354,,0,*,1)
20260827 21:55:43.964 return: 100
20260827 21:55:43.964 DealQuery(F,F04,0129354,,*)
20260827 21:55:43.964 return: 100
20260827 21:55:43.964 UserDefinsFunc(Func=RA003|bhno=F04|acno=0129354|suba=|FC=N,RA003)
20260827 21:55:43.965 return: 100
20260827 21:55:43.965 ReportQuery(F,F04,0129354,,0,*,1)
20260827 21:55:43.965 return: 100
20260827 21:55:43.965 DealQuery(F,F04,0129354,,*)
20260827 21:55:43.965 return: 100
20260827 21:55:43.965 UserDefinsFunc(Func=RA003|bhno=F04|acno=0129354|suba=|FC=N,RA003)
20260827 21:55:43.965 return: 100
20260827 21:55:43.968 OnReportQuery(0):
20260827 21:55:43.970 OnDealQuery(0):
20260827 21:55:43.970 OnReportQuery(0):
20260827 21:55:43.971 OnDealQuery(0):
20260827 21:55:43.971 OnDealQuery(0):
20260827 21:55:43.971 OnReportQuery(0):
20260827 21:55:43.971 OnReportQuery(0):
20260827 21:55:43.971 OnDealQuery(0):
20260827 21:55:43.975 OnUserDefinsFuncResult(0):retc=00001|time=215543|emsg=查無資料 (0)|caltime=2026/08/27 21:55:43
WorkID=RA003
20260827 21:55:43.977 OnUserDefinsFuncResult(0):retc=00001|time=215543|emsg=查無資料 (0)|caltime=2026/08/27 21:55:43
WorkID=RA003
20260827 21:55:43.983 OnUserDefinsFuncResult(0):retc=00001|time=215543|emsg=查無資料 (0)|caltime=2026/08/27 21:55:43
WorkID=RA003
20260827 21:55:43.983 OnUserDefinsFuncResult(0):retc=00001|time=215543|emsg=查無資料 (0)|caltime=2026/08/27 21:55:43
WorkID=RA003
20260827 21:55:43.996 ReportQuery(F,F04,0129354,,0,*,1)
20260827 21:55:43.996 return: 100
20260827 21:55:43.996 DealQuery(F,F04,0129354,,*)
20260827 21:55:43.996 return: 100
20260827 21:55:43.996 UserDefinsFunc(Func=RA003|bhno=F04|acno=0129354|suba=|FC=N,RA003)
20260827 21:55:43.996 return: 100
20260827 21:55:43.996 ReportQuery(F,F04,0129354,,0,*,1)
20260827 21:55:43.996 return: 100
20260827 21:55:43.996 DealQuery(F,F04,0129354,,*)
20260827 21:55:43.996 return: 100
20260827 21:55:43.996 UserDefinsFunc(Func=RA003|bhno=F04|acno=0129354|suba=|FC=N,RA003)
20260827 21:55:43.996 return: 100
20260827 21:55:43.996 OnReportQuery(0):
20260827 21:55:43.996 OnDealQuery(0):
20260827 21:55:43.996 OnReportQuery(0):
20260827 21:55:44.002 OnDealQuery(0):
20260827 21:55:44.011 OnReportQuery(0):
20260827 21:55:44.012 OnDealQuery(0):
20260827 21:55:44.012 OnReportQuery(0):
20260827 21:55:44.012 OnDealQuery(0):
20260827 21:55:44.017 OnReportQuery(0):
20260827 21:55:44.018 OnDealQuery(0):
20260827 21:55:44.019 OnUserDefinsFuncResult(0):retc=00001|time=215544|emsg=查無資料 (0)|caltime=2026/08/27 21:55:43
WorkID=RA003
20260827 21:55:44.019 OnUserDefinsFuncResult(0):retc=00001|time=215544|emsg=查無資料 (0)|caltime=2026/08/27 21:55:43
WorkID=RA003
20260827 21:55:44.020 OnReportQuery(0):
20260827 21:55:44.023 OnDealQuery(0):
20260827 21:55:44.024 OnUserDefinsFuncResult(0):retc=00001|time=215544|emsg=查無資料 (0)|caltime=2026/08/27 21:55:43
WorkID=RA003
20260827 21:55:44.027 OnUserDefinsFuncResult(0):retc=00001|time=215544|emsg=查無資料 (0)|caltime=2026/08/27 21:55:43
WorkID=RA003
20260827 21:55:44.027 OnUserDefinsFuncResult(0):retc=00001|time=215544|emsg=查無資料 (0)|caltime=2026/08/27 21:55:43
WorkID=RA003
20260827 21:55:44.029 ReportQuery(F,F04,0129354,,0,*,1)
20260827 21:55:44.030 return: 100
20260827 21:55:44.030 DealQuery(F,F04,0129354,,*)
20260827 21:55:44.030 return: 100
20260827 21:55:44.030 UserDefinsFunc(Func=RA003|bhno=F04|acno=0129354|suba=|FC=N,RA003)
20260827 21:55:44.030 return: 100
20260827 21:55:44.030 ReportQuery(F,F04,0129354,,0,*,1)
20260827 21:55:44.030 return: 100
20260827 21:55:44.030 DealQuery(F,F04,0129354,,*)
20260827 21:55:44.031 return: 100
20260827 21:55:44.031 UserDefinsFunc(Func=RA003|bhno=F04|acno=0129354|suba=|FC=N,RA003)
20260827 21:55:44.031 return: 100
20260827 21:55:44.037 OnUserDefinsFuncResult(0):retc=00001|time=215544|emsg=查無資料 (0)|caltime=2026/08/27 21:55:43
WorkID=RA003
20260827 21:55:44.037 OnDealQuery(0):
20260827 21:55:44.037 OnReportQuery(0):
20260827 21:55:44.037 OnReportQuery(0):
20260827 21:55:44.041 OnDealQuery(0):
20260827 21:55:44.047 OnReportQuery(0):
20260827 21:55:44.047 OnDealQuery(0):
20260827 21:55:44.055 OnReportQuery(0):
20260827 21:55:44.055 OnDealQuery(0):
20260827 21:55:44.055 OnUserDefinsFuncResult(0):retc=00001|time=215544|emsg=查無資料 (0)|caltime=2026/08/27 21:55:43
WorkID=RA003
20260827 21:55:44.056 OnUserDefinsFuncResult(0):retc=00001|time=215544|emsg=查無資料 (0)|caltime=2026/08/27 21:55:44
WorkID=RA003
20260827 21:55:44.063 ReportQuery(F,F04,0129354,,0,*,1)
20260827 21:55:44.063 return: 100
20260827 21:55:44.063 DealQuery(F,F04,0129354,,*)
20260827 21:55:44.064 return: 100
20260827 21:55:44.064 UserDefinsFunc(Func=RA003|bhno=F04|acno=0129354|suba=|FC=N,RA003)
20260827 21:55:44.064 OnUserDefinsFuncResult(0):retc=00001|time=215544|emsg=查無資料 (0)|caltime=2026/08/27 21:55:44
WorkID=RA003
20260827 21:55:44.064 return: 100
20260827 21:55:44.064 OnUserDefinsFuncResult(0):retc=00001|time=215544|emsg=查無資料 (0)|caltime=2026/08/27 21:55:44
WorkID=RA003
20260827 21:55:44.065 ReportQuery(F,F04,0129354,,0,*,1)
20260827 21:55:44.065 return: 100
20260827 21:55:44.065 DealQuery(F,F04,0129354,,*)
20260827 21:55:44.065 return: 100
20260827 21:55:44.065 UserDefinsFunc(Func=RA003|bhno=F04|acno=0129354|suba=|FC=N,RA003)
20260827 21:55:44.066 return: 100
20260827 21:55:44.075 OnDealQuery(0):
20260827 21:55:44.076 OnReportQuery(0):
20260827 21:55:44.078 OnReportQuery(0):
20260827 21:55:44.078 OnDealQuery(0):
20260827 21:55:44.093 OnUserDefinsFuncResult(0):retc=00001|time=215544|emsg=查無資料 (0)|caltime=2026/08/27 21:55:44
WorkID=RA003
20260827 21:55:44.093 OnUserDefinsFuncResult(0):retc=00001|time=215544|emsg=查無資料 (0)|caltime=2026/08/27 21:55:44
WorkID=RA003
20260827 21:55:44.101 ReportQuery(F,F04,0129354,,0,*,1)
20260827 21:55:44.101 return: 100
20260827 21:55:44.102 DealQuery(F,F04,0129354,,*)
20260827 21:55:44.102 return: 100
20260827 21:55:44.102 UserDefinsFunc(Func=RA003|bhno=F04|acno=0129354|suba=|FC=N,RA003)
20260827 21:55:44.102 return: 100
20260827 21:55:44.102 ReportQuery(F,F04,0129354,,0,*,1)
20260827 21:55:44.103 return: 100
20260827 21:55:44.103 DealQuery(F,F04,0129354,,*)
20260827 21:55:44.103 return: 100
20260827 21:55:44.103 UserDefinsFunc(Func=RA003|bhno=F04|acno=0129354|suba=|FC=N,RA003)
20260827 21:55:44.103 return: 100
20260827 21:55:44.107 OnDealQuery(0):
20260827 21:55:44.107 OnReportQuery(0):
20260827 21:55:44.113 OnDealQuery(0):
20260827 21:55:44.114 OnReportQuery(0):
20260827 21:55:44.123 OnUserDefinsFuncResult(0):retc=00001|time=215544|emsg=查無資料 (0)|caltime=2026/08/27 21:55:44
WorkID=RA003
20260827 21:55:44.127 OnUserDefinsFuncResult(0):retc=00001|time=215544|emsg=查無資料 (0)|caltime=2026/08/27 21:55:44
WorkID=RA003
20260827 21:55:44.133 ReportQuery(F,F04,0129354,,0,*,1)
20260827 21:55:44.133 return: 100
20260827 21:55:44.133 DealQuery(F,F04,0129354,,*)
20260827 21:55:44.133 return: 100
20260827 21:55:44.133 UserDefinsFunc(Func=RA003|bhno=F04|acno=0129354|suba=|FC=N,RA003)
20260827 21:55:44.133 return: 100
20260827 21:55:44.133 ReportQuery(F,F04,0129354,,0,*,1)
20260827 21:55:44.133 return: 100
20260827 21:55:44.133 DealQuery(F,F04,0129354,,*)
20260827 21:55:44.133 return: 100
20260827 21:55:44.133 UserDefinsFunc(Func=RA003|bhno=F04|acno=0129354|suba=|FC=N,RA003)
20260827 21:55:44.133 return: 100
20260827 21:55:44.158 ReportQuery(F,F04,0129354,,0,*,1)
20260827 21:55:44.158 return: 100
20260827 21:55:44.158 DealQuery(F,F04,0129354,,*)
20260827 21:55:44.158 return: 100
20260827 21:55:44.158 UserDefinsFunc(Func=RA003|bhno=F04|acno=0129354|suba=|FC=N,RA003)
20260827 21:55:44.158 return: 100
20260827 21:55:44.158 ReportQuery(F,F04,0129354,,0,*,1)
20260827 21:55:44.158 return: 100
20260827 21:55:44.158 DealQuery(F,F04,0129354,,*)
20260827 21:55:44.158 return: 100
20260827 21:55:44.158 UserDefinsFunc(Func=RA003|bhno=F04|acno=0129354|suba=|FC=N,RA003)
20260827 21:55:44.158 return: 100
20260827 21:55:44.158 OnReportQuery(0):
20260827 21:55:44.158 OnDealQuery(0):
20260827 21:55:44.158 OnDealQuery(0):
20260827 21:55:44.158 OnReportQuery(0):
20260827 21:55:44.158 OnUserDefinsFuncResult(0):retc=00001|time=215544|emsg=查無資料 (0)|caltime=2026/08/27 21:55:44
WorkID=RA003
20260827 21:55:44.158 OnUserDefinsFuncResult(0):retc=00001|time=215544|emsg=查無資料 (0)|caltime=2026/08/27 21:55:44
WorkID=RA003
20260827 21:55:44.169 OnReportQuery(0):
20260827 21:55:44.171 OnDealQuery(0):
20260827 21:55:44.171 OnDealQuery(0):
20260827 21:55:44.171 OnReportQuery(0):
20260827 21:55:44.177 OnUserDefinsFuncResult(0):retc=00001|time=215544|emsg=查無資料 (0)|caltime=2026/08/27 21:55:44
WorkID=RA003
20260827 21:55:44.183 ReportQuery(F,F04,0129354,,0,*,1)
20260827 21:55:44.183 return: 100
20260827 21:55:44.183 DealQuery(F,F04,0129354,,*)
20260827 21:55:44.183 return: 100
20260827 21:55:44.183 UserDefinsFunc(Func=RA003|bhno=F04|acno=0129354|suba=|FC=N,RA003)
20260827 21:55:44.183 return: 100
20260827 21:55:44.183 OnUserDefinsFuncResult(0):retc=00001|time=215544|emsg=查無資料 (0)|caltime=2026/08/27 21:55:44
WorkID=RA003
20260827 21:55:44.183 ReportQuery(F,F04,0129354,,0,*,1)
20260827 21:55:44.183 return: 100
20260827 21:55:44.183 DealQuery(F,F04,0129354,,*)
20260827 21:55:44.183 return: 100
20260827 21:55:44.183 UserDefinsFunc(Func=RA003|bhno=F04|acno=0129354|suba=|FC=N,RA003)
20260827 21:55:44.183 return: 100
20260827 21:55:44.219 ReportQuery(F,F04,0129354,,0,*,1)
20260827 21:55:44.219 return: 100
20260827 21:55:44.219 DealQuery(F,F04,0129354,,*)
20260827 21:55:44.220 return: 100
20260827 21:55:44.220 UserDefinsFunc(Func=RA003|bhno=F04|acno=0129354|suba=|FC=N,RA003)
20260827 21:55:44.220 return: 100
20260827 21:55:44.220 ReportQuery(F,F04,0129354,,0,*,1)
20260827 21:55:44.220 return: 100
20260827 21:55:44.220 DealQuery(F,F04,0129354,,*)
20260827 21:55:44.220 return: 100
20260827 21:55:44.220 UserDefinsFunc(Func=RA003|bhno=F04|acno=0129354|suba=|FC=N,RA003)
20260827 21:55:44.221 return: 100
20260827 21:55:44.252 ReportQuery(F,F04,0129354,,0,*,1)
20260827 21:55:44.253 return: 100
20260827 21:55:44.253 DealQuery(F,F04,0129354,,*)
20260827 21:55:44.253 return: 100
20260827 21:55:44.253 UserDefinsFunc(Func=RA003|bhno=F04|acno=0129354|suba=|FC=N,RA003)
20260827 21:55:44.253 return: 100
20260827 21:55:44.254 ReportQuery(F,F04,0129354,,0,*,1)
20260827 21:55:44.254 return: 100
20260827 21:55:44.254 DealQuery(F,F04,0129354,,*)
20260827 21:55:44.254 return: 100
20260827 21:55:44.254 UserDefinsFunc(Func=RA003|bhno=F04|acno=0129354|suba=|FC=N,RA003)
20260827 21:55:44.254 return: 100
20260827 21:55:44.279 ReportQuery(F,F04,0129354,,0,*,1)
20260827 21:55:44.279 return: 100
20260827 21:55:44.279 DealQuery(F,F04,0129354,,*)
20260827 21:55:44.279 return: 100
20260827 21:55:44.283 UserDefinsFunc(Func=RA003|bhno=F04|acno=0129354|suba=|FC=N,RA003)
20260827 21:55:44.283 return: 100
20260827 21:55:44.283 ReportQuery(F,F04,0129354,,0,*,1)
20260827 21:55:44.283 return: 100
20260827 21:55:44.283 DealQuery(F,F04,0129354,,*)
20260827 21:55:44.283 return: 100
20260827 21:55:44.283 UserDefinsFunc(Func=RA003|bhno=F04|acno=0129354|suba=|FC=N,RA003)
20260827 21:55:44.283 return: 100
20260827 21:55:44.302 OnReportQuery(0):
20260827 21:55:44.302 OnDealQuery(0):
20260827 21:55:44.302 OnReportQuery(0):
20260827 21:55:44.303 OnDealQuery(0):
20260827 21:55:44.303 OnReportQuery(0):
20260827 21:55:44.306 OnDealQuery(0):
20260827 21:55:44.307 OnReportQuery(0):
20260827 21:55:44.309 OnDealQuery(0):
20260827 21:55:44.310 ReportQuery(F,F04,0129354,,0,*,1)
20260827 21:55:44.310 return: 100
20260827 21:55:44.310 DealQuery(F,F04,0129354,,*)
20260827 21:55:44.310 return: 100
20260827 21:55:44.310 UserDefinsFunc(Func=RA003|bhno=F04|acno=0129354|suba=|FC=N,RA003)
20260827 21:55:44.310 return: 100
20260827 21:55:44.310 ReportQuery(F,F04,0129354,,0,*,1)
20260827 21:55:44.310 return: 100
20260827 21:55:44.310 DealQuery(F,F04,0129354,,*)
20260827 21:55:44.310 return: 100
20260827 21:55:44.310 UserDefinsFunc(Func=RA003|bhno=F04|acno=0129354|suba=|FC=N,RA003)
20260827 21:55:44.310 return: 100
20260827 21:55:44.315 OnUserDefinsFuncResult(0):retc=00001|time=215544|emsg=查無資料 (0)|caltime=2026/08/27 21:55:44
WorkID=RA003
20260827 21:55:44.315 OnUserDefinsFuncResult(0):retc=00001|time=215544|emsg=查無資料 (0)|caltime=2026/08/27 21:55:44
WorkID=RA003
20260827 21:55:44.319 OnDealQuery(0):
20260827 21:55:44.320 OnReportQuery(0):
20260827 21:55:44.320 OnDealQuery(0):
20260827 21:55:44.320 OnUserDefinsFuncResult(0):retc=00001|time=215544|emsg=查無資料 (0)|caltime=2026/08/27 21:55:44
WorkID=RA003
20260827 21:55:44.320 OnReportQuery(0):
20260827 21:55:44.320 OnReportQuery(0):
20260827 21:55:44.323 OnDealQuery(0):
20260827 21:55:44.323 OnDealQuery(0):
20260827 21:55:44.323 OnReportQuery(0):
20260827 21:55:44.331 OnUserDefinsFuncResult(0):retc=00001|time=215544|emsg=查無資料 (0)|caltime=2026/08/27 21:55:44
WorkID=RA003
20260827 21:55:44.332 OnUserDefinsFuncResult(0):retc=00001|time=215544|emsg=查無資料 (0)|caltime=2026/08/27 21:55:44
WorkID=RA003
20260827 21:55:44.332 OnUserDefinsFuncResult(0):retc=00001|time=215544|emsg=查無資料 (0)|caltime=2026/08/27 21:55:44
WorkID=RA003
20260827 21:55:44.332 OnUserDefinsFuncResult(0):retc=00001|time=215544|emsg=查無資料 (0)|caltime=2026/08/27 21:55:44
WorkID=RA003
20260827 21:55:44.332 OnUserDefinsFuncResult(0):retc=00001|time=215544|emsg=查無資料 (0)|caltime=2026/08/27 21:55:44
WorkID=RA003
20260827 21:55:44.332 ReportQuery(F,F04,0129354,,0,*,1)
20260827 21:55:44.332 return: 100
20260827 21:55:44.332 DealQuery(F,F04,0129354,,*)
20260827 21:55:44.332 return: 100
20260827 21:55:44.338 UserDefinsFunc(Func=RA003|bhno=F04|acno=0129354|suba=|FC=N,RA003)
20260827 21:55:44.338 return: 100
20260827 21:55:44.338 ReportQuery(F,F04,0129354,,0,*,1)
20260827 21:55:44.338 return: 100
20260827 21:55:44.338 DealQuery(F,F04,0129354,,*)
20260827 21:55:44.338 return: 100
20260827 21:55:44.338 UserDefinsFunc(Func=RA003|bhno=F04|acno=0129354|suba=|FC=N,RA003)
20260827 21:55:44.338 return: 100
20260827 21:55:44.348 OnDealQuery(0):
20260827 21:55:44.350 OnReportQuery(0):
20260827 21:55:44.351 OnDealQuery(0):
20260827 21:55:44.351 OnReportQuery(0):
20260827 21:55:44.357 OnReportQuery(0):
20260827 21:55:44.363 OnDealQuery(0):
20260827 21:55:44.363 OnReportQuery(0):
20260827 21:55:44.363 OnDealQuery(0):
20260827 21:55:44.366 ReportQuery(F,F04,0129354,,0,*,1)
20260827 21:55:44.366 return: 100
20260827 21:55:44.367 DealQuery(F,F04,0129354,,*)
20260827 21:55:44.367 return: 100
20260827 21:55:44.367 UserDefinsFunc(Func=RA003|bhno=F04|acno=0129354|suba=|FC=N,RA003)
20260827 21:55:44.367 return: 100
20260827 21:55:44.367 ReportQuery(F,F04,0129354,,0,*,1)
20260827 21:55:44.367 return: 100
20260827 21:55:44.367 DealQuery(F,F04,0129354,,*)
20260827 21:55:44.367 return: 100
20260827 21:55:44.368 UserDefinsFunc(Func=RA003|bhno=F04|acno=0129354|suba=|FC=N,RA003)
20260827 21:55:44.368 return: 100
20260827 21:55:44.369 OnUserDefinsFuncResult(0):retc=00001|time=215544|emsg=查無資料 (0)|caltime=2026/08/27 21:55:44
WorkID=RA003
20260827 21:55:44.369 OnUserDefinsFuncResult(0):retc=00001|time=215544|emsg=查無資料 (0)|caltime=2026/08/27 21:55:44
WorkID=RA003
20260827 21:55:44.369 OnUserDefinsFuncResult(0):retc=00001|time=215544|emsg=查無資料 (0)|caltime=2026/08/27 21:55:44
WorkID=RA003
20260827 21:55:44.378 OnUserDefinsFuncResult(0):retc=00001|time=215544|emsg=查無資料 (0)|caltime=2026/08/27 21:55:44
WorkID=RA003
20260827 21:55:44.387 OnReportQuery(0):
20260827 21:55:44.387 OnDealQuery(0):
20260827 21:55:44.387 OnReportQuery(0):
20260827 21:55:44.387 OnDealQuery(0):
20260827 21:55:44.395 ReportQuery(F,F04,0129354,,0,*,1)
20260827 21:55:44.395 return: 100
20260827 21:55:44.395 DealQuery(F,F04,0129354,,*)
20260827 21:55:44.395 return: 100
20260827 21:55:44.397 UserDefinsFunc(Func=RA003|bhno=F04|acno=0129354|suba=|FC=N,RA003)
20260827 21:55:44.397 return: 100
20260827 21:55:44.397 ReportQuery(F,F04,0129354,,0,*,1)
20260827 21:55:44.397 return: 100
20260827 21:55:44.397 DealQuery(F,F04,0129354,,*)
20260827 21:55:44.397 return: 100
20260827 21:55:44.397 UserDefinsFunc(Func=RA003|bhno=F04|acno=0129354|suba=|FC=N,RA003)
20260827 21:55:44.397 return: 100
20260827 21:55:44.399 OnUserDefinsFuncResult(0):retc=00001|time=215544|emsg=查無資料 (0)|caltime=2026/08/27 21:55:44
WorkID=RA003
20260827 21:55:44.399 OnUserDefinsFuncResult(0):retc=00001|time=215544|emsg=查無資料 (0)|caltime=2026/08/27 21:55:44
WorkID=RA003
20260827 21:55:44.404 OnReportQuery(0):
20260827 21:55:44.404 OnDealQuery(0):
20260827 21:55:44.404 OnReportQuery(0):
20260827 21:55:44.404 OnDealQuery(0):
20260827 21:55:44.421 OnUserDefinsFuncResult(0):retc=00001|time=215544|emsg=查無資料 (0)|caltime=2026/08/27 21:55:44
WorkID=RA003
20260827 21:55:44.424 ReportQuery(F,F04,0129354,,0,*,1)
20260827 21:55:44.424 return: 100
20260827 21:55:44.424 DealQuery(F,F04,0129354,,*)
20260827 21:55:44.424 return: 100
20260827 21:55:44.424 UserDefinsFunc(Func=RA003|bhno=F04|acno=0129354|suba=|FC=N,RA003)
20260827 21:55:44.424 return: 100
20260827 21:55:44.424 ReportQuery(F,F04,0129354,,0,*,1)
20260827 21:55:44.424 return: 100
20260827 21:55:44.424 DealQuery(F,F04,0129354,,*)
20260827 21:55:44.424 return: 100
20260827 21:55:44.424 UserDefinsFunc(Func=RA003|bhno=F04|acno=0129354|suba=|FC=N,RA003)
20260827 21:55:44.424 return: 100
20260827 21:55:44.454 ReportQuery(F,F04,0129354,,0,*,1)
20260827 21:55:44.454 return: 100
20260827 21:55:44.454 DealQuery(F,F04,0129354,,*)
20260827 21:55:44.454 return: 100
20260827 21:55:44.454 UserDefinsFunc(Func=RA003|bhno=F04|acno=0129354|suba=|FC=N,RA003)
20260827 21:55:44.455 return: 100
20260827 21:55:44.455 ReportQuery(F,F04,0129354,,0,*,1)
20260827 21:55:44.455 return: 100
20260827 21:55:44.455 DealQuery(F,F04,0129354,,*)
20260827 21:55:44.455 return: 100
20260827 21:55:44.455 UserDefinsFunc(Func=RA003|bhno=F04|acno=0129354|suba=|FC=N,RA003)
20260827 21:55:44.456 return: 100
20260827 21:55:44.459 OnDealQuery(0):
20260827 21:55:44.459 OnReportQuery(0):
20260827 21:55:44.459 OnReportQuery(0):
20260827 21:55:44.465 OnReportQuery(0):
20260827 21:55:44.465 OnDealQuery(0):
20260827 21:55:44.465 OnDealQuery(0):
20260827 21:55:44.467 OnDealQuery(0):
20260827 21:55:44.467 OnReportQuery(0):
20260827 21:55:44.467 OnUserDefinsFuncResult(0):retc=00001|time=215544|emsg=查無資料 (0)|caltime=2026/08/27 21:55:44
WorkID=RA003
20260827 21:55:44.478 OnUserDefinsFuncResult(0):retc=00001|time=215544|emsg=查無資料 (0)|caltime=2026/08/27 21:55:44
WorkID=RA003
20260827 21:55:44.478 OnUserDefinsFuncResult(0):retc=00001|time=215544|emsg=查無資料 (0)|caltime=2026/08/27 21:55:44
WorkID=RA003
20260827 21:55:44.478 OnUserDefinsFuncResult(0):retc=00001|time=215544|emsg=查無資料 (0)|caltime=2026/08/27 21:55:44
WorkID=RA003
20260827 21:55:44.478 OnUserDefinsFuncResult(0):retc=00001|time=215544|emsg=查無資料 (0)|caltime=2026/08/27 21:55:44
WorkID=RA003
20260827 21:55:44.486 ReportQuery(F,F04,0129354,,0,*,1)
20260827 21:55:44.486 return: 100
20260827 21:55:44.486 DealQuery(F,F04,0129354,,*)
20260827 21:55:44.486 return: 100
20260827 21:55:44.486 UserDefinsFunc(Func=RA003|bhno=F04|acno=0129354|suba=|FC=N,RA003)
20260827 21:55:44.486 return: 100
20260827 21:55:44.486 ReportQuery(F,F04,0129354,,0,*,1)
20260827 21:55:44.486 return: 100
20260827 21:55:44.486 DealQuery(F,F04,0129354,,*)
20260827 21:55:44.486 return: 100
20260827 21:55:44.486 UserDefinsFunc(Func=RA003|bhno=F04|acno=0129354|suba=|FC=N,RA003)
20260827 21:55:44.486 return: 100
20260827 21:55:44.499 OnReportQuery(0):
20260827 21:55:44.504 OnDealQuery(0):
20260827 21:55:44.504 OnDealQuery(0):
20260827 21:55:44.504 OnReportQuery(0):
20260827 21:55:44.515 ReportQuery(F,F04,0129354,,0,*,1)
20260827 21:55:44.515 return: 100
20260827 21:55:44.515 DealQuery(F,F04,0129354,,*)
20260827 21:55:44.516 return: 100
20260827 21:55:44.516 UserDefinsFunc(Func=RA003|bhno=F04|acno=0129354|suba=|FC=N,RA003)
20260827 21:55:44.516 return: 100
20260827 21:55:44.516 ReportQuery(F,F04,0129354,,0,*,1)
20260827 21:55:44.516 return: 100
20260827 21:55:44.516 DealQuery(F,F04,0129354,,*)
20260827 21:55:44.516 return: 100
20260827 21:55:44.516 UserDefinsFunc(Func=RA003|bhno=F04|acno=0129354|suba=|FC=N,RA003)
20260827 21:55:44.516 OnUserDefinsFuncResult(0):retc=00001|time=215544|emsg=查無資料 (0)|caltime=2026/08/27 21:55:44
WorkID=RA003
20260827 21:55:44.517 OnUserDefinsFuncResult(0):retc=00001|time=215544|emsg=查無資料 (0)|caltime=2026/08/27 21:55:44
WorkID=RA003
20260827 21:55:44.528 OnDealQuery(0):
20260827 21:55:44.528 OnReportQuery(0):
20260827 21:55:44.528 OnReportQuery(0):
20260827 21:55:44.528 OnDealQuery(0):
20260827 21:55:44.540 ReportQuery(F,F04,0129354,,0,*,1)
20260827 21:55:44.540 return: 100
20260827 21:55:44.540 DealQuery(F,F04,0129354,,*)
20260827 21:55:44.544 return: 100
20260827 21:55:44.544 UserDefinsFunc(Func=RA003|bhno=F04|acno=0129354|suba=|FC=N,RA003)
20260827 21:55:44.544 return: 100
20260827 21:55:44.544 ReportQuery(F,F04,0129354,,0,*,1)
20260827 21:55:44.544 return: 100
20260827 21:55:44.544 DealQuery(F,F04,0129354,,*)
20260827 21:55:44.544 return: 100
20260827 21:55:44.544 UserDefinsFunc(Func=RA003|bhno=F04|acno=0129354|suba=|FC=N,RA003)
20260827 21:55:44.544 return: 100
20260827 21:55:44.552 OnUserDefinsFuncResult(0):retc=00001|time=215544|emsg=查無資料 (0)|caltime=2026/08/27 21:55:44
WorkID=RA003
20260827 21:55:44.565 OnUserDefinsFuncResult(0):retc=00001|time=215544|emsg=查無資料 (0)|caltime=2026/08/27 21:55:44
WorkID=RA003
20260827 21:55:44.565 OnReportQuery(0):
20260827 21:55:44.565 OnDealQuery(0):
20260827 21:55:44.565 OnDealQuery(0):
20260827 21:55:44.565 OnReportQuery(0):
20260827 21:55:44.566 OnUserDefinsFuncResult(0):retc=00001|time=215544|emsg=查無資料 (0)|caltime=2026/08/27 21:55:44
WorkID=RA003
20260827 21:55:44.568 OnUserDefinsFuncResult(0):retc=00001|time=215544|emsg=查無資料 (0)|caltime=2026/08/27 21:55:44
WorkID=RA003
20260827 21:55:44.568 ReportQuery(F,F04,0129354,,0,*,1)
20260827 21:55:44.568 return: 100
20260827 21:55:44.568 DealQuery(F,F04,0129354,,*)
20260827 21:55:44.568 return: 100
20260827 21:55:44.568 UserDefinsFunc(Func=RA003|bhno=F04|acno=0129354|suba=|FC=N,RA003)
20260827 21:55:44.568 return: 100
20260827 21:55:44.568 ReportQuery(F,F04,0129354,,0,*,1)
20260827 21:55:44.568 return: 100
20260827 21:55:44.568 DealQuery(F,F04,0129354,,*)
20260827 21:55:44.568 return: 100
20260827 21:55:44.568 UserDefinsFunc(Func=RA003|bhno=F04|acno=0129354|suba=|FC=N,RA003)
20260827 21:55:44.568 return: 100
20260827 21:55:44.580 OnDealQuery(0):
20260827 21:55:44.580 OnReportQuery(0):
20260827 21:55:44.580 OnReportQuery(0):
20260827 21:55:44.580 OnDealQuery(0):
20260827 21:55:44.591 OnUserDefinsFuncResult(0):retc=00001|time=215544|emsg=查無資料 (0)|caltime=2026/08/27 21:55:44
WorkID=RA003
20260827 21:55:44.601 OnUserDefinsFuncResult(0):retc=00001|time=215544|emsg=查無資料 (0)|caltime=2026/08/27 21:55:44
WorkID=RA003
20260827 21:55:44.604 ReportQuery(F,F04,0129354,,0,*,1)
20260827 21:55:44.604 return: 100
20260827 21:55:44.604 DealQuery(F,F04,0129354,,*)
20260827 21:55:44.604 return: 100
20260827 21:55:44.604 UserDefinsFunc(Func=RA003|bhno=F04|acno=0129354|suba=|FC=N,RA003)
20260827 21:55:44.604 return: 100
20260827 21:55:44.604 ReportQuery(F,F04,0129354,,0,*,1)
20260827 21:55:44.604 return: 100
20260827 21:55:44.604 DealQuery(F,F04,0129354,,*)
20260827 21:55:44.604 return: 100
20260827 21:55:44.604 UserDefinsFunc(Func=RA003|bhno=F04|acno=0129354|suba=|FC=N,RA003)
20260827 21:55:44.604 return: 100
20260827 21:55:44.617 OnReportQuery(0):
20260827 21:55:44.617 OnDealQuery(0):
20260827 21:55:44.617 OnReportQuery(0):
20260827 21:55:44.617 OnDealQuery(0):
20260827 21:55:44.632 ReportQuery(F,F04,0129354,,0,*,1)
20260827 21:55:44.632 return: 100
20260827 21:55:44.632 DealQuery(F,F04,0129354,,*)
20260827 21:55:44.632 return: 100
20260827 21:55:44.632 UserDefinsFunc(Func=RA003|bhno=F04|acno=0129354|suba=|FC=N,RA003)
20260827 21:55:44.632 return: 100
20260827 21:55:44.632 OnUserDefinsFuncResult(0):retc=00001|time=215544|emsg=查無資料 (0)|caltime=2026/08/27 21:55:44
WorkID=RA003
20260827 21:55:44.632 ReportQuery(F,F04,0129354,,0,*,1)
20260827 21:55:44.632 return: 100
20260827 21:55:44.632 OnUserDefinsFuncResult(0):retc=00001|time=215544|emsg=查無資料 (0)|caltime=2026/08/27 21:55:44
WorkID=RA003
20260827 21:55:44.632 DealQuery(F,F04,0129354,,*)
20260827 21:55:44.632 return: 100
20260827 21:55:44.632 UserDefinsFunc(Func=RA003|bhno=F04|acno=0129354|suba=|FC=N,RA003)
20260827 21:55:44.632 return: 100
20260827 21:55:44.641 OnDealQuery(0):
20260827 21:55:44.641 OnReportQuery(0):
20260827 21:55:44.641 OnReportQuery(0):
20260827 21:55:44.641 OnDealQuery(0):
20260827 21:55:44.653 OnUserDefinsFuncResult(0):retc=00001|time=215544|emsg=查無資料 (0)|caltime=2026/08/27 21:55:44
WorkID=RA003
20260827 21:55:44.653 OnUserDefinsFuncResult(0):retc=00001|time=215544|emsg=查無資料 (0)|caltime=2026/08/27 21:55:44
WorkID=RA003
20260827 21:55:44.660 ReportQuery(F,F04,0129354,,0,*,1)
20260827 21:55:44.661 return: 100
20260827 21:55:44.661 DealQuery(F,F04,0129354,,*)
20260827 21:55:44.661 return: 100
20260827 21:55:44.661 UserDefinsFunc(Func=RA003|bhno=F04|acno=0129354|suba=|FC=N,RA003)
20260827 21:55:44.661 return: 100
20260827 21:55:44.661 ReportQuery(F,F04,0129354,,0,*,1)
20260827 21:55:44.661 return: 100
20260827 21:55:44.662 DealQuery(F,F04,0129354,,*)
20260827 21:55:44.662 return: 100
20260827 21:55:44.662 UserDefinsFunc(Func=RA003|bhno=F04|acno=0129354|suba=|FC=N,RA003)
20260827 21:55:44.662 return: 100
20260827 21:55:44.671 OnDealQuery(0):
20260827 21:55:44.671 OnReportQuery(0):
20260827 21:55:44.671 OnReportQuery(0):
20260827 21:55:44.671 OnDealQuery(0):
20260827 21:55:44.683 OnUserDefinsFuncResult(0):retc=00001|time=215544|emsg=查無資料 (0)|caltime=2026/08/27 21:55:44
WorkID=RA003
20260827 21:55:44.683 OnUserDefinsFuncResult(0):retc=00001|time=215544|emsg=查無資料 (0)|caltime=2026/08/27 21:55:44
WorkID=RA003
20260827 21:55:44.689 ReportQuery(F,F04,0129354,,0,*,1)
20260827 21:55:44.689 return: 100
20260827 21:55:44.689 DealQuery(F,F04,0129354,,*)
20260827 21:55:44.689 return: 100
20260827 21:55:44.689 UserDefinsFunc(Func=RA003|bhno=F04|acno=0129354|suba=|FC=N,RA003)
20260827 21:55:44.689 return: 100
20260827 21:55:44.689 ReportQuery(F,F04,0129354,,0,*,1)
20260827 21:55:44.689 return: 100
20260827 21:55:44.689 DealQuery(F,F04,0129354,,*)
20260827 21:55:44.689 return: 100
20260827 21:55:44.689 UserDefinsFunc(Func=RA003|bhno=F04|acno=0129354|suba=|FC=N,RA003)
20260827 21:55:44.689 return: 100
20260827 21:55:44.720 ReportQuery(F,F04,0129354,,0,*,1)
20260827 21:55:44.721 return: 100
20260827 21:55:44.721 DealQuery(F,F04,0129354,,*)
20260827 21:55:44.721 return: 100
20260827 21:55:44.721 UserDefinsFunc(Func=RA003|bhno=F04|acno=0129354|suba=|FC=N,RA003)
20260827 21:55:44.721 return: 100
20260827 21:55:44.721 ReportQuery(F,F04,0129354,,0,*,1)
20260827 21:55:44.722 return: 100
20260827 21:55:44.722 DealQuery(F,F04,0129354,,*)
20260827 21:55:44.722 return: 100
20260827 21:55:44.722 UserDefinsFunc(Func=RA003|bhno=F04|acno=0129354|suba=|FC=N,RA003)
20260827 21:55:44.722 return: 100
20260827 21:55:44.726 OnReportQuery(0):
20260827 21:55:44.726 OnDealQuery(0):
20260827 21:55:44.726 OnReportQuery(0):
20260827 21:55:44.726 OnDealQuery(0):
20260827 21:55:44.736 OnReportQuery(0):
20260827 21:55:44.736 OnDealQuery(0):
20260827 21:55:44.736 OnDealQuery(0):
20260827 21:55:44.736 OnReportQuery(0):
20260827 21:55:44.744 OnUserDefinsFuncResult(0):retc=00001|time=215544|emsg=查無資料 (0)|caltime=2026/08/27 21:55:44
WorkID=RA003
20260827 21:55:44.744 OnUserDefinsFuncResult(0):retc=00001|time=215544|emsg=查無資料 (0)|caltime=2026/08/27 21:55:44
WorkID=RA003
20260827 21:55:44.750 ReportQuery(F,F04,0129354,,0,*,1)
20260827 21:55:44.751 return: 100
20260827 21:55:44.751 DealQuery(F,F04,0129354,,*)
20260827 21:55:44.751 return: 100
20260827 21:55:44.751 UserDefinsFunc(Func=RA003|bhno=F04|acno=0129354|suba=|FC=N,RA003)
20260827 21:55:44.751 return: 100
20260827 21:55:44.751 ReportQuery(F,F04,0129354,,0,*,1)
20260827 21:55:44.751 return: 100
20260827 21:55:44.751 DealQuery(F,F04,0129354,,*)
20260827 21:55:44.751 return: 100
20260827 21:55:44.751 UserDefinsFunc(Func=RA003|bhno=F04|acno=0129354|suba=|FC=N,RA003)
20260827 21:55:44.751 return: 100
20260827 21:55:44.765 OnUserDefinsFuncResult(0):retc=00001|time=215544|emsg=查無資料 (0)|caltime=2026/08/27 21:55:44
WorkID=RA003
20260827 21:55:44.765 OnUserDefinsFuncResult(0):retc=00001|time=215544|emsg=查無資料 (0)|caltime=2026/08/27 21:55:44
WorkID=RA003
20260827 21:55:44.778 OnReportQuery(0):
20260827 21:55:44.778 OnDealQuery(0):
20260827 21:55:44.779 OnDealQuery(0):
20260827 21:55:44.779 OnReportQuery(0):
20260827 21:55:44.782 OnUserDefinsFuncResult(0):retc=00001|time=215544|emsg=查無資料 (0)|caltime=2026/08/27 21:55:44
WorkID=RA003
20260827 21:55:44.782 OnUserDefinsFuncResult(0):retc=00001|time=215544|emsg=查無資料 (0)|caltime=2026/08/27 21:55:44
WorkID=RA003
20260827 21:55:44.782 ReportQuery(F,F04,0129354,,0,*,1)
20260827 21:55:44.782 return: 100
20260827 21:55:44.782 DealQuery(F,F04,0129354,,*)
20260827 21:55:44.782 return: 100
20260827 21:55:44.782 UserDefinsFunc(Func=RA003|bhno=F04|acno=0129354|suba=|FC=N,RA003)
20260827 21:55:44.782 return: 100
20260827 21:55:44.782 ReportQuery(F,F04,0129354,,0,*,1)
20260827 21:55:44.782 return: 100
20260827 21:55:44.786 DealQuery(F,F04,0129354,,*)
20260827 21:55:44.786 return: 100
20260827 21:55:44.786 UserDefinsFunc(Func=RA003|bhno=F04|acno=0129354|suba=|FC=N,RA003)
20260827 21:55:44.786 return: 100
20260827 21:55:44.796 OnReportQuery(0):
20260827 21:55:44.796 OnReportQuery(0):
20260827 21:55:44.797 OnDealQuery(0):
20260827 21:55:44.797 OnDealQuery(0):
20260827 21:55:44.803 OnUserDefinsFuncResult(0):retc=00001|time=215544|emsg=查無資料 (0)|caltime=2026/08/27 21:55:44
WorkID=RA003
20260827 21:55:44.813 OnUserDefinsFuncResult(0):retc=00001|time=215544|emsg=查無資料 (0)|caltime=2026/08/27 21:55:44
WorkID=RA003
20260827 21:55:44.817 ReportQuery(F,F04,0129354,,0,*,1)
20260827 21:55:44.817 return: 100
20260827 21:55:44.817 DealQuery(F,F04,0129354,,*)
20260827 21:55:44.817 return: 100
20260827 21:55:44.817 UserDefinsFunc(Func=RA003|bhno=F04|acno=0129354|suba=|FC=N,RA003)
20260827 21:55:44.817 return: 100
20260827 21:55:44.817 ReportQuery(F,F04,0129354,,0,*,1)
20260827 21:55:44.817 return: 100
20260827 21:55:44.817 DealQuery(F,F04,0129354,,*)
20260827 21:55:44.817 return: 100
20260827 21:55:44.817 UserDefinsFunc(Func=RA003|bhno=F04|acno=0129354|suba=|FC=N,RA003)
20260827 21:55:44.817 return: 100
20260827 21:55:44.829 OnDealQuery(0):
20260827 21:55:44.829 OnReportQuery(0):
20260827 21:55:44.829 OnDealQuery(0):
20260827 21:55:44.829 OnReportQuery(0):
20260827 21:55:44.837 OnUserDefinsFuncResult(0):retc=00001|time=215544|emsg=查無資料 (0)|caltime=2026/08/27 21:55:44
WorkID=RA003
20260827 21:55:44.847 OnUserDefinsFuncResult(0):retc=00001|time=215544|emsg=查無資料 (0)|caltime=2026/08/27 21:55:44
WorkID=RA003
20260827 21:55:44.854 ReportQuery(F,F04,0129354,,0,*,1)
20260827 21:55:44.854 return: 100
20260827 21:55:44.854 DealQuery(F,F04,0129354,,*)
20260827 21:55:44.854 return: 100
20260827 21:55:44.854 UserDefinsFunc(Func=RA003|bhno=F04|acno=0129354|suba=|FC=N,RA003)
20260827 21:55:44.854 return: 100
20260827 21:55:44.854 ReportQuery(F,F04,0129354,,0,*,1)
20260827 21:55:44.854 return: 100
20260827 21:55:44.854 DealQuery(F,F04,0129354,,*)
20260827 21:55:44.854 return: 100
20260827 21:55:44.854 UserDefinsFunc(Func=RA003|bhno=F04|acno=0129354|suba=|FC=N,RA003)
20260827 21:55:44.854 return: 100
20260827 21:55:44.861 OnDealQuery(0):
20260827 21:55:44.861 OnReportQuery(0):
20260827 21:55:44.865 OnDealQuery(0):
20260827 21:55:44.866 OnReportQuery(0):
20260827 21:55:44.870 OnUserDefinsFuncResult(0):retc=00001|time=215544|emsg=查無資料 (0)|caltime=2026/08/27 21:55:44
WorkID=RA003
20260827 21:55:44.879 OnUserDefinsFuncResult(0):retc=00001|time=215544|emsg=查無資料 (0)|caltime=2026/08/27 21:55:44
WorkID=RA003
20260827 21:55:44.884 ReportQuery(F,F04,0129354,,0,*,1)
20260827 21:55:44.884 return: 100
20260827 21:55:44.884 DealQuery(F,F04,0129354,,*)
20260827 21:55:44.884 return: 100
20260827 21:55:44.884 UserDefinsFunc(Func=RA003|bhno=F04|acno=0129354|suba=|FC=N,RA003)
20260827 21:55:44.884 return: 100
20260827 21:55:44.884 ReportQuery(F,F04,0129354,,0,*,1)
20260827 21:55:44.886 return: 100
20260827 21:55:44.886 DealQuery(F,F04,0129354,,*)
20260827 21:55:44.886 return: 100
20260827 21:55:44.886 UserDefinsFunc(Func=RA003|bhno=F04|acno=0129354|suba=|FC=N,RA003)
20260827 21:55:44.887 return: 100
20260827 21:55:44.890 OnReportQuery(0):
20260827 21:55:44.896 OnReportQuery(0):
20260827 21:55:44.896 OnDealQuery(0):
20260827 21:55:44.896 OnDealQuery(0):
20260827 21:55:44.908 OnUserDefinsFuncResult(0):retc=00001|time=215544|emsg=查無資料 (0)|caltime=2026/08/27 21:55:44
WorkID=RA003
20260827 21:55:44.911 OnUserDefinsFuncResult(0):retc=00001|time=215544|emsg=查無資料 (0)|caltime=2026/08/27 21:55:44
WorkID=RA003
20260827 21:55:44.917 ReportQuery(F,F04,0129354,,0,*,1)
20260827 21:55:44.917 return: 100
20260827 21:55:44.918 DealQuery(F,F04,0129354,,*)
20260827 21:55:44.918 return: 100
20260827 21:55:44.918 UserDefinsFunc(Func=RA003|bhno=F04|acno=0129354|suba=|FC=N,RA003)
20260827 21:55:44.918 return: 100
20260827 21:55:44.918 ReportQuery(F,F04,0129354,,0,*,1)
20260827 21:55:44.918 return: 100
20260827 21:55:44.918 DealQuery(F,F04,0129354,,*)
20260827 21:55:44.918 return: 100
20260827 21:55:44.918 UserDefinsFunc(Func=RA003|bhno=F04|acno=0129354|suba=|FC=N,RA003)
20260827 21:55:44.919 return: 100
20260827 21:55:44.923 OnReportQuery(0):
20260827 21:55:44.923 OnDealQuery(0):
20260827 21:55:44.923 OnReportQuery(0):
20260827 21:55:44.923 OnDealQuery(0):
20260827 21:55:44.933 OnUserDefinsFuncResult(0):retc=00001|time=215544|emsg=查無資料 (0)|caltime=2026/08/27 21:55:44
WorkID=RA003
20260827 21:55:44.944 OnUserDefinsFuncResult(0):retc=00001|time=215544|emsg=查無資料 (0)|caltime=2026/08/27 21:55:44
WorkID=RA003
20260827 21:55:44.945 ReportQuery(F,F04,0129354,,0,*,1)
20260827 21:55:44.946 return: 100
20260827 21:55:44.946 DealQuery(F,F04,0129354,,*)
20260827 21:55:44.946 return: 100
20260827 21:55:44.946 UserDefinsFunc(Func=RA003|bhno=F04|acno=0129354|suba=|FC=N,RA003)
20260827 21:55:44.946 return: 100
20260827 21:55:44.946 ReportQuery(F,F04,0129354,,0,*,1)
20260827 21:55:44.946 return: 100
20260827 21:55:44.946 DealQuery(F,F04,0129354,,*)
20260827 21:55:44.946 return: 100
20260827 21:55:44.946 UserDefinsFunc(Func=RA003|bhno=F04|acno=0129354|suba=|FC=N,RA003)
20260827 21:55:44.947 return: 100
20260827 21:55:44.952 OnReportQuery(0):
20260827 21:55:44.952 OnDealQuery(0):
20260827 21:55:44.952 OnReportQuery(0):
20260827 21:55:44.952 OnDealQuery(0):
20260827 21:55:44.965 ReportQuery(F,F04,0129354,,0,*,1)
20260827 21:55:44.965 return: 100
20260827 21:55:44.965 DealQuery(F,F04,0129354,,*)
20260827 21:55:44.965 return: 100
20260827 21:55:44.965 UserDefinsFunc(Func=RA003|bhno=F04|acno=0129354|suba=|FC=N,RA003)
20260827 21:55:44.965 return: 100
20260827 21:55:44.974 ReportQuery(F,F04,0129354,,0,*,1)
20260827 21:55:44.974 return: 100
20260827 21:55:44.974 DealQuery(F,F04,0129354,,*)
20260827 21:55:44.974 return: 100
20260827 21:55:44.974 UserDefinsFunc(Func=RA003|bhno=F04|acno=0129354|suba=|FC=N,RA003)
20260827 21:55:44.974 return: 100
20260827 21:55:44.975 OnUserDefinsFuncResult(0):retc=00001|time=215544|emsg=查無資料 (0)|caltime=2026/08/27 21:55:44
WorkID=RA003
20260827 21:55:44.975 OnUserDefinsFuncResult(0):retc=00001|time=215544|emsg=查無資料 (0)|caltime=2026/08/27 21:55:44
WorkID=RA003
20260827 21:55:45.000 ReportQuery(F,F04,0129354,,0,*,1)
20260827 21:55:45.000 return: 100
20260827 21:55:45.001 DealQuery(F,F04,0129354,,*)
20260827 21:55:45.001 return: 100
20260827 21:55:45.001 UserDefinsFunc(Func=RA003|bhno=F04|acno=0129354|suba=|FC=N,RA003)
20260827 21:55:45.001 return: 100
20260827 21:55:45.001 ReportQuery(F,F04,0129354,,0,*,1)
20260827 21:55:45.001 return: 100
20260827 21:55:45.001 DealQuery(F,F04,0129354,,*)
20260827 21:55:45.003 return: 100
20260827 21:55:45.003 UserDefinsFunc(Func=RA003|bhno=F04|acno=0129354|suba=|FC=N,RA003)
20260827 21:55:45.003 return: 100
20260827 21:55:45.024 OnDealQuery(0):
20260827 21:55:45.024 OnReportQuery(0):
20260827 21:55:45.024 OnReportQuery(0):
20260827 21:55:45.024 OnDealQuery(0):
20260827 21:55:45.024 OnUserDefinsFuncResult(0):retc=00001|time=215544|emsg=查無資料 (0)|caltime=2026/08/27 21:55:44
WorkID=RA003
20260827 21:55:45.025 OnUserDefinsFuncResult(0):retc=00001|time=215544|emsg=查無資料 (0)|caltime=2026/08/27 21:55:44
WorkID=RA003
20260827 21:55:45.025 OnDealQuery(0):
20260827 21:55:45.025 OnReportQuery(0):
20260827 21:55:45.030 OnReportQuery(0):
20260827 21:55:45.030 OnDealQuery(0):
20260827 21:55:45.035 ReportQuery(F,F04,0129354,,0,*,1)
20260827 21:55:45.035 return: 100
20260827 21:55:45.035 DealQuery(F,F04,0129354,,*)
20260827 21:55:45.035 return: 100
20260827 21:55:45.035 UserDefinsFunc(Func=RA003|bhno=F04|acno=0129354|suba=|FC=N,RA003)
20260827 21:55:45.035 return: 100
20260827 21:55:45.036 ReportQuery(F,F04,0129354,,0,*,1)
20260827 21:55:45.036 return: 100
20260827 21:55:45.036 DealQuery(F,F04,0129354,,*)
20260827 21:55:45.036 return: 100
20260827 21:55:45.036 UserDefinsFunc(Func=RA003|bhno=F04|acno=0129354|suba=|FC=N,RA003)
20260827 21:55:45.036 return: 100
20260827 21:55:45.042 OnUserDefinsFuncResult(0):retc=00001|time=215545|emsg=查無資料 (0)|caltime=2026/08/27 21:55:44
WorkID=RA003
20260827 21:55:45.042 OnUserDefinsFuncResult(0):retc=00001|time=215545|emsg=查無資料 (0)|caltime=2026/08/27 21:55:44
WorkID=RA003
20260827 21:55:45.064 OnDealQuery(0):
20260827 21:55:45.064 OnReportQuery(0):
20260827 21:55:45.064 OnReportQuery(0):
20260827 21:55:45.064 OnDealQuery(0):
20260827 21:55:45.065 ReportQuery(F,F04,0129354,,0,*,1)
20260827 21:55:45.065 return: 100
20260827 21:55:45.065 DealQuery(F,F04,0129354,,*)
20260827 21:55:45.065 return: 100
20260827 21:55:45.065 UserDefinsFunc(Func=RA003|bhno=F04|acno=0129354|suba=|FC=N,RA003)
20260827 21:55:45.065 return: 100
20260827 21:55:45.065 ReportQuery(F,F04,0129354,,0,*,1)
20260827 21:55:45.065 return: 100
20260827 21:55:45.065 DealQuery(F,F04,0129354,,*)
20260827 21:55:45.065 return: 100
20260827 21:55:45.065 UserDefinsFunc(Func=RA003|bhno=F04|acno=0129354|suba=|FC=N,RA003)
20260827 21:55:45.065 return: 100
20260827 21:55:45.069 OnUserDefinsFuncResult(0):retc=00001|time=215545|emsg=查無資料 (0)|caltime=2026/08/27 21:55:45
WorkID=RA003
20260827 21:55:45.077 OnReportQuery(0):
20260827 21:55:45.077 OnDealQuery(0):
20260827 21:55:45.079 OnDealQuery(0):
20260827 21:55:45.079 OnReportQuery(0):
20260827 21:55:45.080 OnUserDefinsFuncResult(0):retc=00001|time=215545|emsg=查無資料 (0)|caltime=2026/08/27 21:55:45
WorkID=RA003
20260827 21:55:45.093 OnUserDefinsFuncResult(0):retc=00001|time=215545|emsg=查無資料 (0)|caltime=2026/08/27 21:55:45
WorkID=RA003
20260827 21:55:45.094 OnUserDefinsFuncResult(0):retc=00001|time=215545|emsg=查無資料 (0)|caltime=2026/08/27 21:55:45
WorkID=RA003
20260827 21:55:45.096 ReportQuery(F,F04,0129354,,0,*,1)
20260827 21:55:45.096 return: 100
20260827 21:55:45.096 DealQuery(F,F04,0129354,,*)
20260827 21:55:45.096 return: 100
20260827 21:55:45.096 UserDefinsFunc(Func=RA003|bhno=F04|acno=0129354|suba=|FC=N,RA003)
20260827 21:55:45.097 return: 100
20260827 21:55:45.097 ReportQuery(F,F04,0129354,,0,*,1)
20260827 21:55:45.097 return: 100
20260827 21:55:45.097 DealQuery(F,F04,0129354,,*)
20260827 21:55:45.097 return: 100
20260827 21:55:45.097 UserDefinsFunc(Func=RA003|bhno=F04|acno=0129354|suba=|FC=N,RA003)
20260827 21:55:45.098 return: 100
20260827 21:55:45.104 OnReportQuery(0):
20260827 21:55:45.107 OnDealQuery(0):
20260827 21:55:45.108 OnReportQuery(0):
20260827 21:55:45.117 OnDealQuery(0):
20260827 21:55:45.121 OnUserDefinsFuncResult(0):retc=00001|time=215545|emsg=查無資料 (0)|caltime=2026/08/27 21:55:45
WorkID=RA003
20260827 21:55:45.129 ReportQuery(F,F04,0129354,,0,*,1)
20260827 21:55:45.129 return: 100
20260827 21:55:45.129 DealQuery(F,F04,0129354,,*)
20260827 21:55:45.129 return: 100
20260827 21:55:45.129 UserDefinsFunc(Func=RA003|bhno=F04|acno=0129354|suba=|FC=N,RA003)
20260827 21:55:45.129 return: 100
20260827 21:55:45.130 ReportQuery(F,F04,0129354,,0,*,1)
20260827 21:55:45.130 return: 100
20260827 21:55:45.130 DealQuery(F,F04,0129354,,*)
20260827 21:55:45.130 return: 100
20260827 21:55:45.130 UserDefinsFunc(Func=RA003|bhno=F04|acno=0129354|suba=|FC=N,RA003)
20260827 21:55:45.130 return: 100
20260827 21:55:45.132 OnUserDefinsFuncResult(0):retc=00001|time=215545|emsg=查無資料 (0)|caltime=2026/08/27 21:55:45
WorkID=RA003
20260827 21:55:45.132 OnReportQuery(0):
20260827 21:55:45.132 OnDealQuery(0):
20260827 21:55:45.154 OnReportQuery(0):
20260827 21:55:45.157 ReportQuery(F,F04,0129354,,0,*,1)
20260827 21:55:45.157 return: 100
20260827 21:55:45.157 DealQuery(F,F04,0129354,,*)
20260827 21:55:45.157 return: 100
20260827 21:55:45.157 UserDefinsFunc(Func=RA003|bhno=F04|acno=0129354|suba=|FC=N,RA003)
20260827 21:55:45.157 return: 100
20260827 21:55:45.157 ReportQuery(F,F04,0129354,,0,*,1)
20260827 21:55:45.157 return: 100
20260827 21:55:45.158 DealQuery(F,F04,0129354,,*)
20260827 21:55:45.158 return: 100
20260827 21:55:45.158 UserDefinsFunc(Func=RA003|bhno=F04|acno=0129354|suba=|FC=N,RA003)
20260827 21:55:45.158 return: 100
20260827 21:55:45.158 OnUserDefinsFuncResult(0):retc=00001|time=215545|emsg=查無資料 (0)|caltime=2026/08/27 21:55:45
WorkID=RA003
20260827 21:55:45.164 OnDealQuery(0):
20260827 21:55:45.166 OnDealQuery(0):
20260827 21:55:45.166 OnReportQuery(0):
20260827 21:55:45.167 OnReportQuery(0):
20260827 21:55:45.169 OnDealQuery(0):
20260827 21:55:45.174 OnUserDefinsFuncResult(0):retc=00001|time=215545|emsg=查無資料 (0)|caltime=2026/08/27 21:55:45
WorkID=RA003
20260827 21:55:45.174 OnUserDefinsFuncResult(0):retc=00001|time=215545|emsg=查無資料 (0)|caltime=2026/08/27 21:55:45
WorkID=RA003
20260827 21:55:45.180 OnUserDefinsFuncResult(0):retc=00001|time=215545|emsg=查無資料 (0)|caltime=2026/08/27 21:55:45
WorkID=RA003
20260827 21:55:45.180 ReportQuery(F,F04,0129354,,0,*,1)
20260827 21:55:45.180 return: 100
20260827 21:55:45.180 DealQuery(F,F04,0129354,,*)
20260827 21:55:45.180 return: 100
20260827 21:55:45.180 UserDefinsFunc(Func=RA003|bhno=F04|acno=0129354|suba=|FC=N,RA003)
20260827 21:55:45.180 return: 100
20260827 21:55:45.180 ReportQuery(F,F04,0129354,,0,*,1)
20260827 21:55:45.180 return: 100
20260827 21:55:45.180 DealQuery(F,F04,0129354,,*)
20260827 21:55:45.180 return: 100
20260827 21:55:45.180 UserDefinsFunc(Func=RA003|bhno=F04|acno=0129354|suba=|FC=N,RA003)
20260827 21:55:45.180 return: 100
20260827 21:55:45.192 OnDealQuery(0):
20260827 21:55:45.192 OnReportQuery(0):
20260827 21:55:45.192 OnReportQuery(0):
20260827 21:55:45.192 OnDealQuery(0):
20260827 21:55:45.202 OnUserDefinsFuncResult(0):retc=00001|time=215545|emsg=查無資料 (0)|caltime=2026/08/27 21:55:45
WorkID=RA003
20260827 21:55:45.210 OnUserDefinsFuncResult(0):retc=00001|time=215545|emsg=查無資料 (0)|caltime=2026/08/27 21:55:45
WorkID=RA003
20260827 21:55:45.210 ReportQuery(F,F04,0129354,,0,*,1)
20260827 21:55:45.210 return: 100
20260827 21:55:45.210 DealQuery(F,F04,0129354,,*)
20260827 21:55:45.210 return: 100
20260827 21:55:45.210 UserDefinsFunc(Func=RA003|bhno=F04|acno=0129354|suba=|FC=N,RA003)
20260827 21:55:45.210 return: 100
20260827 21:55:45.210 ReportQuery(F,F04,0129354,,0,*,1)
20260827 21:55:45.210 return: 100
20260827 21:55:45.210 DealQuery(F,F04,0129354,,*)
20260827 21:55:45.210 return: 100
20260827 21:55:45.210 UserDefinsFunc(Func=RA003|bhno=F04|acno=0129354|suba=|FC=N,RA003)
20260827 21:55:45.210 return: 100
20260827 21:55:45.222 OnReportQuery(0):
20260827 21:55:45.222 OnDealQuery(0):
20260827 21:55:45.223 OnReportQuery(0):
20260827 21:55:45.223 OnDealQuery(0):
20260827 21:55:45.232 OnUserDefinsFuncResult(0):retc=00001|time=215545|emsg=查無資料 (0)|caltime=2026/08/27 21:55:45
WorkID=RA003
20260827 21:55:45.241 ReportQuery(F,F04,0129354,,0,*,1)
20260827 21:55:45.242 return: 100
20260827 21:55:45.242 DealQuery(F,F04,0129354,,*)
20260827 21:55:45.242 return: 100
20260827 21:55:45.242 UserDefinsFunc(Func=RA003|bhno=F04|acno=0129354|suba=|FC=N,RA003)
20260827 21:55:45.242 return: 100
20260827 21:55:45.243 ReportQuery(F,F04,0129354,,0,*,1)
20260827 21:55:45.243 return: 100
20260827 21:55:45.243 DealQuery(F,F04,0129354,,*)
20260827 21:55:45.243 return: 100
20260827 21:55:45.243 UserDefinsFunc(Func=RA003|bhno=F04|acno=0129354|suba=|FC=N,RA003)
20260827 21:55:45.243 return: 100
20260827 21:55:45.268 ReportQuery(F,F04,0129354,,0,*,1)
20260827 21:55:45.268 return: 100
20260827 21:55:45.268 DealQuery(F,F04,0129354,,*)
20260827 21:55:45.268 return: 100
20260827 21:55:45.268 UserDefinsFunc(Func=RA003|bhno=F04|acno=0129354|suba=|FC=N,RA003)
20260827 21:55:45.268 return: 100
20260827 21:55:45.268 ReportQuery(F,F04,0129354,,0,*,1)
20260827 21:55:45.268 return: 100
20260827 21:55:45.268 DealQuery(F,F04,0129354,,*)
20260827 21:55:45.268 return: 100
20260827 21:55:45.268 UserDefinsFunc(Func=RA003|bhno=F04|acno=0129354|suba=|FC=N,RA003)
20260827 21:55:45.268 return: 100
20260827 21:55:45.268 OnUserDefinsFuncResult(0):retc=00001|time=215545|emsg=查無資料 (0)|caltime=2026/08/27 21:55:45
WorkID=RA003
20260827 21:55:45.291 OnReportQuery(0):
20260827 21:55:45.291 OnDealQuery(0):
20260827 21:55:45.291 OnReportQuery(0):
20260827 21:55:45.291 OnDealQuery(0):
20260827 21:55:45.291 OnReportQuery(0):
20260827 21:55:45.298 ReportQuery(F,F04,0129354,,0,*,1)
20260827 21:55:45.298 return: 100
20260827 21:55:45.298 DealQuery(F,F04,0129354,,*)
20260827 21:55:45.298 return: 100
20260827 21:55:45.299 UserDefinsFunc(Func=RA003|bhno=F04|acno=0129354|suba=|FC=N,RA003)
20260827 21:55:45.299 return: 100
20260827 21:55:45.299 ReportQuery(F,F04,0129354,,0,*,1)
20260827 21:55:45.299 return: 100
20260827 21:55:45.299 DealQuery(F,F04,0129354,,*)
20260827 21:55:45.299 return: 100
20260827 21:55:45.299 UserDefinsFunc(Func=RA003|bhno=F04|acno=0129354|suba=|FC=N,RA003)
20260827 21:55:45.299 return: 100
20260827 21:55:45.301 OnUserDefinsFuncResult(0):retc=00001|time=215545|emsg=查無資料 (0)|caltime=2026/08/27 21:55:45
WorkID=RA003
20260827 21:55:45.302 OnUserDefinsFuncResult(0):retc=00001|time=215545|emsg=查無資料 (0)|caltime=2026/08/27 21:55:45
WorkID=RA003
20260827 21:55:45.303 OnDealQuery(0):
20260827 21:55:45.306 OnReportQuery(0):
20260827 21:55:45.306 OnDealQuery(0):
20260827 21:55:45.311 OnUserDefinsFuncResult(0):retc=00001|time=215545|emsg=查無資料 (0)|caltime=2026/08/27 21:55:45
WorkID=RA003
20260827 21:55:45.322 OnUserDefinsFuncResult(0):retc=00001|time=215545|emsg=查無資料 (0)|caltime=2026/08/27 21:55:45
WorkID=RA003
20260827 21:55:45.328 ReportQuery(F,F04,0129354,,0,*,1)
20260827 21:55:45.328 return: 100
20260827 21:55:45.328 DealQuery(F,F04,0129354,,*)
20260827 21:55:45.329 return: 100
20260827 21:55:45.329 UserDefinsFunc(Func=RA003|bhno=F04|acno=0129354|suba=|FC=N,RA003)
20260827 21:55:45.329 return: 100
20260827 21:55:45.329 ReportQuery(F,F04,0129354,,0,*,1)
20260827 21:55:45.329 return: 100
20260827 21:55:45.329 DealQuery(F,F04,0129354,,*)
20260827 21:55:45.329 return: 100
20260827 21:55:45.329 UserDefinsFunc(Func=RA003|bhno=F04|acno=0129354|suba=|FC=N,RA003)
20260827 21:55:45.329 return: 100
20260827 21:55:45.332 OnReportQuery(0):
20260827 21:55:45.332 OnDealQuery(0):
20260827 21:55:45.332 OnReportQuery(0):
20260827 21:55:45.332 OnDealQuery(0):
20260827 21:55:45.348 OnUserDefinsFuncResult(0):retc=00001|time=215545|emsg=查無資料 (0)|caltime=2026/08/27 21:55:45
WorkID=RA003
20260827 21:55:45.348 OnUserDefinsFuncResult(0):retc=00001|time=215545|emsg=查無資料 (0)|caltime=2026/08/27 21:55:45
WorkID=RA003
20260827 21:55:45.355 ReportQuery(F,F04,0129354,,0,*,1)
20260827 21:55:45.355 return: 100
20260827 21:55:45.355 DealQuery(F,F04,0129354,,*)
20260827 21:55:45.355 return: 100
20260827 21:55:45.355 UserDefinsFunc(Func=RA003|bhno=F04|acno=0129354|suba=|FC=N,RA003)
20260827 21:55:45.355 return: 100
20260827 21:55:45.355 ReportQuery(F,F04,0129354,,0,*,1)
20260827 21:55:45.355 return: 100
20260827 21:55:45.355 DealQuery(F,F04,0129354,,*)
20260827 21:55:45.355 return: 100
20260827 21:55:45.355 UserDefinsFunc(Func=RA003|bhno=F04|acno=0129354|suba=|FC=N,RA003)
20260827 21:55:45.355 return: 100
20260827 21:55:45.372 OnReportQuery(0):
20260827 21:55:45.373 OnDealQuery(0):
20260827 21:55:45.380 OnReportQuery(0):
20260827 21:55:45.381 OnDealQuery(0):
20260827 21:55:45.381 OnReportQuery(0):
20260827 21:55:45.385 OnDealQuery(0):
20260827 21:55:45.385 OnReportQuery(0):
20260827 21:55:45.385 OnDealQuery(0):
20260827 21:55:45.385 ReportQuery(F,F04,0129354,,0,*,1)
20260827 21:55:45.385 return: 100
20260827 21:55:45.385 DealQuery(F,F04,0129354,,*)
20260827 21:55:45.385 return: 100
20260827 21:55:45.385 UserDefinsFunc(Func=RA003|bhno=F04|acno=0129354|suba=|FC=N,RA003)
20260827 21:55:45.385 OnUserDefinsFuncResult(0):retc=00001|time=215545|emsg=查無資料 (0)|caltime=2026/08/27 21:55:45
WorkID=RA003
20260827 21:55:45.385 return: 100
20260827 21:55:45.385 OnUserDefinsFuncResult(0):retc=00001|time=215545|emsg=查無資料 (0)|caltime=2026/08/27 21:55:45
WorkID=RA003
20260827 21:55:45.385 ReportQuery(F,F04,0129354,,0,*,1)
20260827 21:55:45.385 OnUserDefinsFuncResult(0):retc=00001|time=215545|emsg=查無資料 (0)|caltime=2026/08/27 21:55:45
WorkID=RA003
20260827 21:55:45.385 return: 100
20260827 21:55:45.385 DealQuery(F,F04,0129354,,*)
20260827 21:55:45.385 return: 100
20260827 21:55:45.385 UserDefinsFunc(Func=RA003|bhno=F04|acno=0129354|suba=|FC=N,RA003)
20260827 21:55:45.385 return: 100
20260827 21:55:45.395 OnUserDefinsFuncResult(0):retc=00001|time=215545|emsg=查無資料 (0)|caltime=2026/08/27 21:55:45
WorkID=RA003
20260827 21:55:45.399 OnReportQuery(0):
20260827 21:55:45.411 OnDealQuery(0):
20260827 21:55:45.411 OnDealQuery(0):
20260827 21:55:45.411 OnReportQuery(0):
20260827 21:55:45.417 ReportQuery(F,F04,0129354,,0,*,1)
20260827 21:55:45.417 return: 100
20260827 21:55:45.417 DealQuery(F,F04,0129354,,*)
20260827 21:55:45.417 return: 100
20260827 21:55:45.419 UserDefinsFunc(Func=RA003|bhno=F04|acno=0129354|suba=|FC=N,RA003)
20260827 21:55:45.419 return: 100
20260827 21:55:45.419 ReportQuery(F,F04,0129354,,0,*,1)
20260827 21:55:45.419 return: 100
20260827 21:55:45.419 DealQuery(F,F04,0129354,,*)
20260827 21:55:45.419 return: 100
20260827 21:55:45.419 UserDefinsFunc(Func=RA003|bhno=F04|acno=0129354|suba=|FC=N,RA003)
20260827 21:55:45.419 return: 100
20260827 21:55:45.423 OnUserDefinsFuncResult(0):retc=00001|time=215545|emsg=查無資料 (0)|caltime=2026/08/27 21:55:45
WorkID=RA003
20260827 21:55:45.423 OnUserDefinsFuncResult(0):retc=00001|time=215545|emsg=查無資料 (0)|caltime=2026/08/27 21:55:45
WorkID=RA003
20260827 21:55:45.443 ReportQuery(F,F04,0129354,,0,*,1)
20260827 21:55:45.443 return: 100
20260827 21:55:45.444 DealQuery(F,F04,0129354,,*)
20260827 21:55:45.444 return: 100
20260827 21:55:45.444 UserDefinsFunc(Func=RA003|bhno=F04|acno=0129354|suba=|FC=N,RA003)
20260827 21:55:45.445 return: 100
20260827 21:55:45.445 ReportQuery(F,F04,0129354,,0,*,1)
20260827 21:55:45.445 OnReportQuery(0):
20260827 21:55:45.445 return: 100
20260827 21:55:45.445 DealQuery(F,F04,0129354,,*)
20260827 21:55:45.445 return: 100
20260827 21:55:45.445 UserDefinsFunc(Func=RA003|bhno=F04|acno=0129354|suba=|FC=N,RA003)
20260827 21:55:45.445 return: 100
20260827 21:55:45.446 OnDealQuery(0):
20260827 21:55:45.454 OnReportQuery(0):
20260827 21:55:45.467 OnUserDefinsFuncResult(0):retc=00001|time=215545|emsg=查無資料 (0)|caltime=2026/08/27 21:55:45
WorkID=RA003
20260827 21:55:45.467 ReportQuery(F,F04,0129354,,0,*,1)
20260827 21:55:45.467 return: 100
20260827 21:55:45.467 DealQuery(F,F04,0129354,,*)
20260827 21:55:45.467 return: 100
20260827 21:55:45.467 UserDefinsFunc(Func=RA003|bhno=F04|acno=0129354|suba=|FC=N,RA003)
20260827 21:55:45.467 return: 100
20260827 21:55:45.467 ReportQuery(F,F04,0129354,,0,*,1)
20260827 21:55:45.467 return: 100
20260827 21:55:45.467 OnDealQuery(0):
20260827 21:55:45.467 DealQuery(F,F04,0129354,,*)
20260827 21:55:45.467 return: 100
20260827 21:55:45.467 UserDefinsFunc(Func=RA003|bhno=F04|acno=0129354|suba=|FC=N,RA003)
20260827 21:55:45.467 return: 100
20260827 21:55:45.485 OnReportQuery(0):
20260827 21:55:45.486 OnUserDefinsFuncResult(0):retc=00001|time=215545|emsg=查無資料 (0)|caltime=2026/08/27 21:55:45
WorkID=RA003
20260827 21:55:45.492 OnDealQuery(0):
20260827 21:55:45.501 ReportQuery(F,F04,0129354,,0,*,1)
20260827 21:55:45.501 return: 100
20260827 21:55:45.502 DealQuery(F,F04,0129354,,*)
20260827 21:55:45.502 return: 100
20260827 21:55:45.502 UserDefinsFunc(Func=RA003|bhno=F04|acno=0129354|suba=|FC=N,RA003)
20260827 21:55:45.502 return: 100
20260827 21:55:45.502 ReportQuery(F,F04,0129354,,0,*,1)
20260827 21:55:45.502 return: 100
20260827 21:55:45.502 DealQuery(F,F04,0129354,,*)
20260827 21:55:45.502 return: 100
20260827 21:55:45.502 UserDefinsFunc(Func=RA003|bhno=F04|acno=0129354|suba=|FC=N,RA003)
20260827 21:55:45.502 return: 100
20260827 21:55:45.525 ReportQuery(F,F04,0129354,,0,*,1)
20260827 21:55:45.525 return: 100
20260827 21:55:45.525 DealQuery(F,F04,0129354,,*)
20260827 21:55:45.525 return: 100
20260827 21:55:45.525 UserDefinsFunc(Func=RA003|bhno=F04|acno=0129354|suba=|FC=N,RA003)
20260827 21:55:45.525 return: 100
20260827 21:55:45.525 ReportQuery(F,F04,0129354,,0,*,1)
20260827 21:55:45.525 return: 100
20260827 21:55:45.525 DealQuery(F,F04,0129354,,*)
20260827 21:55:45.525 return: 100
20260827 21:55:45.525 UserDefinsFunc(Func=RA003|bhno=F04|acno=0129354|suba=|FC=N,RA003)
20260827 21:55:45.525 return: 100
20260827 21:55:45.544 OnUserDefinsFuncResult(0):retc=00001|time=215545|emsg=查無資料 (0)|caltime=2026/08/27 21:55:45
WorkID=RA003
20260827 21:55:45.552 ReportQuery(F,F04,0129354,,0,*,1)
20260827 21:55:45.552 return: 100
20260827 21:55:45.552 DealQuery(F,F04,0129354,,*)
20260827 21:55:45.552 return: 100
20260827 21:55:45.553 UserDefinsFunc(Func=RA003|bhno=F04|acno=0129354|suba=|FC=N,RA003)
20260827 21:55:45.553 return: 100
20260827 21:55:45.553 ReportQuery(F,F04,0129354,,0,*,1)
20260827 21:55:45.553 return: 100
20260827 21:55:45.553 DealQuery(F,F04,0129354,,*)
20260827 21:55:45.553 return: 100
20260827 21:55:45.553 UserDefinsFunc(Func=RA003|bhno=F04|acno=0129354|suba=|FC=N,RA003)
20260827 21:55:45.553 return: 100
20260827 21:55:45.574 ReportQuery(F,F04,0129354,,0,*,1)
20260827 21:55:45.574 return: 100
20260827 21:55:45.574 DealQuery(F,F04,0129354,,*)
20260827 21:55:45.574 return: 100
20260827 21:55:45.574 UserDefinsFunc(Func=RA003|bhno=F04|acno=0129354|suba=|FC=N,RA003)
20260827 21:55:45.574 return: 100
20260827 21:55:45.574 ReportQuery(F,F04,0129354,,0,*,1)
20260827 21:55:45.574 return: 100
20260827 21:55:45.581 DealQuery(F,F04,0129354,,*)
20260827 21:55:45.581 return: 100
20260827 21:55:45.581 UserDefinsFunc(Func=RA003|bhno=F04|acno=0129354|suba=|FC=N,RA003)
20260827 21:55:45.581 return: 100
20260827 21:55:45.595 OnReportQuery(0):
20260827 21:55:45.596 OnDealQuery(0):
20260827 21:55:45.596 OnReportQuery(0):
20260827 21:55:45.596 OnDealQuery(0):
20260827 21:55:45.596 OnReportQuery(0):
20260827 21:55:45.596 OnDealQuery(0):
20260827 21:55:45.604 OnUserDefinsFuncResult(0):retc=00001|time=215545|emsg=查無資料 (0)|caltime=2026/08/27 21:55:45
WorkID=RA003
20260827 21:55:45.604 OnUserDefinsFuncResult(0):retc=00001|time=215545|emsg=查無資料 (0)|caltime=2026/08/27 21:55:45
WorkID=RA003
20260827 21:55:45.607 ReportQuery(F,F04,0129354,,0,*,1)
20260827 21:55:45.607 return: 100
20260827 21:55:45.607 DealQuery(F,F04,0129354,,*)
20260827 21:55:45.607 return: 100
20260827 21:55:45.607 UserDefinsFunc(Func=RA003|bhno=F04|acno=0129354|suba=|FC=N,RA003)
20260827 21:55:45.607 return: 100
20260827 21:55:45.607 ReportQuery(F,F04,0129354,,0,*,1)
20260827 21:55:45.607 return: 100
20260827 21:55:45.607 OnUserDefinsFuncResult(0):retc=00001|time=215545|emsg=查無資料 (0)|caltime=2026/08/27 21:55:45
WorkID=RA003
20260827 21:55:45.607 DealQuery(F,F04,0129354,,*)
20260827 21:55:45.607 return: 100
20260827 21:55:45.607 UserDefinsFunc(Func=RA003|bhno=F04|acno=0129354|suba=|FC=N,RA003)
20260827 21:55:45.607 return: 100
20260827 21:55:45.626 OnReportQuery(0):
20260827 21:55:45.632 ReportQuery(F,F04,0129354,,0,*,1)
20260827 21:55:45.632 return: 100
20260827 21:55:45.632 DealQuery(F,F04,0129354,,*)
20260827 21:55:45.632 return: 100
20260827 21:55:45.632 UserDefinsFunc(Func=RA003|bhno=F04|acno=0129354|suba=|FC=N,RA003)
20260827 21:55:45.632 return: 100
20260827 21:55:45.634 ReportQuery(F,F04,0129354,,0,*,1)
20260827 21:55:45.634 return: 100
20260827 21:55:45.634 DealQuery(F,F04,0129354,,*)
20260827 21:55:45.634 return: 100
20260827 21:55:45.634 UserDefinsFunc(Func=RA003|bhno=F04|acno=0129354|suba=|FC=N,RA003)
20260827 21:55:45.634 return: 100
20260827 21:55:45.660 ReportQuery(F,F04,0129354,,0,*,1)
20260827 21:55:45.660 return: 100
20260827 21:55:45.660 DealQuery(F,F04,0129354,,*)
20260827 21:55:45.660 return: 100
20260827 21:55:45.660 UserDefinsFunc(Func=RA003|bhno=F04|acno=0129354|suba=|FC=N,RA003)
20260827 21:55:45.660 return: 100
20260827 21:55:45.661 ReportQuery(F,F04,0129354,,0,*,1)
20260827 21:55:45.661 return: 100
20260827 21:55:45.661 DealQuery(F,F04,0129354,,*)
20260827 21:55:45.661 return: 100
20260827 21:55:45.661 UserDefinsFunc(Func=RA003|bhno=F04|acno=0129354|suba=|FC=N,RA003)
20260827 21:55:45.661 return: 100
20260827 21:55:45.685 ReportQuery(F,F04,0129354,,0,*,1)
20260827 21:55:45.685 return: 100
20260827 21:55:45.685 DealQuery(F,F04,0129354,,*)
20260827 21:55:45.685 return: 100
20260827 21:55:45.685 UserDefinsFunc(Func=RA003|bhno=F04|acno=0129354|suba=|FC=N,RA003)
20260827 21:55:45.685 return: 100
20260827 21:55:45.685 ReportQuery(F,F04,0129354,,0,*,1)
20260827 21:55:45.689 return: 100
20260827 21:55:45.689 DealQuery(F,F04,0129354,,*)
20260827 21:55:45.689 return: 100
20260827 21:55:45.689 UserDefinsFunc(Func=RA003|bhno=F04|acno=0129354|suba=|FC=N,RA003)
20260827 21:55:45.689 return: 100
20260827 21:55:45.709 ReportQuery(F,F04,0129354,,0,*,1)
20260827 21:55:45.713 return: 100
20260827 21:55:45.713 DealQuery(F,F04,0129354,,*)
20260827 21:55:45.713 return: 100
20260827 21:55:45.713 UserDefinsFunc(Func=RA003|bhno=F04|acno=0129354|suba=|FC=N,RA003)
20260827 21:55:45.713 return: 100
20260827 21:55:45.713 ReportQuery(F,F04,0129354,,0,*,1)
20260827 21:55:45.713 return: 100
20260827 21:55:45.713 DealQuery(F,F04,0129354,,*)
20260827 21:55:45.713 return: 100
20260827 21:55:45.713 UserDefinsFunc(Func=RA003|bhno=F04|acno=0129354|suba=|FC=N,RA003)
20260827 21:55:45.713 return: 100
20260827 21:55:45.738 ReportQuery(F,F04,0129354,,0,*,1)
20260827 21:55:45.738 return: 100
20260827 21:55:45.738 DealQuery(F,F04,0129354,,*)
20260827 21:55:45.738 return: 100
20260827 21:55:45.738 UserDefinsFunc(Func=RA003|bhno=F04|acno=0129354|suba=|FC=N,RA003)
20260827 21:55:45.738 return: 100
20260827 21:55:45.738 ReportQuery(F,F04,0129354,,0,*,1)
20260827 21:55:45.738 return: 100
20260827 21:55:45.738 DealQuery(F,F04,0129354,,*)
20260827 21:55:45.738 return: 100
20260827 21:55:45.738 UserDefinsFunc(Func=RA003|bhno=F04|acno=0129354|suba=|FC=N,RA003)
20260827 21:55:45.738 return: 100
20260827 21:55:45.764 ReportQuery(F,F04,0129354,,0,*,1)
20260827 21:55:45.764 return: 100
20260827 21:55:45.764 DealQuery(F,F04,0129354,,*)
20260827 21:55:45.764 return: 100
20260827 21:55:45.764 UserDefinsFunc(Func=RA003|bhno=F04|acno=0129354|suba=|FC=N,RA003)
20260827 21:55:45.764 return: 100
20260827 21:55:45.765 ReportQuery(F,F04,0129354,,0,*,1)
20260827 21:55:45.765 return: 100
20260827 21:55:45.765 DealQuery(F,F04,0129354,,*)
20260827 21:55:45.765 return: 100
20260827 21:55:45.765 UserDefinsFunc(Func=RA003|bhno=F04|acno=0129354|suba=|FC=N,RA003)
20260827 21:55:45.765 return: 100
20260827 21:55:45.786 ReportQuery(F,F04,0129354,,0,*,1)
20260827 21:55:45.786 return: 100
20260827 21:55:45.786 DealQuery(F,F04,0129354,,*)
20260827 21:55:45.786 return: 100
20260827 21:55:45.786 UserDefinsFunc(Func=RA003|bhno=F04|acno=0129354|suba=|FC=N,RA003)
20260827 21:55:45.786 return: 100
20260827 21:55:45.786 ReportQuery(F,F04,0129354,,0,*,1)
20260827 21:55:45.786 return: 100
20260827 21:55:45.786 DealQuery(F,F04,0129354,,*)
20260827 21:55:45.786 return: 100
20260827 21:55:45.786 UserDefinsFunc(Func=RA003|bhno=F04|acno=0129354|suba=|FC=N,RA003)
20260827 21:55:45.786 return: 100
20260827 21:55:45.808 OnDealQuery(0):
20260827 21:55:45.813 ReportQuery(F,F04,0129354,,0,*,1)
20260827 21:55:45.813 return: 100
20260827 21:55:45.813 DealQuery(F,F04,0129354,,*)
20260827 21:55:45.813 return: 100
20260827 21:55:45.813 UserDefinsFunc(Func=RA003|bhno=F04|acno=0129354|suba=|FC=N,RA003)
20260827 21:55:45.813 return: 100
20260827 21:55:45.813 ReportQuery(F,F04,0129354,,0,*,1)
20260827 21:55:45.813 return: 100
20260827 21:55:45.813 DealQuery(F,F04,0129354,,*)
20260827 21:55:45.813 return: 100
20260827 21:55:45.813 UserDefinsFunc(Func=RA003|bhno=F04|acno=0129354|suba=|FC=N,RA003)
20260827 21:55:45.813 return: 100
20260827 21:55:45.837 ReportQuery(F,F04,0129354,,0,*,1)
20260827 21:55:45.837 return: 100
20260827 21:55:45.837 DealQuery(F,F04,0129354,,*)
20260827 21:55:45.838 return: 100
20260827 21:55:45.838 UserDefinsFunc(Func=RA003|bhno=F04|acno=0129354|suba=|FC=N,RA003)
20260827 21:55:45.838 return: 100
20260827 21:55:45.838 ReportQuery(F,F04,0129354,,0,*,1)
20260827 21:55:45.838 return: 100
20260827 21:55:45.838 DealQuery(F,F04,0129354,,*)
20260827 21:55:45.839 return: 100
20260827 21:55:45.839 UserDefinsFunc(Func=RA003|bhno=F04|acno=0129354|suba=|FC=N,RA003)
20260827 21:55:45.839 return: 100
20260827 21:55:45.864 ReportQuery(F,F04,0129354,,0,*,1)
20260827 21:55:45.865 return: 100
20260827 21:55:45.865 DealQuery(F,F04,0129354,,*)
20260827 21:55:45.865 return: 100
20260827 21:55:45.865 UserDefinsFunc(Func=RA003|bhno=F04|acno=0129354|suba=|FC=N,RA003)
20260827 21:55:45.865 return: 100
20260827 21:55:45.865 ReportQuery(F,F04,0129354,,0,*,1)
20260827 21:55:45.865 return: 100
20260827 21:55:45.865 DealQuery(F,F04,0129354,,*)
20260827 21:55:45.865 return: 100
20260827 21:55:45.865 UserDefinsFunc(Func=RA003|bhno=F04|acno=0129354|suba=|FC=N,RA003)
20260827 21:55:45.865 return: 100
20260827 21:55:45.889 ReportQuery(F,F04,0129354,,0,*,1)
20260827 21:55:45.889 return: 100
20260827 21:55:45.889 DealQuery(F,F04,0129354,,*)
20260827 21:55:45.889 return: 100
20260827 21:55:45.889 UserDefinsFunc(Func=RA003|bhno=F04|acno=0129354|suba=|FC=N,RA003)
20260827 21:55:45.890 return: 100
20260827 21:55:45.890 ReportQuery(F,F04,0129354,,0,*,1)
20260827 21:55:45.890 return: 100
20260827 21:55:45.890 DealQuery(F,F04,0129354,,*)
20260827 21:55:45.890 return: 100
20260827 21:55:45.891 UserDefinsFunc(Func=RA003|bhno=F04|acno=0129354|suba=|FC=N,RA003)
20260827 21:55:45.891 return: 100
20260827 21:55:45.914 ReportQuery(F,F04,0129354,,0,*,1)
20260827 21:55:45.914 return: 100
20260827 21:55:45.914 DealQuery(F,F04,0129354,,*)
20260827 21:55:45.914 return: 100
20260827 21:55:45.914 UserDefinsFunc(Func=RA003|bhno=F04|acno=0129354|suba=|FC=N,RA003)
20260827 21:55:45.914 return: 100
20260827 21:55:45.914 ReportQuery(F,F04,0129354,,0,*,1)
20260827 21:55:45.914 return: 100
20260827 21:55:45.914 DealQuery(F,F04,0129354,,*)
20260827 21:55:45.914 return: 100
20260827 21:55:45.914 UserDefinsFunc(Func=RA003|bhno=F04|acno=0129354|suba=|FC=N,RA003)
20260827 21:55:45.914 return: 100
20260827 21:55:45.938 ReportQuery(F,F04,0129354,,0,*,1)
20260827 21:55:45.939 return: 100
20260827 21:55:45.939 DealQuery(F,F04,0129354,,*)
20260827 21:55:45.939 return: 100
20260827 21:55:45.939 UserDefinsFunc(Func=RA003|bhno=F04|acno=0129354|suba=|FC=N,RA003)
20260827 21:55:45.939 return: 100
20260827 21:55:45.939 ReportQuery(F,F04,0129354,,0,*,1)
20260827 21:55:45.939 return: 100
20260827 21:55:45.939 DealQuery(F,F04,0129354,,*)
20260827 21:55:45.939 return: 100
20260827 21:55:45.939 UserDefinsFunc(Func=RA003|bhno=F04|acno=0129354|suba=|FC=N,RA003)
20260827 21:55:45.939 return: 100
20260827 21:55:45.964 ReportQuery(F,F04,0129354,,0,*,1)
20260827 21:55:45.965 return: 100
20260827 21:55:45.965 DealQuery(F,F04,0129354,,*)
20260827 21:55:45.965 return: 100
20260827 21:55:45.965 UserDefinsFunc(Func=RA003|bhno=F04|acno=0129354|suba=|FC=N,RA003)
20260827 21:55:45.965 return: 100
20260827 21:55:45.965 ReportQuery(F,F04,0129354,,0,*,1)
20260827 21:55:45.965 return: 100
20260827 21:55:45.965 DealQuery(F,F04,0129354,,*)
20260827 21:55:45.965 return: 100
20260827 21:55:45.965 UserDefinsFunc(Func=RA003|bhno=F04|acno=0129354|suba=|FC=N,RA003)
20260827 21:55:45.965 return: 100
20260827 21:55:45.987 ReportQuery(F,F04,0129354,,0,*,1)
20260827 21:55:45.987 return: 100
20260827 21:55:45.987 DealQuery(F,F04,0129354,,*)
20260827 21:55:45.987 return: 100
20260827 21:55:45.987 UserDefinsFunc(Func=RA003|bhno=F04|acno=0129354|suba=|FC=N,RA003)
20260827 21:55:45.987 return: 100
20260827 21:55:45.987 ReportQuery(F,F04,0129354,,0,*,1)
20260827 21:55:45.987 return: 100
20260827 21:55:45.987 DealQuery(F,F04,0129354,,*)
20260827 21:55:45.987 return: 100
20260827 21:55:45.987 UserDefinsFunc(Func=RA003|bhno=F04|acno=0129354|suba=|FC=N,RA003)
20260827 21:55:45.987 return: 100
20260827 21:55:46.025 ReportQuery(F,F04,0129354,,0,*,1)
20260827 21:55:46.025 return: 100
20260827 21:55:46.025 DealQuery(F,F04,0129354,,*)
20260827 21:55:46.025 return: 100
20260827 21:55:46.025 UserDefinsFunc(Func=RA003|bhno=F04|acno=0129354|suba=|FC=N,RA003)
20260827 21:55:46.025 return: 100
20260827 21:55:46.025 ReportQuery(F,F04,0129354,,0,*,1)
20260827 21:55:46.025 return: 100
20260827 21:55:46.025 DealQuery(F,F04,0129354,,*)
20260827 21:55:46.025 return: 100
20260827 21:55:46.027 UserDefinsFunc(Func=RA003|bhno=F04|acno=0129354|suba=|FC=N,RA003)
20260827 21:55:46.027 return: 100
20260827 21:55:46.048 ReportQuery(F,F04,0129354,,0,*,1)
20260827 21:55:46.048 return: 100
20260827 21:55:46.048 DealQuery(F,F04,0129354,,*)
20260827 21:55:46.048 return: 100
20260827 21:55:46.048 UserDefinsFunc(Func=RA003|bhno=F04|acno=0129354|suba=|FC=N,RA003)
20260827 21:55:46.048 return: 100
20260827 21:55:46.048 ReportQuery(F,F04,0129354,,0,*,1)
20260827 21:55:46.048 return: 100
20260827 21:55:46.052 DealQuery(F,F04,0129354,,*)
20260827 21:55:46.052 return: 100
20260827 21:55:46.052 UserDefinsFunc(Func=RA003|bhno=F04|acno=0129354|suba=|FC=N,RA003)
20260827 21:55:46.053 return: 100
20260827 21:55:46.098 ReportQuery(F,F04,0129354,,0,*,1)
20260827 21:55:46.098 return: 100
20260827 21:55:46.098 DealQuery(F,F04,0129354,,*)
20260827 21:55:46.098 return: 100
20260827 21:55:46.098 UserDefinsFunc(Func=RA003|bhno=F04|acno=0129354|suba=|FC=N,RA003)
20260827 21:55:46.098 return: 100
20260827 21:55:46.098 ReportQuery(F,F04,0129354,,0,*,1)
20260827 21:55:46.098 return: 100
20260827 21:55:46.100 DealQuery(F,F04,0129354,,*)
20260827 21:55:46.100 return: 100
20260827 21:55:46.100 UserDefinsFunc(Func=RA003|bhno=F04|acno=0129354|suba=|FC=N,RA003)
20260827 21:55:46.100 return: 100
20260827 21:55:46.136 ReportQuery(F,F04,0129354,,0,*,1)
20260827 21:55:46.137 return: 100
20260827 21:55:46.137 DealQuery(F,F04,0129354,,*)
20260827 21:55:46.137 return: 100
20260827 21:55:46.137 UserDefinsFunc(Func=RA003|bhno=F04|acno=0129354|suba=|FC=N,RA003)
20260827 21:55:46.137 return: 100
20260827 21:55:46.137 ReportQuery(F,F04,0129354,,0,*,1)
20260827 21:55:46.137 return: 100
20260827 21:55:46.137 DealQuery(F,F04,0129354,,*)
20260827 21:55:46.137 return: 100
20260827 21:55:46.137 UserDefinsFunc(Func=RA003|bhno=F04|acno=0129354|suba=|FC=N,RA003)
20260827 21:55:46.137 return: 100
20260827 21:55:46.165 ReportQuery(F,F04,0129354,,0,*,1)
20260827 21:55:46.166 return: 100
20260827 21:55:46.166 DealQuery(F,F04,0129354,,*)
20260827 21:55:46.166 return: 100
20260827 21:55:46.166 UserDefinsFunc(Func=RA003|bhno=F04|acno=0129354|suba=|FC=N,RA003)
20260827 21:55:46.166 return: 100
20260827 21:55:46.167 ReportQuery(F,F04,0129354,,0,*,1)
20260827 21:55:46.167 return: 100
20260827 21:55:46.167 DealQuery(F,F04,0129354,,*)
20260827 21:55:46.167 return: 100
20260827 21:55:46.167 UserDefinsFunc(Func=RA003|bhno=F04|acno=0129354|suba=|FC=N,RA003)
20260827 21:55:46.168 return: 100
20260827 21:55:46.199 ReportQuery(F,F04,0129354,,0,*,1)
20260827 21:55:46.199 return: 100
20260827 21:55:46.199 DealQuery(F,F04,0129354,,*)
20260827 21:55:46.200 return: 100
20260827 21:55:46.200 UserDefinsFunc(Func=RA003|bhno=F04|acno=0129354|suba=|FC=N,RA003)
20260827 21:55:46.200 return: 100
20260827 21:55:46.200 ReportQuery(F,F04,0129354,,0,*,1)
20260827 21:55:46.200 return: 100
20260827 21:55:46.200 DealQuery(F,F04,0129354,,*)
20260827 21:55:46.201 return: 100
20260827 21:55:46.201 UserDefinsFunc(Func=RA003|bhno=F04|acno=0129354|suba=|FC=N,RA003)
20260827 21:55:46.201 return: 100
20260827 21:55:46.229 ReportQuery(F,F04,0129354,,0,*,1)
20260827 21:55:46.229 return: 100
20260827 21:55:46.229 DealQuery(F,F04,0129354,,*)
20260827 21:55:46.229 return: 100
20260827 21:55:46.229 UserDefinsFunc(Func=RA003|bhno=F04|acno=0129354|suba=|FC=N,RA003)
20260827 21:55:46.229 return: 100
20260827 21:55:46.229 ReportQuery(F,F04,0129354,,0,*,1)
20260827 21:55:46.229 return: 100
20260827 21:55:46.229 DealQuery(F,F04,0129354,,*)
20260827 21:55:46.229 return: 100
20260827 21:55:46.229 UserDefinsFunc(Func=RA003|bhno=F04|acno=0129354|suba=|FC=N,RA003)
20260827 21:55:46.229 return: 100
20260827 21:55:46.258 ReportQuery(F,F04,0129354,,0,*,1)
20260827 21:55:46.258 return: 100
20260827 21:55:46.258 DealQuery(F,F04,0129354,,*)
20260827 21:55:46.258 return: 100
20260827 21:55:46.258 UserDefinsFunc(Func=RA003|bhno=F04|acno=0129354|suba=|FC=N,RA003)
20260827 21:55:46.258 return: 100
20260827 21:55:46.259 ReportQuery(F,F04,0129354,,0,*,1)
20260827 21:55:46.259 return: 100
20260827 21:55:46.259 DealQuery(F,F04,0129354,,*)
20260827 21:55:46.259 return: 100
20260827 21:55:46.259 UserDefinsFunc(Func=RA003|bhno=F04|acno=0129354|suba=|FC=N,RA003)
20260827 21:55:46.259 return: 100
20260827 21:55:46.285 ReportQuery(F,F04,0129354,,0,*,1)
20260827 21:55:46.285 return: 100
20260827 21:55:46.285 DealQuery(F,F04,0129354,,*)
20260827 21:55:46.285 return: 100
20260827 21:55:46.285 UserDefinsFunc(Func=RA003|bhno=F04|acno=0129354|suba=|FC=N,RA003)
20260827 21:55:46.285 return: 100
20260827 21:55:46.285 ReportQuery(F,F04,0129354,,0,*,1)
20260827 21:55:46.285 return: 100
20260827 21:55:46.285 DealQuery(F,F04,0129354,,*)
20260827 21:55:46.285 return: 100
20260827 21:55:46.285 UserDefinsFunc(Func=RA003|bhno=F04|acno=0129354|suba=|FC=N,RA003)
20260827 21:55:46.287 return: 100
20260827 21:55:46.309 ReportQuery(F,F04,0129354,,0,*,1)
20260827 21:55:46.309 return: 100
20260827 21:55:46.309 DealQuery(F,F04,0129354,,*)
20260827 21:55:46.309 return: 100
20260827 21:55:46.309 UserDefinsFunc(Func=RA003|bhno=F04|acno=0129354|suba=|FC=N,RA003)
20260827 21:55:46.309 return: 100
20260827 21:55:46.309 ReportQuery(F,F04,0129354,,0,*,1)
20260827 21:55:46.309 return: 100
20260827 21:55:46.309 DealQuery(F,F04,0129354,,*)
20260827 21:55:46.309 return: 100
20260827 21:55:46.309 UserDefinsFunc(Func=RA003|bhno=F04|acno=0129354|suba=|FC=N,RA003)
20260827 21:55:46.309 return: 100
20260827 21:55:46.334 OnReportQuery(0):
20260827 21:55:46.335 OnReportQuery(0):
20260827 21:55:46.335 OnDealQuery(0):
20260827 21:55:46.335 OnDealQuery(0):
20260827 21:55:46.335 OnReportQuery(0):
20260827 21:55:46.335 OnUserDefinsFuncResult(0):retc=00001|time=215545|emsg=查無資料 (0)|caltime=2026/08/27 21:55:45
WorkID=RA003
20260827 21:55:46.335 OnDealQuery(0):
20260827 21:55:46.335 OnUserDefinsFuncResult(0):retc=00001|time=215545|emsg=查無資料 (0)|caltime=2026/08/27 21:55:45
WorkID=RA003
20260827 21:55:46.335 OnUserDefinsFuncResult(0):retc=00001|time=215545|emsg=查無資料 (0)|caltime=2026/08/27 21:55:45
WorkID=RA003
20260827 21:55:46.335 OnUserDefinsFuncResult(0):retc=00001|time=215546|emsg=查無資料 (0)|caltime=2026/08/27 21:55:45
WorkID=RA003
20260827 21:55:46.337 ReportQuery(F,F04,0129354,,0,*,1)
20260827 21:55:46.338 OnReportQuery(0):
20260827 21:55:46.338 return: 100
20260827 21:55:46.338 OnDealQuery(0):
20260827 21:55:46.339 OnDealQuery(0):
20260827 21:55:46.339 DealQuery(F,F04,0129354,,*)
20260827 21:55:46.339 OnReportQuery(0):
20260827 21:55:46.339 OnDealQuery(0):
20260827 21:55:46.339 return: 100
20260827 21:55:46.339 OnReportQuery(0):
20260827 21:55:46.339 UserDefinsFunc(Func=RA003|bhno=F04|acno=0129354|suba=|FC=N,RA003)
20260827 21:55:46.339 OnDealQuery(0):
20260827 21:55:46.339 OnReportQuery(0):
20260827 21:55:46.339 OnReportQuery(0):
20260827 21:55:46.339 return: 100
20260827 21:55:46.339 ReportQuery(F,F04,0129354,,0,*,1)
20260827 21:55:46.339 return: 100
20260827 21:55:46.339 DealQuery(F,F04,0129354,,*)
20260827 21:55:46.339 return: 100
20260827 21:55:46.339 UserDefinsFunc(Func=RA003|bhno=F04|acno=0129354|suba=|FC=N,RA003)
20260827 21:55:46.339 return: 100
20260827 21:55:46.369 OnDealQuery(0):
20260827 21:55:46.369 OnReportQuery(0):
20260827 21:55:46.369 ReportQuery(F,F04,0129354,,0,*,1)
20260827 21:55:46.369 OnDealQuery(0):
20260827 21:55:46.369 OnUserDefinsFuncResult(0):retc=00001|time=215546|emsg=查無資料 (0)|caltime=2026/08/27 21:55:46
WorkID=RA003
20260827 21:55:46.369 OnUserDefinsFuncResult(0):retc=00001|time=215546|emsg=查無資料 (0)|caltime=2026/08/27 21:55:46
WorkID=RA003
20260827 21:55:46.369 OnReportQuery(0):
20260827 21:55:46.369 OnDealQuery(0):
20260827 21:55:46.370 OnDealQuery(0):
20260827 21:55:46.370 OnReportQuery(0):
20260827 21:55:46.370 OnDealQuery(0):
20260827 21:55:46.370 OnReportQuery(0):
20260827 21:55:46.370 OnDealQuery(0):
20260827 21:55:46.370 OnReportQuery(0):
20260827 21:55:46.370 OnUserDefinsFuncResult(0):retc=00001|time=215546|emsg=查無資料 (0)|caltime=2026/08/27 21:55:46
WorkID=RA003
20260827 21:55:46.371 OnUserDefinsFuncResult(0):retc=00001|time=215546|emsg=查無資料 (0)|caltime=2026/08/27 21:55:46
WorkID=RA003
20260827 21:55:46.371 OnUserDefinsFuncResult(0):retc=00001|time=215546|emsg=查無資料 (0)|caltime=2026/08/27 21:55:46
WorkID=RA003
20260827 21:55:46.371 OnUserDefinsFuncResult(0):retc=00001|time=215546|emsg=查無資料 (0)|caltime=2026/08/27 21:55:46
WorkID=RA003
20260827 21:55:46.371 return: 100
20260827 21:55:46.371 OnUserDefinsFuncResult(0):retc=00001|time=215546|emsg=查無資料 (0)|caltime=2026/08/27 21:55:46
WorkID=RA003
20260827 21:55:46.371 DealQuery(F,F04,0129354,,*)
20260827 21:55:46.371 OnDealQuery(0):
20260827 21:55:46.371 return: 100
20260827 21:55:46.371 OnReportQuery(0):
20260827 21:55:46.371 UserDefinsFunc(Func=RA003|bhno=F04|acno=0129354|suba=|FC=N,RA003)
20260827 21:55:46.372 return: 100
20260827 21:55:46.372 ReportQuery(F,F04,0129354,,0,*,1)
20260827 21:55:46.372 return: 100
20260827 21:55:46.372 DealQuery(F,F04,0129354,,*)
20260827 21:55:46.372 return: 100
20260827 21:55:46.372 UserDefinsFunc(Func=RA003|bhno=F04|acno=0129354|suba=|FC=N,RA003)
20260827 21:55:46.372 return: 100
20260827 21:55:46.398 ReportQuery(F,F04,0129354,,0,*,1)
20260827 21:55:46.398 return: 100
20260827 21:55:46.398 DealQuery(F,F04,0129354,,*)
20260827 21:55:46.398 return: 100
20260827 21:55:46.398 UserDefinsFunc(Func=RA003|bhno=F04|acno=0129354|suba=|FC=N,RA003)
20260827 21:55:46.398 return: 100
20260827 21:55:46.398 ReportQuery(F,F04,0129354,,0,*,1)
20260827 21:55:46.398 return: 100
20260827 21:55:46.398 DealQuery(F,F04,0129354,,*)
20260827 21:55:46.398 return: 100
20260827 21:55:46.398 UserDefinsFunc(Func=RA003|bhno=F04|acno=0129354|suba=|FC=N,RA003)
20260827 21:55:46.398 return: 100
20260827 21:55:46.427 ReportQuery(F,F04,0129354,,0,*,1)
20260827 21:55:46.428 return: 100
20260827 21:55:46.428 DealQuery(F,F04,0129354,,*)
20260827 21:55:46.428 return: 100
20260827 21:55:46.428 UserDefinsFunc(Func=RA003|bhno=F04|acno=0129354|suba=|FC=N,RA003)
20260827 21:55:46.429 return: 100
20260827 21:55:46.429 ReportQuery(F,F04,0129354,,0,*,1)
20260827 21:55:46.429 return: 100
20260827 21:55:46.429 DealQuery(F,F04,0129354,,*)
20260827 21:55:46.429 return: 100
20260827 21:55:46.429 UserDefinsFunc(Func=RA003|bhno=F04|acno=0129354|suba=|FC=N,RA003)
20260827 21:55:46.429 return: 100
20260827 21:55:46.456 ReportQuery(F,F04,0129354,,0,*,1)
20260827 21:55:46.456 return: 100
20260827 21:55:46.456 DealQuery(F,F04,0129354,,*)
20260827 21:55:46.456 return: 100
20260827 21:55:46.456 UserDefinsFunc(Func=RA003|bhno=F04|acno=0129354|suba=|FC=N,RA003)
20260827 21:55:46.456 return: 100
20260827 21:55:46.456 ReportQuery(F,F04,0129354,,0,*,1)
20260827 21:55:46.456 return: 100
20260827 21:55:46.456 DealQuery(F,F04,0129354,,*)
20260827 21:55:46.456 return: 100
20260827 21:55:46.456 UserDefinsFunc(Func=RA003|bhno=F04|acno=0129354|suba=|FC=N,RA003)
20260827 21:55:46.456 return: 100
20260827 21:55:46.476 OnReportQuery(0):
20260827 21:55:46.476 OnDealQuery(0):
20260827 21:55:46.476 OnUserDefinsFuncResult(0):retc=00001|time=215546|emsg=查無資料 (0)|caltime=2026/08/27 21:55:46
WorkID=RA003
20260827 21:55:46.476 OnUserDefinsFuncResult(0):retc=00001|time=215546|emsg=查無資料 (0)|caltime=2026/08/27 21:55:46
WorkID=RA003
20260827 21:55:46.476 OnDealQuery(0):
20260827 21:55:46.476 OnReportQuery(0):
20260827 21:55:46.476 OnUserDefinsFuncResult(0):retc=00001|time=215546|emsg=查無資料 (0)|caltime=2026/08/27 21:55:46
WorkID=RA003
20260827 21:55:46.476 OnUserDefinsFuncResult(0):retc=00001|time=215546|emsg=查無資料 (0)|caltime=2026/08/27 21:55:46
WorkID=RA003
20260827 21:55:46.476 OnUserDefinsFuncResult(0):retc=00001|time=215546|emsg=查無資料 (0)|caltime=2026/08/27 21:55:46
WorkID=RA003
20260827 21:55:46.478 OnUserDefinsFuncResult(0):retc=00001|time=215546|emsg=查無資料 (0)|caltime=2026/08/27 21:55:46
WorkID=RA003
20260827 21:55:46.478 OnReportQuery(0):
20260827 21:55:46.478 OnDealQuery(0):
20260827 21:55:46.478 OnReportQuery(0):
20260827 21:55:46.478 OnReportQuery(0):
20260827 21:55:46.478 OnDealQuery(0):
20260827 21:55:46.478 OnDealQuery(0):
20260827 21:55:46.478 OnDealQuery(0):
20260827 21:55:46.478 OnReportQuery(0):
20260827 21:55:46.478 OnUserDefinsFuncResult(0):retc=00001|time=215546|emsg=查無資料 (0)|caltime=2026/08/27 21:55:46
WorkID=RA003
20260827 21:55:46.478 OnUserDefinsFuncResult(0):retc=00001|time=215546|emsg=查無資料 (0)|caltime=2026/08/27 21:55:46
WorkID=RA003
20260827 21:55:46.478 OnReportQuery(0):
20260827 21:55:46.479 OnDealQuery(0):
20260827 21:55:46.485 ReportQuery(F,F04,0129354,,0,*,1)
20260827 21:55:46.485 return: 100
20260827 21:55:46.485 DealQuery(F,F04,0129354,,*)
20260827 21:55:46.485 return: 100
20260827 21:55:46.485 UserDefinsFunc(Func=RA003|bhno=F04|acno=0129354|suba=|FC=N,RA003)
20260827 21:55:46.485 return: 100
20260827 21:55:46.485 ReportQuery(F,F04,0129354,,0,*,1)
20260827 21:55:46.485 return: 100
20260827 21:55:46.485 DealQuery(F,F04,0129354,,*)
20260827 21:55:46.485 return: 100
20260827 21:55:46.487 UserDefinsFunc(Func=RA003|bhno=F04|acno=0129354|suba=|FC=N,RA003)
20260827 21:55:46.487 return: 100
20260827 21:55:46.491 OnUserDefinsFuncResult(0):retc=00001|time=215546|emsg=查無資料 (0)|caltime=2026/08/27 21:55:46
WorkID=RA003
20260827 21:55:46.491 OnReportQuery(0):
20260827 21:55:46.491 OnDealQuery(0):
20260827 21:55:46.491 OnDealQuery(0):
20260827 21:55:46.491 OnReportQuery(0):
20260827 21:55:46.491 OnUserDefinsFuncResult(0):retc=00001|time=215546|emsg=查無資料 (0)|caltime=2026/08/27 21:55:46
WorkID=RA003
20260827 21:55:46.491 OnUserDefinsFuncResult(0):retc=00001|time=215546|emsg=查無資料 (0)|caltime=2026/08/27 21:55:46
WorkID=RA003
20260827 21:55:46.491 OnDealQuery(0):
20260827 21:55:46.491 OnReportQuery(0):
20260827 21:55:46.491 OnUserDefinsFuncResult(0):retc=00001|time=215546|emsg=查無資料 (0)|caltime=2026/08/27 21:55:46
WorkID=RA003
20260827 21:55:46.491 OnUserDefinsFuncResult(0):retc=00001|time=215546|emsg=查無資料 (0)|caltime=2026/08/27 21:55:46
WorkID=RA003
20260827 21:55:46.491 OnReportQuery(0):
20260827 21:55:46.491 OnDealQuery(0):
20260827 21:55:46.491 OnUserDefinsFuncResult(0):retc=00001|time=215546|emsg=查無資料 (0)|caltime=2026/08/27 21:55:46
WorkID=RA003
20260827 21:55:46.495 OnDealQuery(0):
20260827 21:55:46.495 OnReportQuery(0):
20260827 21:55:46.495 OnDealQuery(0):
20260827 21:55:46.495 OnReportQuery(0):
20260827 21:55:46.495 OnUserDefinsFuncResult(0):retc=00001|time=215546|emsg=查無資料 (0)|caltime=2026/08/27 21:55:46
WorkID=RA003
20260827 21:55:46.496 OnDealQuery(0):
20260827 21:55:46.496 OnReportQuery(0):
20260827 21:55:46.496 OnReportQuery(0):
20260827 21:55:46.496 OnDealQuery(0):
20260827 21:55:46.496 OnUserDefinsFuncResult(0):retc=00001|time=215546|emsg=查無資料 (0)|caltime=2026/08/27 21:55:46
WorkID=RA003
20260827 21:55:46.496 OnUserDefinsFuncResult(0):retc=00001|time=215546|emsg=查無資料 (0)|caltime=2026/08/27 21:55:46
WorkID=RA003
20260827 21:55:46.496 OnReportQuery(0):
20260827 21:55:46.497 OnDealQuery(0):
20260827 21:55:46.497 OnReportQuery(0):
20260827 21:55:46.514 ReportQuery(F,F04,0129354,,0,*,1)
20260827 21:55:46.515 return: 100
20260827 21:55:46.515 DealQuery(F,F04,0129354,,*)
20260827 21:55:46.515 return: 100
20260827 21:55:46.515 UserDefinsFunc(Func=RA003|bhno=F04|acno=0129354|suba=|FC=N,RA003)
20260827 21:55:46.515 return: 100
20260827 21:55:46.515 ReportQuery(F,F04,0129354,,0,*,1)
20260827 21:55:46.515 return: 100
20260827 21:55:46.515 DealQuery(F,F04,0129354,,*)
20260827 21:55:46.516 return: 100
20260827 21:55:46.516 UserDefinsFunc(Func=RA003|bhno=F04|acno=0129354|suba=|FC=N,RA003)
20260827 21:55:46.516 return: 100
20260827 21:55:46.537 ReportQuery(F,F04,0129354,,0,*,1)
20260827 21:55:46.537 return: 100
20260827 21:55:46.537 DealQuery(F,F04,0129354,,*)
20260827 21:55:46.537 return: 100
20260827 21:55:46.537 UserDefinsFunc(Func=RA003|bhno=F04|acno=0129354|suba=|FC=N,RA003)
20260827 21:55:46.537 return: 100
20260827 21:55:46.537 ReportQuery(F,F04,0129354,,0,*,1)
20260827 21:55:46.543 return: 100
20260827 21:55:46.543 DealQuery(F,F04,0129354,,*)
20260827 21:55:46.543 return: 100
20260827 21:55:46.543 UserDefinsFunc(Func=RA003|bhno=F04|acno=0129354|suba=|FC=N,RA003)
20260827 21:55:46.543 return: 100
20260827 21:55:46.569 ReportQuery(F,F04,0129354,,0,*,1)
20260827 21:55:46.569 return: 100
20260827 21:55:46.569 DealQuery(F,F04,0129354,,*)
20260827 21:55:46.571 return: 100
20260827 21:55:46.571 UserDefinsFunc(Func=RA003|bhno=F04|acno=0129354|suba=|FC=N,RA003)
20260827 21:55:46.571 return: 100
20260827 21:55:46.571 ReportQuery(F,F04,0129354,,0,*,1)
20260827 21:55:46.571 return: 100
20260827 21:55:46.571 DealQuery(F,F04,0129354,,*)
20260827 21:55:46.571 return: 100
20260827 21:55:46.571 UserDefinsFunc(Func=RA003|bhno=F04|acno=0129354|suba=|FC=N,RA003)
20260827 21:55:46.571 return: 100
20260827 21:55:46.600 ReportQuery(F,F04,0129354,,0,*,1)
20260827 21:55:46.600 return: 100
20260827 21:55:46.600 DealQuery(F,F04,0129354,,*)
20260827 21:55:46.600 return: 100
20260827 21:55:46.600 UserDefinsFunc(Func=RA003|bhno=F04|acno=0129354|suba=|FC=N,RA003)
20260827 21:55:46.600 return: 100
20260827 21:55:46.600 ReportQuery(F,F04,0129354,,0,*,1)
20260827 21:55:46.600 return: 100
20260827 21:55:46.600 DealQuery(F,F04,0129354,,*)
20260827 21:55:46.600 return: 100
20260827 21:55:46.600 UserDefinsFunc(Func=RA003|bhno=F04|acno=0129354|suba=|FC=N,RA003)
20260827 21:55:46.600 return: 100
20260827 21:55:46.620 OnDealQuery(0):
20260827 21:55:46.620 OnUserDefinsFuncResult(0):retc=00001|time=215546|emsg=查無資料 (0)|caltime=2026/08/27 21:55:46
WorkID=RA003
20260827 21:55:46.620 OnUserDefinsFuncResult(0):retc=00001|time=215546|emsg=查無資料 (0)|caltime=2026/08/27 21:55:46
WorkID=RA003
20260827 21:55:46.620 OnUserDefinsFuncResult(0):retc=00001|time=215546|emsg=查無資料 (0)|caltime=2026/08/27 21:55:46
WorkID=RA003
20260827 21:55:46.620 OnDealQuery(0):
20260827 21:55:46.621 OnReportQuery(0):
20260827 21:55:46.621 OnReportQuery(0):
20260827 21:55:46.621 OnDealQuery(0):
20260827 21:55:46.621 OnUserDefinsFuncResult(0):retc=00001|time=215546|emsg=查無資料 (0)|caltime=2026/08/27 21:55:46
WorkID=RA003
20260827 21:55:46.622 OnDealQuery(0):
20260827 21:55:46.622 OnReportQuery(0):
20260827 21:55:46.622 OnReportQuery(0):
20260827 21:55:46.622 OnDealQuery(0):
20260827 21:55:46.622 OnDealQuery(0):
20260827 21:55:46.622 OnReportQuery(0):
20260827 21:55:46.622 OnDealQuery(0):
20260827 21:55:46.626 OnReportQuery(0):
20260827 21:55:46.626 OnReportQuery(0):
20260827 21:55:46.626 OnDealQuery(0):
20260827 21:55:46.627 OnUserDefinsFuncResult(0):retc=00001|time=215546|emsg=查無資料 (0)|caltime=2026/08/27 21:55:46
WorkID=RA003
20260827 21:55:46.627 OnUserDefinsFuncResult(0):retc=00001|time=215546|emsg=查無資料 (0)|caltime=2026/08/27 21:55:46
WorkID=RA003
20260827 21:55:46.627 OnUserDefinsFuncResult(0):retc=00001|time=215546|emsg=查無資料 (0)|caltime=2026/08/27 21:55:46
WorkID=RA003
20260827 21:55:46.627 OnUserDefinsFuncResult(0):retc=00001|time=215546|emsg=查無資料 (0)|caltime=2026/08/27 21:55:46
WorkID=RA003
20260827 21:55:46.627 OnUserDefinsFuncResult(0):retc=00001|time=215546|emsg=查無資料 (0)|caltime=2026/08/27 21:55:46
WorkID=RA003
20260827 21:55:46.627 OnUserDefinsFuncResult(0):retc=00001|time=215546|emsg=查無資料 (0)|caltime=2026/08/27 21:55:46
WorkID=RA003
20260827 21:55:46.627 OnUserDefinsFuncResult(0):retc=00001|time=215546|emsg=查無資料 (0)|caltime=2026/08/27 21:55:46
WorkID=RA003
20260827 21:55:46.627 OnUserDefinsFuncResult(0):retc=00001|time=215546|emsg=查無資料 (0)|caltime=2026/08/27 21:55:46
WorkID=RA003
20260827 21:55:46.628 OnDealQuery(0):
20260827 21:55:46.628 OnReportQuery(0):
20260827 21:55:46.628 OnDealQuery(0):
20260827 21:55:46.628 OnReportQuery(0):
20260827 21:55:46.628 OnDealQuery(0):
20260827 21:55:46.628 OnReportQuery(0):
20260827 21:55:46.628 OnDealQuery(0):
20260827 21:55:46.628 OnReportQuery(0):
20260827 21:55:46.628 OnDealQuery(0):
20260827 21:55:46.629 OnReportQuery(0):
20260827 21:55:46.629 OnUserDefinsFuncResult(0):retc=00001|time=215546|emsg=查無資料 (0)|caltime=2026/08/27 21:55:46
WorkID=RA003
20260827 21:55:46.629 OnUserDefinsFuncResult(0):retc=00001|time=215546|emsg=查無資料 (0)|caltime=2026/08/27 21:55:46
WorkID=RA003
20260827 21:55:46.630 OnReportQuery(0):
20260827 21:55:46.630 OnDealQuery(0):
20260827 21:55:46.630 OnReportQuery(0):
20260827 21:55:46.630 OnDealQuery(0):
20260827 21:55:46.630 OnUserDefinsFuncResult(0):retc=00001|time=215546|emsg=查無資料 (0)|caltime=2026/08/27 21:55:46
WorkID=RA003
20260827 21:55:46.630 OnUserDefinsFuncResult(0):retc=00001|time=215546|emsg=查無資料 (0)|caltime=2026/08/27 21:55:46
WorkID=RA003
20260827 21:55:46.630 OnUserDefinsFuncResult(0):retc=00001|time=215546|emsg=查無資料 (0)|caltime=2026/08/27 21:55:46
WorkID=RA003
20260827 21:55:46.630 OnDealQuery(0):
20260827 21:55:46.630 OnReportQuery(0):
20260827 21:55:46.630 OnDealQuery(0):
20260827 21:55:46.630 OnUserDefinsFuncResult(0):retc=00001|time=215546|emsg=查無資料 (0)|caltime=2026/08/27 21:55:46
WorkID=RA003
20260827 21:55:46.630 OnReportQuery(0):
20260827 21:55:46.630 OnReportQuery(0):
20260827 21:55:46.631 OnDealQuery(0):
20260827 21:55:46.631 OnDealQuery(0):
20260827 21:55:46.631 OnReportQuery(0):
20260827 21:55:46.631 OnUserDefinsFuncResult(0):retc=00001|time=215546|emsg=查無資料 (0)|caltime=2026/08/27 21:55:46
WorkID=RA003
20260827 21:55:46.631 OnUserDefinsFuncResult(0):retc=00001|time=215546|emsg=查無資料 (0)|caltime=2026/08/27 21:55:46
WorkID=RA003
20260827 21:55:46.632 OnReportQuery(0):
20260827 21:55:46.632 OnReportQuery(0):
20260827 21:55:46.632 OnDealQuery(0):
20260827 21:55:46.632 ReportQuery(F,F04,0129354,,0,*,1)
20260827 21:55:46.632 OnDealQuery(0):
20260827 21:55:46.632 OnUserDefinsFuncResult(0):retc=00001|time=215546|emsg=查無資料 (0)|caltime=2026/08/27 21:55:46
WorkID=RA003
20260827 21:55:46.632 OnUserDefinsFuncResult(0):retc=00001|time=215546|emsg=查無資料 (0)|caltime=2026/08/27 21:55:46
WorkID=RA003
20260827 21:55:46.632 OnDealQuery(0):
20260827 21:55:46.632 OnReportQuery
20260827 21:55:46.632 return: 100(0):
20260827 21:55:46.632 OnUserDefinsFuncResult
20260827 21:55:46.632 DealQuery(F,F04,0129354,,*)(0):retc=00001|time=215546|emsg=查無資料 (0)|caltime=2026/08/27 21:55:46
WorkID=RA003
20260827 21:55:46.632 OnUserDefinsFuncResult(0):retc=00001|time=215546|emsg=查無資料 (0)|caltime=2026/08/27 21:55:46
WorkID=RA003
20260827 21:55:46.632 OnReportQuery(0):
20260827 21:55:46.632 OnDealQuery(0):
20260827 21:55:46.632 OnDealQuery(0):
20260827 21:55:46.632 OnReportQuery(0):
20260827 21:55:46.632 OnDealQuery(0):
20260827 21:55:46.632 OnReportQuery(0):
20260827 21:55:46.632 OnDealQuery(0):
20260827 21:55:46.632 OnUserDefinsFuncResult(0):retc=00001|time=215546|emsg=查無資料 (0)|caltime=2026/08/27 21:55:46
WorkID=RA003
20260827 21:55:46.632 OnUserDefinsFuncResult(0):retc=00001|time=215546|emsg=查無資料 (0)|caltime=2026/08/27 21:55:46
WorkID=RA003
20260827 21:55:46.632 OnUserDefinsFuncResult(0):retc=00001|time=215546|emsg=查無資料 (0)|caltime=2026/08/27 21:55:46
WorkID=RA003
20260827 21:55:46.632 OnUserDefinsFuncResult(0):retc=00001|time=215546|emsg=查無資料 (0)|caltime=2026/08/27 21:55:46
WorkID=RA003
20260827 21:55:46.632 OnUserDefinsFuncResult(0):retc=00001|time=215546|emsg=查無資料 (0)|caltime=2026/08/27 21:55:46
WorkID=RA003
20260827 21:55:46.634 OnDealQuery(0):
20260827 21:55:46.634 return: 100
20260827 21:55:46.634 OnReportQuery(0):
20260827 21:55:46.634 OnReportQuery(0):
20260827 21:55:46.634 UserDefinsFunc(Func=RA003|bhno=F04|acno=0129354|suba=|FC=N,RA003)
20260827 21:55:46.634 OnDealQuery(0):
20260827 21:55:46.634 return: 100
20260827 21:55:46.634 OnReportQuery(0):
20260827 21:55:46.634 OnDealQuery(0):
20260827 21:55:46.634 ReportQuery(F,F04,0129354,,0,*,1)
20260827 21:55:46.636 OnReportQuery(0):
20260827 21:55:46.636 return: 100
20260827 21:55:46.636 OnDealQuery(0):
20260827 21:55:46.636 DealQuery(F,F04,0129354,,*)
20260827 21:55:46.636 OnReportQuery(0):
20260827 21:55:46.636 return: 100
20260827 21:55:46.636 OnDealQuery(0):
20260827 21:55:46.636 OnUserDefinsFuncResult(0):retc=00001|time=215546|emsg=查無資料 (0)|caltime=2026/08/27 21:55:46
WorkID=RA003
20260827 21:55:46.636 UserDefinsFunc(Func=RA003|bhno=F04|acno=0129354|suba=|FC=N,RA003)
20260827 21:55:46.636 OnUserDefinsFuncResult(0):retc=00001|time=215546|emsg=查無資料 (0)|caltime=2026/08/27 21:55:46
WorkID=RA003
20260827 21:55:46.636 return: 100
20260827 21:55:46.636 OnUserDefinsFuncResult(0):retc=00001|time=215546|emsg=查無資料 (0)|caltime=2026/08/27 21:55:46
WorkID=RA003
20260827 21:55:46.637 OnUserDefinsFuncResult(0):retc=00001|time=215546|emsg=查無資料 (0)|caltime=2026/08/27 21:55:46
WorkID=RA003
20260827 21:55:46.637 OnUserDefinsFuncResult(0):retc=00001|time=215546|emsg=查無資料 (0)|caltime=2026/08/27 21:55:46
WorkID=RA003
20260827 21:55:46.637 OnReportQuery(0):
20260827 21:55:46.637 OnReportQuery(0):
20260827 21:55:46.637 OnDealQuery(0):
20260827 21:55:46.637 OnDealQuery(0):
20260827 21:55:46.637 OnReportQuery(0):
20260827 21:55:46.638 OnDealQuery(0):
20260827 21:55:46.638 OnReportQuery(0):
20260827 21:55:46.663 OnDealQuery(0):
20260827 21:55:46.664 OnReportQuery(0):
20260827 21:55:46.664 OnDealQuery(0):
20260827 21:55:46.664 OnReportQuery(0):
20260827 21:55:46.664 OnReportQuery(0):
20260827 21:55:46.664 OnDealQuery(0):
20260827 21:55:46.665 OnReportQuery(0):
20260827 21:55:46.665 OnDealQuery(0):
20260827 21:55:46.665 OnReportQuery(0):
20260827 21:55:46.665 OnDealQuery(0):
20260827 21:55:46.665 OnReportQuery(0):
20260827 21:55:46.665 OnReportQuery(0):
20260827 21:55:46.665 OnDealQuery(0):
20260827 21:55:46.665 OnReportQuery(0):
20260827 21:55:46.665 OnDealQuery(0):
20260827 21:55:46.665 OnDealQuery(0):
20260827 21:55:46.665 OnDealQuery(0):
20260827 21:55:46.665 OnReportQuery(0):
20260827 21:55:46.665 ReportQuery(F,F04,0129354,,0,*,1)
20260827 21:55:46.665 OnUserDefinsFuncResult(0):retc=00001|time=215546|emsg=查無資料 (0)|caltime=2026/08/27 21:55:46
WorkID=RA003
20260827 21:55:46.665 return: 100
20260827 21:55:46.665 OnUserDefinsFuncResult(0):retc=00001|time=215546|emsg=查無資料 (0)|caltime=2026/08/27 21:55:46
WorkID=RA003
20260827 21:55:46.665 DealQuery(F,F04,0129354,,*)
20260827 21:55:46.665 OnUserDefinsFuncResult(0):retc=00001|time=215546|emsg=查無資料 (0)|caltime=2026/08/27 21:55:46
WorkID=RA003
20260827 21:55:46.665 return: 100
20260827 21:55:46.665 OnUserDefinsFuncResult(0):retc=00001|time=215546|emsg=查無資料 (0)|caltime=2026/08/27 21:55:46
WorkID=RA003
20260827 21:55:46.665 UserDefinsFunc(Func=RA003|bhno=F04|acno=0129354|suba=|FC=N,RA003)
20260827 21:55:46.665 OnUserDefinsFuncResult(0):retc=00001|time=215546|emsg=查無資料 (0)|caltime=2026/08/27 21:55:46
WorkID=RA003
20260827 21:55:46.665 return: 100
20260827 21:55:46.665 OnUserDefinsFuncResult(0):retc=00001|time=215546|emsg=查無資料 (0)|caltime=2026/08/27 21:55:46
WorkID=RA003
20260827 21:55:46.665 ReportQuery(F,F04,0129354,,0,*,1)
20260827 21:55:46.665 OnUserDefinsFuncResult(0):retc=00001|time=215546|emsg=查無資料 (0)|caltime=2026/08/27 21:55:46
WorkID=RA003
20260827 21:55:46.665 OnUserDefinsFuncResult(0):retc=00001|time=215546|emsg=查無資料 (0)|caltime=2026/08/27 21:55:46
WorkID=RA003
20260827 21:55:46.665 OnUserDefinsFuncResult(0):retc=00001|time=215546|emsg=查無資料 (0)|caltime=2026/08/27 21:55:46
WorkID=RA003
20260827 21:55:46.665 OnUserDefinsFuncResult(0):retc=00001|time=215546|emsg=查無資料 (0)|caltime=2026/08/27 21:55:46
WorkID=RA003
20260827 21:55:46.665 OnReportQuery(0):
20260827 21:55:46.665 return: 
20260827 21:55:46.665 OnDealQuery(0):
20260827 21:55:46.665 DealQuery(F,F04,0129354,,*)
20260827 21:55:46.665 OnUserDefinsFuncResult(0):retc=00001|time=215546|emsg=查無資料 (0)|caltime=2026/08/27 21:55:46
WorkID=RA003
20260827 21:55:46.665 return: 100
20260827 21:55:46.665 OnDealQuery(0):
20260827 21:55:46.665 UserDefinsFunc(Func=RA003|bhno=F04|acno=0129354|suba=|FC=N,RA003)
20260827 21:55:46.665 OnReportQuery(0):
20260827 21:55:46.665 return: 100
20260827 21:55:46.665 OnDealQuery(0):
20260827 21:55:46.665 OnReportQuery(0):
20260827 21:55:46.665 OnReportQuery(0):
20260827 21:55:46.665 OnDealQuery(0):
20260827 21:55:46.670 OnReportQuery(0):
20260827 21:55:46.670 OnDealQuery(0):
20260827 21:55:46.670 OnReportQuery(0):
20260827 21:55:46.670 OnDealQuery(0):
20260827 21:55:46.670 OnUserDefinsFuncResult(0):retc=00001|time=215546|emsg=查無資料 (0)|caltime=2026/08/27 21:55:46
WorkID=RA003
20260827 21:55:46.670 OnUserDefinsFuncResult(0):retc=00001|time=215546|emsg=查無資料 (0)|caltime=2026/08/27 21:55:46
WorkID=RA003
20260827 21:55:46.670 OnUserDefinsFuncResult(0):retc=00001|time=215546|emsg=查無資料 (0)|caltime=2026/08/27 21:55:46
WorkID=RA003
20260827 21:55:46.670 OnUserDefinsFuncResult(0):retc=00001|time=215546|emsg=查無資料 (0)|caltime=2026/08/27 21:55:46
WorkID=RA003
20260827 21:55:46.671 OnUserDefinsFuncResult(0):retc=00001|time=215546|emsg=查無資料 (0)|caltime=2026/08/27 21:55:46
WorkID=RA003
20260827 21:55:46.671 OnUserDefinsFuncResult(0):retc=00001|time=215546|emsg=查無資料 (0)|caltime=2026/08/27 21:55:46
WorkID=RA003
20260827 21:55:46.671 OnReportQuery(0):
20260827 21:55:46.671 OnDealQuery(0):
20260827 21:55:46.673 OnReportQuery(0):
20260827 21:55:46.674 OnDealQuery(0):
20260827 21:55:46.674 OnReportQuery(0):
20260827 21:55:46.677 OnDealQuery(0):
20260827 21:55:46.677 OnUserDefinsFuncResult(0):retc=00001|time=215546|emsg=查無資料 (0)|caltime=2026/08/27 21:55:46
WorkID=RA003
20260827 21:55:46.684 OnReportQuery(0):
20260827 21:55:46.684 OnDealQuery(0):
20260827 21:55:46.689 OnUserDefinsFuncResult(0):retc=00001|time=215546|emsg=查無資料 (0)|caltime=2026/08/27 21:55:46
WorkID=RA003
20260827 21:55:46.689 OnUserDefinsFuncResult(0):retc=00001|time=215546|emsg=查無資料 (0)|caltime=2026/08/27 21:55:46
WorkID=RA003
20260827 21:55:46.689 OnUserDefinsFuncResult(0):retc=00001|time=215546|emsg=查無資料 (0)|caltime=2026/08/27 21:55:46
WorkID=RA003
20260827 21:55:46.701 ReportQuery(F,F04,0129354,,0,*,1)
20260827 21:55:46.701 return: 100
20260827 21:55:46.701 DealQuery(F,F04,0129354,,*)
20260827 21:55:46.701 return: 100
20260827 21:55:46.701 UserDefinsFunc(Func=RA003|bhno=F04|acno=0129354|suba=|FC=N,RA003)
20260827 21:55:46.702 return: 100
20260827 21:55:46.702 ReportQuery(F,F04,0129354,,0,*,1)
20260827 21:55:46.703 return: 100
20260827 21:55:46.703 DealQuery(F,F04,0129354,,*)
20260827 21:55:46.703 OnUserDefinsFuncResult(0):
20260827 21:55:46.703 return: retc=00001|time=215546|emsg=查無資料 (0)|caltime=2026/08/27 21:55:46100
WorkID=RA003
20260827 21:55:46.704 UserDefinsFunc(Func=RA003|bhno=F04|acno=0129354|suba=|FC=N,RA003)
20260827 21:55:46.704 return: 100
20260827 21:55:46.709 OnReportQuery(0):
20260827 21:55:46.710 OnDealQuery(0):
20260827 21:55:46.711 OnReportQuery(0):
20260827 21:55:46.712 OnDealQuery(0):
20260827 21:55:46.726 OnUserDefinsFuncResult(0):retc=00001|time=215546|emsg=查無資料 (0)|caltime=2026/08/27 21:55:46
WorkID=RA003
20260827 21:55:46.727 OnUserDefinsFuncResult(0):retc=00001|time=215546|emsg=查無資料 (0)|caltime=2026/08/27 21:55:46
WorkID=RA003
20260827 21:55:46.734 ReportQuery(F,F04,0129354,,0,*,1)
20260827 21:55:46.734 return: 100
20260827 21:55:46.734 DealQuery(F,F04,0129354,,*)
20260827 21:55:46.734 return: 100
20260827 21:55:46.734 UserDefinsFunc(Func=RA003|bhno=F04|acno=0129354|suba=|FC=N,RA003)
20260827 21:55:46.734 return: 100
20260827 21:55:46.734 ReportQuery(F,F04,0129354,,0,*,1)
20260827 21:55:46.734 return: 100
20260827 21:55:46.735 DealQuery(F,F04,0129354,,*)
20260827 21:55:46.735 return: 100
20260827 21:55:46.735 UserDefinsFunc(Func=RA003|bhno=F04|acno=0129354|suba=|FC=N,RA003)
20260827 21:55:46.735 return: 100
20260827 21:55:46.738 OnReportQuery(0):
20260827 21:55:46.738 OnDealQuery(0):
20260827 21:55:46.749 OnReportQuery(0):
20260827 21:55:46.749 OnDealQuery(0):
20260827 21:55:46.758 OnUserDefinsFuncResult(0):retc=00001|time=215546|emsg=查無資料 (0)|caltime=2026/08/27 21:55:46
WorkID=RA003
20260827 21:55:46.765 ReportQuery(F,F04,0129354,,0,*,1)
20260827 21:55:46.765 return: 100
20260827 21:55:46.766 DealQuery(F,F04,0129354,,*)
20260827 21:55:46.766 return: 100
20260827 21:55:46.766 UserDefinsFunc(Func=RA003|bhno=F04|acno=0129354|suba=|FC=N,RA003)
20260827 21:55:46.766 return: 100
20260827 21:55:46.766 ReportQuery(F,F04,0129354,,0,*,1)
20260827 21:55:46.766 return: 100
20260827 21:55:46.767 DealQuery(F,F04,0129354,,*)
20260827 21:55:46.767 return: 100
20260827 21:55:46.767 UserDefinsFunc(Func=RA003|bhno=F04|acno=0129354|suba=|FC=N,RA003)
20260827 21:55:46.767 return: 100
20260827 21:55:46.768 OnUserDefinsFuncResult(0):retc=00001|time=215546|emsg=查無資料 (0)|caltime=2026/08/27 21:55:46
WorkID=RA003
20260827 21:55:46.773 OnReportQuery(0):
20260827 21:55:46.774 OnDealQuery(0):
20260827 21:55:46.777 OnReportQuery(0):
20260827 21:55:46.777 OnDealQuery(0):
20260827 21:55:46.794 OnUserDefinsFuncResult(0):retc=00001|time=215546|emsg=查無資料 (0)|caltime=2026/08/27 21:55:46
WorkID=RA003
20260827 21:55:46.794 OnUserDefinsFuncResult(0):retc=00001|time=215546|emsg=查無資料 (0)|caltime=2026/08/27 21:55:46
WorkID=RA003
20260827 21:55:46.796 ReportQuery(F,F04,0129354,,0,*,1)
20260827 21:55:46.796 return: 100
20260827 21:55:46.796 DealQuery(F,F04,0129354,,*)
20260827 21:55:46.797 return: 100
20260827 21:55:46.797 UserDefinsFunc(Func=RA003|bhno=F04|acno=0129354|suba=|FC=N,RA003)
20260827 21:55:46.797 return: 100
20260827 21:55:46.797 ReportQuery(F,F04,0129354,,0,*,1)
20260827 21:55:46.797 return: 100
20260827 21:55:46.797 DealQuery(F,F04,0129354,,*)
20260827 21:55:46.798 return: 100
20260827 21:55:46.798 UserDefinsFunc(Func=RA003|bhno=F04|acno=0129354|suba=|FC=N,RA003)
20260827 21:55:46.798 return: 100
20260827 21:55:46.818 OnReportQuery(0):
20260827 21:55:46.819 OnDealQuery(0):
20260827 21:55:46.819 OnReportQuery(0):
20260827 21:55:46.819 OnDealQuery(0):
20260827 21:55:46.839 ReportQuery(F,F04,0129354,,0,*,1)
20260827 21:55:46.840 OnUserDefinsFuncResult(0):retc=00001|time=215546|emsg=查無資料 (0)|caltime=2026/08/27 21:55:46
WorkID=RA003
20260827 21:55:46.841 OnUserDefinsFuncResult(0):retc=00001|time=215546|emsg=查無資料 (0)|caltime=2026/08/27 21:55:46
WorkID=RA003
20260827 21:55:46.842 return: 100
20260827 21:55:46.842 DealQuery(F,F04,0129354,,*)
20260827 21:55:46.843 return: 100
20260827 21:55:46.843 UserDefinsFunc(Func=RA003|bhno=F04|acno=0129354|suba=|FC=N,RA003)
20260827 21:55:46.844 return: 100
20260827 21:55:46.845 ReportQuery(F,F04,0129354,,0,*,1)
20260827 21:55:46.846 return: 100
20260827 21:55:46.846 DealQuery(F,F04,0129354,,*)
20260827 21:55:46.847 return: 100
20260827 21:55:46.847 UserDefinsFunc(Func=RA003|bhno=F04|acno=0129354|suba=|FC=N,RA003)
20260827 21:55:46.847 return: 100
20260827 21:55:46.854 OnReportQuery(0):
20260827 21:55:46.854 OnDealQuery(0):
20260827 21:55:46.864 OnReportQuery(0):
20260827 21:55:46.864 OnDealQuery(0):
20260827 21:55:46.889 OnUserDefinsFuncResult(0):retc=00001|time=215546|emsg=查無資料 (0)|caltime=2026/08/27 21:55:46
WorkID=RA003
20260827 21:55:46.889 OnUserDefinsFuncResult(0):retc=00001|time=215546|emsg=查無資料 (0)|caltime=2026/08/27 21:55:46
WorkID=RA003
20260827 21:55:46.901 ReportQuery(F,F04,0129354,,0,*,1)
20260827 21:55:46.902 return: 100
20260827 21:55:46.902 DealQuery(F,F04,0129354,,*)
20260827 21:55:46.902 return: 100
20260827 21:55:46.903 UserDefinsFunc(Func=RA003|bhno=F04|acno=0129354|suba=|FC=N,RA003)
20260827 21:55:46.903 return: 100
20260827 21:55:46.903 ReportQuery(F,F04,0129354,,0,*,1)
20260827 21:55:46.903 return: 100
20260827 21:55:46.904 DealQuery(F,F04,0129354,,*)
20260827 21:55:46.904 return: 100
20260827 21:55:46.905 UserDefinsFunc(Func=RA003|bhno=F04|acno=0129354|suba=|FC=N,RA003)
20260827 21:55:46.905 return: 100
20260827 21:55:46.915 OnReportQuery(0):
20260827 21:55:46.915 OnDealQuery(0):
20260827 21:55:46.916 OnReportQuery(0):
20260827 21:55:46.925 OnDealQuery(0):
20260827 21:55:46.930 OnUserDefinsFuncResult(0):retc=00001|time=215546|emsg=查無資料 (0)|caltime=2026/08/27 21:55:46
WorkID=RA003
20260827 21:55:46.931 OnUserDefinsFuncResult(0):retc=00001|time=215546|emsg=查無資料 (0)|caltime=2026/08/27 21:55:46
WorkID=RA003
20260827 21:55:46.949 ReportQuery(F,F04,0129354,,0,*,1)
20260827 21:55:46.949 return: 100
20260827 21:55:46.950 DealQuery(F,F04,0129354,,*)
20260827 21:55:46.950 return: 100
20260827 21:55:46.950 UserDefinsFunc(Func=RA003|bhno=F04|acno=0129354|suba=|FC=N,RA003)
20260827 21:55:46.951 return: 100
20260827 21:55:46.951 ReportQuery(F,F04,0129354,,0,*,1)
20260827 21:55:46.952 return: 100
20260827 21:55:46.952 DealQuery(F,F04,0129354,,*)
20260827 21:55:46.952 return: 100
20260827 21:55:46.952 UserDefinsFunc(Func=RA003|bhno=F04|acno=0129354|suba=|FC=N,RA003)
20260827 21:55:46.952 return: 100
20260827 21:55:46.962 OnReportQuery(0):
20260827 21:55:46.963 OnDealQuery(0):
20260827 21:55:46.981 OnDealQuery(0):
20260827 21:55:46.982 OnReportQuery(0):
20260827 21:55:46.989 ReportQuery(F,F04,0129354,,0,*,1)
20260827 21:55:46.992 return: 100
20260827 21:55:46.992 DealQuery(F,F04,0129354,,*)
20260827 21:55:46.993 return: 100
20260827 21:55:46.993 UserDefinsFunc(Func=RA003|bhno=F04|acno=0129354|suba=|FC=N,RA003)
20260827 21:55:46.994 return: 100
20260827 21:55:46.995 ReportQuery(F,F04,0129354,,0,*,1)
20260827 21:55:46.996 return: 100
20260827 21:55:46.996 DealQuery(F,F04,0129354,,*)
20260827 21:55:46.996 OnUserDefinsFuncResult(0):retc=00001|time=215546|emsg=查無資料 (0)|caltime=2026/08/27 21:55:46
WorkID=RA003
20260827 21:55:46.996 OnUserDefinsFuncResult(0):retc=00001|time=215546|emsg=查無資料 (0)|caltime=2026/08/27 21:55:46
WorkID=RA003
20260827 21:55:46.996 return: 100
20260827 21:55:46.996 UserDefinsFunc(Func=RA003|bhno=F04|acno=0129354|suba=|FC=N,RA003)
20260827 21:55:46.997 return: 100
20260827 21:55:47.014 OnReportQuery(0):
20260827 21:55:47.015 OnReportQuery(0):
20260827 21:55:47.015 OnDealQuery(0):
20260827 21:55:47.015 OnDealQuery(0):
20260827 21:55:47.041 ReportQuery(F,F04,0129354,,0,*,1)
20260827 21:55:47.041 return: 100
20260827 21:55:47.042 DealQuery(F,F04,0129354,,*)
20260827 21:55:47.042 OnUserDefinsFuncResult(0):retc=00001|time=215547|emsg=查無資料 (0)|caltime=2026/08/27 21:55:46
WorkID=RA003
20260827 21:55:47.042 return: 100
20260827 21:55:47.042 OnUserDefinsFuncResult(0):retc=00001|time=215547|emsg=查無資料 (0)|caltime=2026/08/27 21:55:46
WorkID=RA003
20260827 21:55:47.042 UserDefinsFunc(Func=RA003|bhno=F04|acno=0129354|suba=|FC=N,RA003)
20260827 21:55:47.043 return: 100
20260827 21:55:47.043 ReportQuery(F,F04,0129354,,0,*,1)
20260827 21:55:47.044 return: 100
20260827 21:55:47.044 DealQuery(F,F04,0129354,,*)
20260827 21:55:47.044 return: 100
20260827 21:55:47.044 UserDefinsFunc(Func=RA003|bhno=F04|acno=0129354|suba=|FC=N,RA003)
20260827 21:55:47.045 return: 100
20260827 21:55:47.078 OnReportQuery(0):
20260827 21:55:47.078 OnDealQuery(0):
20260827 21:55:47.078 OnReportQuery(0):
20260827 21:55:47.079 OnDealQuery(0):
20260827 21:55:47.079 OnUserDefinsFuncResult(0):retc=00001|time=215547|emsg=查無資料 (0)|caltime=2026/08/27 21:55:47
WorkID=RA003
20260827 21:55:47.080 OnUserDefinsFuncResult(0):retc=00001|time=215547|emsg=查無資料 (0)|caltime=2026/08/27 21:55:47
WorkID=RA003
20260827 21:55:47.085 ReportQuery(F,F04,0129354,,0,*,1)
20260827 21:55:47.086 return: 100
20260827 21:55:47.086 DealQuery(F,F04,0129354,,*)
20260827 21:55:47.090 return: 100
20260827 21:55:47.090 UserDefinsFunc(Func=RA003|bhno=F04|acno=0129354|suba=|FC=N,RA003)
20260827 21:55:47.091 return: 100
20260827 21:55:47.092 ReportQuery(F,F04,0129354,,0,*,1)
20260827 21:55:47.092 return: 100
20260827 21:55:47.093 DealQuery(F,F04,0129354,,*)
20260827 21:55:47.094 return: 100
20260827 21:55:47.094 UserDefinsFunc(Func=RA003|bhno=F04|acno=0129354|suba=|FC=N,RA003)
20260827 21:55:47.094 return: 100
20260827 21:55:47.107 OnDealQuery(0):
20260827 21:55:47.109 OnReportQuery(0):
20260827 21:55:47.109 OnReportQuery(0):
20260827 21:55:47.113 OnDealQuery(0):
20260827 21:55:47.126 OnUserDefinsFuncResult(0):retc=00001|time=215547|emsg=查無資料 (0)|caltime=2026/08/27 21:55:47
WorkID=RA003
20260827 21:55:47.126 OnUserDefinsFuncResult(0):retc=00001|time=215547|emsg=查無資料 (0)|caltime=2026/08/27 21:55:47
WorkID=RA003
20260827 21:55:47.134 ReportQuery(F,F04,0129354,,0,*,1)
20260827 21:55:47.135 return: 100
20260827 21:55:47.135 DealQuery(F,F04,0129354,,*)
20260827 21:55:47.135 return: 100
20260827 21:55:47.135 UserDefinsFunc(Func=RA003|bhno=F04|acno=0129354|suba=|FC=N,RA003)
20260827 21:55:47.135 return: 100
20260827 21:55:47.135 ReportQuery(F,F04,0129354,,0,*,1)
20260827 21:55:47.136 return: 100
20260827 21:55:47.136 DealQuery(F,F04,0129354,,*)
20260827 21:55:47.136 return: 100
20260827 21:55:47.136 UserDefinsFunc(Func=RA003|bhno=F04|acno=0129354|suba=|FC=N,RA003)
20260827 21:55:47.136 return: 100
20260827 21:55:47.145 OnReportQuery(0):
20260827 21:55:47.145 OnDealQuery(0):
20260827 21:55:47.146 OnReportQuery(0):
20260827 21:55:47.146 OnDealQuery(0):
20260827 21:55:47.164 OnUserDefinsFuncResult(0):retc=00001|time=215547|emsg=查無資料 (0)|caltime=2026/08/27 21:55:47
WorkID=RA003
20260827 21:55:47.164 OnUserDefinsFuncResult(0):retc=00001|time=215547|emsg=查無資料 (0)|caltime=2026/08/27 21:55:47
WorkID=RA003
20260827 21:55:47.173 ReportQuery(F,F04,0129354,,0,*,1)
20260827 21:55:47.173 return: 100
20260827 21:55:47.174 DealQuery(F,F04,0129354,,*)
20260827 21:55:47.174 return: 100
20260827 21:55:47.174 UserDefinsFunc(Func=RA003|bhno=F04|acno=0129354|suba=|FC=N,RA003)
20260827 21:55:47.174 return: 100
20260827 21:55:47.175 ReportQuery(F,F04,0129354,,0,*,1)
20260827 21:55:47.175 return: 100
20260827 21:55:47.175 DealQuery(F,F04,0129354,,*)
20260827 21:55:47.175 return: 100
20260827 21:55:47.175 UserDefinsFunc(Func=RA003|bhno=F04|acno=0129354|suba=|FC=N,RA003)
20260827 21:55:47.175 return: 100
20260827 21:55:47.181 OnReportQuery(0):
20260827 21:55:47.182 OnDealQuery(0):
20260827 21:55:47.182 OnReportQuery(0):
20260827 21:55:47.186 OnDealQuery(0):
20260827 21:55:47.213 ReportQuery(F,F04,0129354,,0,*,1)
20260827 21:55:47.213 return: 100
20260827 21:55:47.213 DealQuery(F,F04,0129354,,*)
20260827 21:55:47.213 return: 100
20260827 21:55:47.213 UserDefinsFunc(Func=RA003|bhno=F04|acno=0129354|suba=|FC=N,RA003)
20260827 21:55:47.213 return: 100
20260827 21:55:47.214 ReportQuery(F,F04,0129354,,0,*,1)
20260827 21:55:47.214 return: 100
20260827 21:55:47.214 DealQuery(F,F04,0129354,,*)
20260827 21:55:47.214 return: 100
20260827 21:55:47.214 UserDefinsFunc(Func=RA003|bhno=F04|acno=0129354|suba=|FC=N,RA003)
20260827 21:55:47.215 return: 100
20260827 21:55:47.250 ReportQuery(F,F04,0129354,,0,*,1)
20260827 21:55:47.251 return: 100
20260827 21:55:47.251 DealQuery(F,F04,0129354,,*)
20260827 21:55:47.251 return: 100
20260827 21:55:47.251 UserDefinsFunc(Func=RA003|bhno=F04|acno=0129354|suba=|FC=N,RA003)
20260827 21:55:47.251 return: 100
20260827 21:55:47.251 OnUserDefinsFuncResult(0):retc=00001|time=215547|emsg=查無資料 (0)|caltime=2026/08/27 21:55:47
WorkID=RA003
20260827 21:55:47.252 ReportQuery(F,F04,0129354,,0,*,1)
20260827 21:55:47.253 OnUserDefinsFuncResult(0):retc=00001|time=215547|emsg=查無資料 (0)|caltime=2026/08/27 21:55:47
WorkID=RA003
20260827 21:55:47.253 return: 100
20260827 21:55:47.253 DealQuery(F,F04,0129354,,*)
20260827 21:55:47.253 return: 100
20260827 21:55:47.253 UserDefinsFunc(Func=RA003|bhno=F04|acno=0129354|suba=|FC=N,RA003)
20260827 21:55:47.253 return: 100
20260827 21:55:47.253 OnDealQuery(0):
20260827 21:55:47.253 OnReportQuery(0):
20260827 21:55:47.256 OnReportQuery(0):
20260827 21:55:47.256 OnDealQuery(0):
20260827 21:55:47.258 OnUserDefinsFuncResult(0):retc=00001|time=215547|emsg=查無資料 (0)|caltime=2026/08/27 21:55:47
WorkID=RA003
20260827 21:55:47.258 OnUserDefinsFuncResult(0):retc=00001|time=215547|emsg=查無資料 (0)|caltime=2026/08/27 21:55:47
WorkID=RA003
20260827 21:55:47.284 OnReportQuery(0):
20260827 21:55:47.289 OnDealQuery(0):
20260827 21:55:47.289 ReportQuery(F,F04,0129354,,0,*,1)
20260827 21:55:47.289 return: 100
20260827 21:55:47.290 DealQuery(F,F04,0129354,,*)
20260827 21:55:47.290 return: 100
20260827 21:55:47.290 UserDefinsFunc(Func=RA003|bhno=F04|acno=0129354|suba=|FC=N,RA003)
20260827 21:55:47.290 return: 100
20260827 21:55:47.290 ReportQuery(F,F04,0129354,,0,*,1)
20260827 21:55:47.291 return: 100
20260827 21:55:47.291 DealQuery(F,F04,0129354,,*)
20260827 21:55:47.291 return: 100
20260827 21:55:47.291 UserDefinsFunc(Func=RA003|bhno=F04|acno=0129354|suba=|FC=N,RA003)
20260827 21:55:47.291 return: 100
20260827 21:55:47.326 ReportQuery(F,F04,0129354,,0,*,1)
20260827 21:55:47.326 return: 100
20260827 21:55:47.326 DealQuery(F,F04,0129354,,*)
20260827 21:55:47.326 return: 100
20260827 21:55:47.327 UserDefinsFunc(Func=RA003|bhno=F04|acno=0129354|suba=|FC=N,RA003)
20260827 21:55:47.327 return: 100
20260827 21:55:47.327 ReportQuery(F,F04,0129354,,0,*,1)
20260827 21:55:47.327 return: 100
20260827 21:55:47.327 DealQuery(F,F04,0129354,,*)
20260827 21:55:47.328 return: 100
20260827 21:55:47.328 UserDefinsFunc(Func=RA003|bhno=F04|acno=0129354|suba=|FC=N,RA003)
20260827 21:55:47.328 return: 100
20260827 21:55:47.363 ReportQuery(F,F04,0129354,,0,*,1)
20260827 21:55:47.363 return: 100
20260827 21:55:47.363 DealQuery(F,F04,0129354,,*)
20260827 21:55:47.364 return: 100
20260827 21:55:47.364 UserDefinsFunc(Func=RA003|bhno=F04|acno=0129354|suba=|FC=N,RA003)
20260827 21:55:47.364 return: 100
20260827 21:55:47.364 ReportQuery(F,F04,0129354,,0,*,1)
20260827 21:55:47.364 return: 100
20260827 21:55:47.365 DealQuery(F,F04,0129354,,*)
20260827 21:55:47.365 return: 100
20260827 21:55:47.365 UserDefinsFunc(Func=RA003|bhno=F04|acno=0129354|suba=|FC=N,RA003)
20260827 21:55:47.365 return: 100
20260827 21:55:47.386 OnReportQuery(0):
20260827 21:55:47.391 OnDealQuery(0):
20260827 21:55:47.391 OnReportQuery(0):
20260827 21:55:47.392 OnDealQuery(0):
20260827 21:55:47.392 OnReportQuery(0):
20260827 21:55:47.393 OnDealQuery(0):
20260827 21:55:47.399 ReportQuery(F,F04,0129354,,0,*,1)
20260827 21:55:47.399 return: 100
20260827 21:55:47.399 DealQuery(F,F04,0129354,,*)
20260827 21:55:47.399 return: 100
20260827 21:55:47.400 UserDefinsFunc(Func=RA003|bhno=F04|acno=0129354|suba=|FC=N,RA003)
20260827 21:55:47.400 return: 100
20260827 21:55:47.400 OnUserDefinsFuncResult
20260827 21:55:47.400 ReportQuery(F,F04,0129354,,0,*,1)(0):retc=00001|time=215547|emsg=查無資料 (0)|caltime=2026/08/27 21:55:47
WorkID=RA003
20260827 21:55:47.400 return: 100
20260827 21:55:47.400 DealQuery(F,F04,0129354,,*)
20260827 21:55:47.401 return: 100
20260827 21:55:47.401 UserDefinsFunc(Func=RA003|bhno=F04|acno=0129354|suba=|FC=N,RA003)
20260827 21:55:47.401 return: 100
20260827 21:55:47.404 OnUserDefinsFuncResult(0):retc=00001|time=215547|emsg=查無資料 (0)|caltime=2026/08/27 21:55:47
WorkID=RA003
20260827 21:55:47.404 OnUserDefinsFuncResult(0):retc=00001|time=215547|emsg=查無資料 (0)|caltime=2026/08/27 21:55:47
WorkID=RA003
20260827 21:55:47.414 OnDealQuery(0):
20260827 21:55:47.415 OnReportQuery(0):
20260827 21:55:47.415 OnReportQuery(0):
20260827 21:55:47.417 OnDealQuery(0):
20260827 21:55:47.420 OnUserDefinsFuncResult(0):retc=00001|time=215547|emsg=查無資料 (0)|caltime=2026/08/27 21:55:47
WorkID=RA003
20260827 21:55:47.431 OnUserDefinsFuncResult(0):retc=00001|time=215547|emsg=查無資料 (0)|caltime=2026/08/27 21:55:47
WorkID=RA003
20260827 21:55:47.432 OnUserDefinsFuncResult(0):retc=00001|time=215547|emsg=查無資料 (0)|caltime=2026/08/27 21:55:47
WorkID=RA003
20260827 21:55:47.440 ReportQuery(F,F04,0129354,,0,*,1)
20260827 21:55:47.441 return: 100
20260827 21:55:47.441 DealQuery(F,F04,0129354,,*)
20260827 21:55:47.441 return: 100
20260827 21:55:47.441 UserDefinsFunc(Func=RA003|bhno=F04|acno=0129354|suba=|FC=N,RA003)
20260827 21:55:47.441 return: 100
20260827 21:55:47.441 ReportQuery(F,F04,0129354,,0,*,1)
20260827 21:55:47.442 return: 100
20260827 21:55:47.442 DealQuery(F,F04,0129354,,*)
20260827 21:55:47.442 return: 100
20260827 21:55:47.442 UserDefinsFunc(Func=RA003|bhno=F04|acno=0129354|suba=|FC=N,RA003)
20260827 21:55:47.442 return: 100
20260827 21:55:47.456 OnDealQuery(0):
20260827 21:55:47.456 OnReportQuery(0):
20260827 21:55:47.458 OnReportQuery(0):
20260827 21:55:47.458 OnDealQuery(0):
20260827 21:55:47.470 OnReportQuery(0):
20260827 21:55:47.471 OnUserDefinsFuncResult(0):retc=00001|time=215547|emsg=查無資料 (0)|caltime=2026/08/27 21:55:47
WorkID=RA003
20260827 21:55:47.471 OnUserDefinsFuncResult(0):retc=00001|time=215547|emsg=查無資料 (0)|caltime=2026/08/27 21:55:47
WorkID=RA003
20260827 21:55:47.476 ReportQuery(F,F04,0129354,,0,*,1)
20260827 21:55:47.476 return: 100
20260827 21:55:47.476 DealQuery(F,F04,0129354,,*)
20260827 21:55:47.477 return: 100
20260827 21:55:47.477 UserDefinsFunc(Func=RA003|bhno=F04|acno=0129354|suba=|FC=N,RA003)
20260827 21:55:47.477 return: 100
20260827 21:55:47.477 ReportQuery(F,F04,0129354,,0,*,1)
20260827 21:55:47.477 return: 100
20260827 21:55:47.478 DealQuery(F,F04,0129354,,*)
20260827 21:55:47.478 return: 100
20260827 21:55:47.478 UserDefinsFunc(Func=RA003|bhno=F04|acno=0129354|suba=|FC=N,RA003)
20260827 21:55:47.478 return: 100
20260827 21:55:47.489 OnDealQuery(0):
20260827 21:55:47.494 OnReportQuery(0):
20260827 21:55:47.496 OnDealQuery(0):
20260827 21:55:47.507 OnUserDefinsFuncResult(0):retc=00001|time=215547|emsg=查無資料 (0)|caltime=2026/08/27 21:55:47
WorkID=RA003
20260827 21:55:47.507 OnReportQuery(0):
20260827 21:55:47.507 OnDealQuery(0):
20260827 21:55:47.508 OnDealQuery(0):
20260827 21:55:47.508 OnReportQuery(0):
20260827 21:55:47.516 ReportQuery(F,F04,0129354,,0,*,1)
20260827 21:55:47.516 return: 100
20260827 21:55:47.516 OnUserDefinsFuncResult(0):retc=00001|time=215547|emsg=查無資料 (0)|caltime=2026/08/27 21:55:47
WorkID=RA003
20260827 21:55:47.517 DealQuery(F,F04,0129354,,*)
20260827 21:55:47.517 return: 100
20260827 21:55:47.517 UserDefinsFunc(Func=RA003|bhno=F04|acno=0129354|suba=|FC=N,RA003)
20260827 21:55:47.517 return: 100
20260827 21:55:47.517 ReportQuery(F,F04,0129354,,0,*,1)
20260827 21:55:47.517 return: 100
20260827 21:55:47.518 DealQuery(F,F04,0129354,,*)
20260827 21:55:47.518 return: 100
20260827 21:55:47.518 UserDefinsFunc(Func=RA003|bhno=F04|acno=0129354|suba=|FC=N,RA003)
20260827 21:55:47.518 return: 100
20260827 21:55:47.519 OnUserDefinsFuncResult(0):retc=00001|time=215547|emsg=查無資料 (0)|caltime=2026/08/27 21:55:47
WorkID=RA003
20260827 21:55:47.528 OnReportQuery(0):
20260827 21:55:47.529 OnDealQuery(0):
20260827 21:55:47.532 OnReportQuery(0):
20260827 21:55:47.536 OnDealQuery(0):
20260827 21:55:47.548 OnUserDefinsFuncResult(0):retc=00001|time=215547|emsg=查無資料 (0)|caltime=2026/08/27 21:55:47
WorkID=RA003
20260827 21:55:47.549 OnUserDefinsFuncResult(0):retc=00001|time=215547|emsg=查無資料 (0)|caltime=2026/08/27 21:55:47
WorkID=RA003
20260827 21:55:47.549 OnUserDefinsFuncResult(0):retc=00001|time=215547|emsg=查無資料 (0)|caltime=2026/08/27 21:55:47
WorkID=RA003
20260827 21:55:47.553 ReportQuery(F,F04,0129354,,0,*,1)
20260827 21:55:47.553 return: 100
20260827 21:55:47.554 DealQuery(F,F04,0129354,,*)
20260827 21:55:47.554 return: 100
20260827 21:55:47.554 UserDefinsFunc(Func=RA003|bhno=F04|acno=0129354|suba=|FC=N,RA003)
20260827 21:55:47.554 return: 100
20260827 21:55:47.554 ReportQuery(F,F04,0129354,,0,*,1)
20260827 21:55:47.554 return: 100
20260827 21:55:47.554 DealQuery(F,F04,0129354,,*)
20260827 21:55:47.554 return: 100
20260827 21:55:47.554 UserDefinsFunc(Func=RA003|bhno=F04|acno=0129354|suba=|FC=N,RA003)
20260827 21:55:47.556 return: 100
20260827 21:55:47.560 OnReportQuery(0):
20260827 21:55:47.560 OnDealQuery(0):
20260827 21:55:47.560 OnReportQuery(0):
20260827 21:55:47.560 OnDealQuery(0):
20260827 21:55:47.565 OnUserDefinsFuncResult(0):retc=00001|time=215547|emsg=查無資料 (0)|caltime=2026/08/27 21:55:47
WorkID=RA003
20260827 21:55:47.573 OnUserDefinsFuncResult(0):retc=00001|time=215547|emsg=查無資料 (0)|caltime=2026/08/27 21:55:47
WorkID=RA003
20260827 21:55:47.589 ReportQuery(F,F04,0129354,,0,*,1)
20260827 21:55:47.589 return: 100
20260827 21:55:47.591 DealQuery(F,F04,0129354,,*)
20260827 21:55:47.591 return: 100
20260827 21:55:47.591 UserDefinsFunc(Func=RA003|bhno=F04|acno=0129354|suba=|FC=N,RA003)
20260827 21:55:47.591 return: 100
20260827 21:55:47.591 ReportQuery(F,F04,0129354,,0,*,1)
20260827 21:55:47.591 return: 100
20260827 21:55:47.592 DealQuery(F,F04,0129354,,*)
20260827 21:55:47.592 return: 100
20260827 21:55:47.592 UserDefinsFunc(Func=RA003|bhno=F04|acno=0129354|suba=|FC=N,RA003)
20260827 21:55:47.592 return: 100
20260827 21:55:47.596 OnDealQuery(0):
20260827 21:55:47.596 OnReportQuery(0):
20260827 21:55:47.596 OnDealQuery(0):
20260827 21:55:47.596 OnReportQuery(0):
20260827 21:55:47.610 OnUserDefinsFuncResult(0):retc=00001|time=215547|emsg=查無資料 (0)|caltime=2026/08/27 21:55:47
WorkID=RA003
20260827 21:55:47.610 OnUserDefinsFuncResult(0):retc=00001|time=215547|emsg=查無資料 (0)|caltime=2026/08/27 21:55:47
WorkID=RA003
20260827 21:55:47.628 ReportQuery(F,F04,0129354,,0,*,1)
20260827 21:55:47.628 return: 100
20260827 21:55:47.628 DealQuery(F,F04,0129354,,*)
20260827 21:55:47.628 return: 100
20260827 21:55:47.628 UserDefinsFunc(Func=RA003|bhno=F04|acno=0129354|suba=|FC=N,RA003)
20260827 21:55:47.628 return: 100
20260827 21:55:47.629 ReportQuery(F,F04,0129354,,0,*,1)
20260827 21:55:47.629 return: 100
20260827 21:55:47.629 DealQuery(F,F04,0129354,,*)
20260827 21:55:47.629 return: 100
20260827 21:55:47.629 UserDefinsFunc(Func=RA003|bhno=F04|acno=0129354|suba=|FC=N,RA003)
20260827 21:55:47.629 return: 100
20260827 21:55:47.662 ReportQuery(F,F04,0129354,,0,*,1)
20260827 21:55:47.662 return: 100
20260827 21:55:47.662 DealQuery(F,F04,0129354,,*)
20260827 21:55:47.663 return: 100
20260827 21:55:47.663 UserDefinsFunc(Func=RA003|bhno=F04|acno=0129354|suba=|FC=N,RA003)
20260827 21:55:47.663 return: 100
20260827 21:55:47.663 ReportQuery(F,F04,0129354,,0,*,1)
20260827 21:55:47.663 return: 100
20260827 21:55:47.664 DealQuery(F,F04,0129354,,*)
20260827 21:55:47.664 return: 100
20260827 21:55:47.664 UserDefinsFunc(Func=RA003|bhno=F04|acno=0129354|suba=|FC=N,RA003)
20260827 21:55:47.664 return: 100
20260827 21:55:47.696 ReportQuery(F,F04,0129354,,0,*,1)
20260827 21:55:47.696 return: 100
20260827 21:55:47.696 DealQuery(F,F04,0129354,,*)
20260827 21:55:47.697 return: 100
20260827 21:55:47.697 UserDefinsFunc(Func=RA003|bhno=F04|acno=0129354|suba=|FC=N,RA003)
20260827 21:55:47.697 return: 100
20260827 21:55:47.697 ReportQuery(F,F04,0129354,,0,*,1)
20260827 21:55:47.698 return: 100
20260827 21:55:47.698 DealQuery(F,F04,0129354,,*)
20260827 21:55:47.698 return: 100
20260827 21:55:47.698 UserDefinsFunc(Func=RA003|bhno=F04|acno=0129354|suba=|FC=N,RA003)
20260827 21:55:47.698 return: 100
20260827 21:55:47.731 ReportQuery
20260827 21:55:47.731 OnDealQuery(0):(F,F04,0129354,,0,*,1)
20260827 21:55:47.731 return: 100
20260827 21:55:47.731 OnReportQuery(0):
20260827 21:55:47.731 DealQuery(F,F04,0129354,,*)
20260827 21:55:47.731 OnReportQuery(0):
20260827 21:55:47.731 return: 100
20260827 21:55:47.732 UserDefinsFunc(Func=RA003|bhno=F04|acno=0129354|suba=|FC=N,RA003)
20260827 21:55:47.732 return: 100
20260827 21:55:47.732 ReportQuery(F,F04,0129354,,0,*,1)
20260827 21:55:47.732 return: 100
20260827 21:55:47.732 DealQuery(F,F04,0129354,,*)
20260827 21:55:47.733 return: 100
20260827 21:55:47.733 UserDefinsFunc(Func=RA003|bhno=F04|acno=0129354|suba=|FC=N,RA003)
20260827 21:55:47.733 return: 100
20260827 21:55:47.751 OnDealQuery(0):
20260827 21:55:47.751 OnUserDefinsFuncResult(0):retc=00001|time=215547|emsg=查無資料 (0)|caltime=2026/08/27 21:55:47
WorkID=RA003
20260827 21:55:47.766 ReportQuery(F,F04,0129354,,0,*,1)
20260827 21:55:47.767 return: 100
20260827 21:55:47.767 DealQuery(F,F04,0129354,,*)
20260827 21:55:47.767 return: 100
20260827 21:55:47.767 UserDefinsFunc(Func=RA003|bhno=F04|acno=0129354|suba=|FC=N,RA003)
20260827 21:55:47.767 return: 100
20260827 21:55:47.768 ReportQuery(F,F04,0129354,,0,*,1)
20260827 21:55:47.768 return: 100
20260827 21:55:47.768 DealQuery(F,F04,0129354,,*)
20260827 21:55:47.768 return: 100
20260827 21:55:47.768 UserDefinsFunc(Func=RA003|bhno=F04|acno=0129354|suba=|FC=N,RA003)
20260827 21:55:47.768 return: 100
20260827 21:55:47.773 OnUserDefinsFuncResult(0):retc=00001|time=215547|emsg=查無資料 (0)|caltime=2026/08/27 21:55:47
WorkID=RA003
20260827 21:55:47.801 OnReportQuery(0):
20260827 21:55:47.801 OnDealQuery(0):
20260827 21:55:47.801 OnReportQuery(0):
20260827 21:55:47.802 OnDealQuery(0):
20260827 21:55:47.802 OnReportQuery(0):
20260827 21:55:47.805 ReportQuery(F,F04,0129354,,0,*,1)
20260827 21:55:47.805 return: 100
20260827 21:55:47.805 DealQuery(F,F04,0129354,,*)
20260827 21:55:47.806 return: 100
20260827 21:55:47.806 UserDefinsFunc(Func=RA003|bhno=F04|acno=0129354|suba=|FC=N,RA003)
20260827 21:55:47.806 return: 100
20260827 21:55:47.806 ReportQuery(F,F04,0129354,,0,*,1)
20260827 21:55:47.806 return: 100
20260827 21:55:47.807 DealQuery(F,F04,0129354,,*)
20260827 21:55:47.807 return: 100
20260827 21:55:47.807 UserDefinsFunc(Func=RA003|bhno=F04|acno=0129354|suba=|FC=N,RA003)
20260827 21:55:47.807 return: 100
20260827 21:55:47.809 OnUserDefinsFuncResult(0):retc=00001|time=215547|emsg=查無資料 (0)|caltime=2026/08/27 21:55:47
WorkID=RA003
20260827 21:55:47.817 OnUserDefinsFuncResult(0):retc=00001|time=215547|emsg=查無資料 (0)|caltime=2026/08/27 21:55:47
WorkID=RA003
20260827 21:55:47.833 OnDealQuery(0):
20260827 21:55:47.841 OnDealQuery(0):
20260827 21:55:47.841 OnReportQuery(0):
20260827 21:55:47.844 ReportQuery(F,F04,0129354,,0,*,1)
20260827 21:55:47.845 return: 100
20260827 21:55:47.845 DealQuery(F,F04,0129354,,*)
20260827 21:55:47.845 return: 100
20260827 21:55:47.845 UserDefinsFunc(Func=RA003|bhno=F04|acno=0129354|suba=|FC=N,RA003)
20260827 21:55:47.845 return: 100
20260827 21:55:47.846 ReportQuery(F,F04,0129354,,0,*,1)
20260827 21:55:47.846 return: 100
20260827 21:55:47.846 DealQuery(F,F04,0129354,,*)
20260827 21:55:47.846 return: 100
20260827 21:55:47.846 UserDefinsFunc(Func=RA003|bhno=F04|acno=0129354|suba=|FC=N,RA003)
20260827 21:55:47.846 return: 100
20260827 21:55:47.852 OnUserDefinsFuncResult(0):retc=00001|time=215547|emsg=查無資料 (0)|caltime=2026/08/27 21:55:47
WorkID=RA003
20260827 21:55:47.857 OnUserDefinsFuncResult(0):retc=00001|time=215547|emsg=查無資料 (0)|caltime=2026/08/27 21:55:47
WorkID=RA003
20260827 21:55:47.882 ReportQuery(F,F04,0129354,,0,*,1)
20260827 21:55:47.882 return: 100
20260827 21:55:47.882 DealQuery(F,F04,0129354,,*)
20260827 21:55:47.882 return: 100
20260827 21:55:47.882 UserDefinsFunc(Func=RA003|bhno=F04|acno=0129354|suba=|FC=N,RA003)
20260827 21:55:47.882 return: 100
20260827 21:55:47.882 ReportQuery(F,F04,0129354,,0,*,1)
20260827 21:55:47.882 return: 100
20260827 21:55:47.882 DealQuery(F,F04,0129354,,*)
20260827 21:55:47.882 return: 100
20260827 21:55:47.882 UserDefinsFunc(Func=RA003|bhno=F04|acno=0129354|suba=|FC=N,RA003)
20260827 21:55:47.882 return: 100
20260827 21:55:47.919 ReportQuery(F,F04,0129354,,0,*,1)
20260827 21:55:47.919 return: 100
20260827 21:55:47.919 DealQuery(F,F04,0129354,,*)
20260827 21:55:47.919 return: 100
20260827 21:55:47.919 UserDefinsFunc(Func=RA003|bhno=F04|acno=0129354|suba=|FC=N,RA003)
20260827 21:55:47.920 return: 100
20260827 21:55:47.920 ReportQuery(F,F04,0129354,,0,*,1)
20260827 21:55:47.920 return: 100
20260827 21:55:47.920 DealQuery(F,F04,0129354,,*)
20260827 21:55:47.920 return: 100
20260827 21:55:47.920 UserDefinsFunc(Func=RA003|bhno=F04|acno=0129354|suba=|FC=N,RA003)
20260827 21:55:47.921 return: 100
20260827 21:55:47.926 OnReportQuery(0):
20260827 21:55:47.941 OnDealQuery(0):
20260827 21:55:47.955 ReportQuery(F,F04,0129354,,0,*,1)
20260827 21:55:47.956 return: 100
20260827 21:55:47.956 DealQuery(F,F04,0129354,,*)
20260827 21:55:47.956 return: 100
20260827 21:55:47.956 UserDefinsFunc(Func=RA003|bhno=F04|acno=0129354|suba=|FC=N,RA003)
20260827 21:55:47.956 return: 100
20260827 21:55:47.957 ReportQuery(F,F04,0129354,,0,*,1)
20260827 21:55:47.957 return: 100
20260827 21:55:47.957 DealQuery(F,F04,0129354,,*)
20260827 21:55:47.957 return: 100
20260827 21:55:47.957 UserDefinsFunc(Func=RA003|bhno=F04|acno=0129354|suba=|FC=N,RA003)
20260827 21:55:47.957 return: 100
20260827 21:55:47.961 OnUserDefinsFuncResult(0):retc=00001|time=215547|emsg=查無資料 (0)|caltime=2026/08/27 21:55:47
WorkID=RA003
20260827 21:55:47.993 ReportQuery(F,F04,0129354,,0,*,1)
20260827 21:55:47.994 return: 100
20260827 21:55:47.995 DealQuery(F,F04,0129354,,*)
20260827 21:55:47.995 return: 100
20260827 21:55:47.995 UserDefinsFunc(Func=RA003|bhno=F04|acno=0129354|suba=|FC=N,RA003)
20260827 21:55:47.995 return: 100
20260827 21:55:47.995 ReportQuery(F,F04,0129354,,0,*,1)
20260827 21:55:47.995 return: 100
20260827 21:55:47.995 DealQuery(F,F04,0129354,,*)
20260827 21:55:47.996 return: 100
20260827 21:55:47.996 UserDefinsFunc(Func=RA003|bhno=F04|acno=0129354|suba=|FC=N,RA003)
20260827 21:55:47.997 return: 100
20260827 21:55:48.007 OnReportQuery(0):
20260827 21:55:48.007 OnDealQuery(0):
20260827 21:55:48.007 OnReportQuery(0):
20260827 21:55:48.014 OnUserDefinsFuncResult(0):retc=00001|time=215547|emsg=查無資料 (0)|caltime=2026/08/27 21:55:47
WorkID=RA003
20260827 21:55:48.044 ReportQuery(F,F04,0129354,,0,*,1)
20260827 21:55:48.044 return: 100
20260827 21:55:48.044 DealQuery(F,F04,0129354,,*)
20260827 21:55:48.044 return: 100
20260827 21:55:48.045 UserDefinsFunc(Func=RA003|bhno=F04|acno=0129354|suba=|FC=N,RA003)
20260827 21:55:48.045 return: 100
20260827 21:55:48.046 ReportQuery(F,F04,0129354,,0,*,1)
20260827 21:55:48.046 return: 100
20260827 21:55:48.046 DealQuery(F,F04,0129354,,*)
20260827 21:55:48.047 return: 100
20260827 21:55:48.047 UserDefinsFunc(Func=RA003|bhno=F04|acno=0129354|suba=|FC=N,RA003)
20260827 21:55:48.047 return: 100
20260827 21:55:48.083 ReportQuery(F,F04,0129354,,0,*,1)
20260827 21:55:48.084 return: 100
20260827 21:55:48.084 DealQuery(F,F04,0129354,,*)
20260827 21:55:48.084 return: 100
20260827 21:55:48.084 UserDefinsFunc(Func=RA003|bhno=F04|acno=0129354|suba=|FC=N,RA003)
20260827 21:55:48.084 return: 100
20260827 21:55:48.085 ReportQuery(F,F04,0129354,,0,*,1)
20260827 21:55:48.085 return: 100
20260827 21:55:48.086 DealQuery(F,F04,0129354,,*)
20260827 21:55:48.086 return: 100
20260827 21:55:48.086 UserDefinsFunc(Func=RA003|bhno=F04|acno=0129354|suba=|FC=N,RA003)
20260827 21:55:48.086 return: 100
20260827 21:55:48.125 ReportQuery(F,F04,0129354,,0,*,1)
20260827 21:55:48.126 return: 100
20260827 21:55:48.126 DealQuery(F,F04,0129354,,*)
20260827 21:55:48.126 return: 100
20260827 21:55:48.126 UserDefinsFunc(Func=RA003|bhno=F04|acno=0129354|suba=|FC=N,RA003)
20260827 21:55:48.126 return: 100
20260827 21:55:48.126 ReportQuery(F,F04,0129354,,0,*,1)
20260827 21:55:48.126 return: 100
20260827 21:55:48.126 DealQuery(F,F04,0129354,,*)
20260827 21:55:48.128 return: 100
20260827 21:55:48.128 UserDefinsFunc(Func=RA003|bhno=F04|acno=0129354|suba=|FC=N,RA003)
20260827 21:55:48.128 return: 100
20260827 21:55:48.146 OnDealQuery(0):
20260827 21:55:48.159 OnDealQuery(0):
20260827 21:55:48.159 OnReportQuery(0):
20260827 21:55:48.162 OnUserDefinsFuncResult(0):retc=00001|time=215548|emsg=查無資料 (0)|caltime=2026/08/27 21:55:48
WorkID=RA003
20260827 21:55:48.168 ReportQuery(F,F04,0129354,,0,*,1)
20260827 21:55:48.168 return: 100
20260827 21:55:48.169 DealQuery(F,F04,0129354,,*)
20260827 21:55:48.169 return: 100
20260827 21:55:48.169 UserDefinsFunc(Func=RA003|bhno=F04|acno=0129354|suba=|FC=N,RA003)
20260827 21:55:48.169 return: 100
20260827 21:55:48.169 ReportQuery(F,F04,0129354,,0,*,1)
20260827 21:55:48.170 return: 100
20260827 21:55:48.170 DealQuery(F,F04,0129354,,*)
20260827 21:55:48.170 return: 100
20260827 21:55:48.170 UserDefinsFunc(Func=RA003|bhno=F04|acno=0129354|suba=|FC=N,RA003)
20260827 21:55:48.170 return: 100
20260827 21:55:48.171 OnReportQuery(0):
20260827 21:55:48.171 OnDealQuery(0):
20260827 21:55:48.171 OnReportQuery(0):
20260827 21:55:48.172 OnDealQuery(0):
20260827 21:55:48.174 OnUserDefinsFuncResult(0):retc=00001|time=215548|emsg=查無資料 (0)|caltime=2026/08/27 21:55:48
WorkID=RA003
20260827 21:55:48.174 OnReportQuery(0):
20260827 21:55:48.174 OnReportQuery(0):
20260827 21:55:48.174 OnDealQuery(0):
20260827 21:55:48.174 OnDealQuery(0):
20260827 21:55:48.179 OnUserDefinsFuncResult(0):retc=00001|time=215548|emsg=查無資料 (0)|caltime=2026/08/27 21:55:48
WorkID=RA003
20260827 21:55:48.181 OnUserDefinsFuncResult(0):retc=00001|time=215548|emsg=查無資料 (0)|caltime=2026/08/27 21:55:48
WorkID=RA003
20260827 21:55:48.184 OnReportQuery(0):
20260827 21:55:48.185 OnDealQuery(0):
20260827 21:55:48.190 OnUserDefinsFuncResult(0):retc=00001|time=215548|emsg=查無資料 (0)|caltime=2026/08/27 21:55:48
WorkID=RA003
20260827 21:55:48.191 OnUserDefinsFuncResult(0):retc=00001|time=215548|emsg=查無資料 (0)|caltime=2026/08/27 21:55:48
WorkID=RA003
20260827 21:55:48.208 ReportQuery(F,F04,0129354,,0,*,1)
20260827 21:55:48.208 return: 100
20260827 21:55:48.208 DealQuery(F,F04,0129354,,*)
20260827 21:55:48.209 return: 100
20260827 21:55:48.209 UserDefinsFunc(Func=RA003|bhno=F04|acno=0129354|suba=|FC=N,RA003)
20260827 21:55:48.209 return: 100
20260827 21:55:48.209 ReportQuery(F,F04,0129354,,0,*,1)
20260827 21:55:48.209 return: 100
20260827 21:55:48.209 DealQuery(F,F04,0129354,,*)
20260827 21:55:48.211 return: 100
20260827 21:55:48.211 UserDefinsFunc(Func=RA003|bhno=F04|acno=0129354|suba=|FC=N,RA003)
20260827 21:55:48.211 return: 100
20260827 21:55:48.247 ReportQuery(F,F04,0129354,,0,*,1)
20260827 21:55:48.248 return: 100
20260827 21:55:48.248 DealQuery(F,F04,0129354,,*)
20260827 21:55:48.248 return: 100
20260827 21:55:48.248 UserDefinsFunc(Func=RA003|bhno=F04|acno=0129354|suba=|FC=N,RA003)
20260827 21:55:48.248 return: 100
20260827 21:55:48.249 ReportQuery(F,F04,0129354,,0,*,1)
20260827 21:55:48.249 return: 100
20260827 21:55:48.249 DealQuery(F,F04,0129354,,*)
20260827 21:55:48.249 return: 100
20260827 21:55:48.249 UserDefinsFunc(Func=RA003|bhno=F04|acno=0129354|suba=|FC=N,RA003)
20260827 21:55:48.249 return: 100
20260827 21:55:48.282 ReportQuery(F,F04,0129354,,0,*,1)
20260827 21:55:48.282 return: 100
20260827 21:55:48.282 DealQuery(F,F04,0129354,,*)
20260827 21:55:48.282 return: 100
20260827 21:55:48.283 UserDefinsFunc(Func=RA003|bhno=F04|acno=0129354|suba=|FC=N,RA003)
20260827 21:55:48.283 return: 100
20260827 21:55:48.283 ReportQuery(F,F04,0129354,,0,*,1)
20260827 21:55:48.283 return: 100
20260827 21:55:48.284 DealQuery(F,F04,0129354,,*)
20260827 21:55:48.284 return: 100
20260827 21:55:48.284 UserDefinsFunc(Func=RA003|bhno=F04|acno=0129354|suba=|FC=N,RA003)
20260827 21:55:48.284 return: 100
20260827 21:55:48.288 OnUserDefinsFuncResult(0):retc=00001|time=215548|emsg=查無資料 (0)|caltime=2026/08/27 21:55:48
WorkID=RA003
20260827 21:55:48.288 OnReportQuery(0):
20260827 21:55:48.288 OnDealQuery(0):
20260827 21:55:48.318 ReportQuery(F,F04,0129354,,0,*,1)
20260827 21:55:48.318 return: 100
20260827 21:55:48.319 DealQuery(F,F04,0129354,,*)
20260827 21:55:48.319 return: 100
20260827 21:55:48.319 UserDefinsFunc(Func=RA003|bhno=F04|acno=0129354|suba=|FC=N,RA003)
20260827 21:55:48.319 return: 100
20260827 21:55:48.319 ReportQuery(F,F04,0129354,,0,*,1)
20260827 21:55:48.319 return: 100
20260827 21:55:48.320 DealQuery(F,F04,0129354,,*)
20260827 21:55:48.320 return: 100
20260827 21:55:48.320 UserDefinsFunc(Func=RA003|bhno=F04|acno=0129354|suba=|FC=N,RA003)
20260827 21:55:48.320 return: 100
20260827 21:55:48.353 ReportQuery(F,F04,0129354,,0,*,1)
20260827 21:55:48.354 return: 100
20260827 21:55:48.354 DealQuery(F,F04,0129354,,*)
20260827 21:55:48.354 return: 100
20260827 21:55:48.355 UserDefinsFunc(Func=RA003|bhno=F04|acno=0129354|suba=|FC=N,RA003)
20260827 21:55:48.355 return: 100
20260827 21:55:48.355 ReportQuery(F,F04,0129354,,0,*,1)
20260827 21:55:48.355 return: 100
20260827 21:55:48.355 DealQuery(F,F04,0129354,,*)
20260827 21:55:48.356 return: 100
20260827 21:55:48.356 UserDefinsFunc(Func=RA003|bhno=F04|acno=0129354|suba=|FC=N,RA003)
20260827 21:55:48.356 return: 100
20260827 21:55:48.392 ReportQuery(F,F04,0129354,,0,*,1)
20260827 21:55:48.392 return: 100
20260827 21:55:48.392 DealQuery(F,F04,0129354,,*)
20260827 21:55:48.392 return: 100
20260827 21:55:48.393 UserDefinsFunc(Func=RA003|bhno=F04|acno=0129354|suba=|FC=N,RA003)
20260827 21:55:48.393 return: 100
20260827 21:55:48.393 ReportQuery(F,F04,0129354,,0,*,1)
20260827 21:55:48.393 return: 100
20260827 21:55:48.393 DealQuery(F,F04,0129354,,*)
20260827 21:55:48.393 return: 100
20260827 21:55:48.394 UserDefinsFunc(Func=RA003|bhno=F04|acno=0129354|suba=|FC=N,RA003)
20260827 21:55:48.394 return: 100
20260827 21:55:48.428 ReportQuery(F,F04,0129354,,0,*,1)
20260827 21:55:48.428 return: 100
20260827 21:55:48.428 DealQuery(F,F04,0129354,,*)
20260827 21:55:48.428 return: 100
20260827 21:55:48.429 UserDefinsFunc(Func=RA003|bhno=F04|acno=0129354|suba=|FC=N,RA003)
20260827 21:55:48.429 return: 100
20260827 21:55:48.429 ReportQuery(F,F04,0129354,,0,*,1)
20260827 21:55:48.429 return: 100
20260827 21:55:48.429 DealQuery(F,F04,0129354,,*)
20260827 21:55:48.429 return: 100
20260827 21:55:48.429 UserDefinsFunc(Func=RA003|bhno=F04|acno=0129354|suba=|FC=N,RA003)
20260827 21:55:48.430 return: 100
20260827 21:55:48.463 ReportQuery(F,F04,0129354,,0,*,1)
20260827 21:55:48.463 return: 100
20260827 21:55:48.463 DealQuery(F,F04,0129354,,*)
20260827 21:55:48.464 return: 100
20260827 21:55:48.464 UserDefinsFunc(Func=RA003|bhno=F04|acno=0129354|suba=|FC=N,RA003)
20260827 21:55:48.464 return: 100
20260827 21:55:48.464 ReportQuery(F,F04,0129354,,0,*,1)
20260827 21:55:48.465 return: 100
20260827 21:55:48.465 DealQuery(F,F04,0129354,,*)
20260827 21:55:48.465 return: 100
20260827 21:55:48.465 UserDefinsFunc(Func=RA003|bhno=F04|acno=0129354|suba=|FC=N,RA003)
20260827 21:55:48.465 return: 100
20260827 21:55:48.503 ReportQuery(F,F04,0129354,,0,*,1)
20260827 21:55:48.503 return: 100
20260827 21:55:48.504 DealQuery(F,F04,0129354,,*)
20260827 21:55:48.504 return: 100
20260827 21:55:48.504 UserDefinsFunc(Func=RA003|bhno=F04|acno=0129354|suba=|FC=N,RA003)
20260827 21:55:48.504 return: 100
20260827 21:55:48.504 ReportQuery(F,F04,0129354,,0,*,1)
20260827 21:55:48.504 return: 100
20260827 21:55:48.505 DealQuery(F,F04,0129354,,*)
20260827 21:55:48.505 return: 100
20260827 21:55:48.505 UserDefinsFunc(Func=RA003|bhno=F04|acno=0129354|suba=|FC=N,RA003)
20260827 21:55:48.505 return: 100
20260827 21:55:48.539 ReportQuery(F,F04,0129354,,0,*,1)
20260827 21:55:48.539 return: 100
20260827 21:55:48.540 DealQuery(F,F04,0129354,,*)
20260827 21:55:48.540 return: 100
20260827 21:55:48.540 UserDefinsFunc(Func=RA003|bhno=F04|acno=0129354|suba=|FC=N,RA003)
20260827 21:55:48.540 return: 100
20260827 21:55:48.540 ReportQuery(F,F04,0129354,,0,*,1)
20260827 21:55:48.540 return: 100
20260827 21:55:48.540 DealQuery(F,F04,0129354,,*)
20260827 21:55:48.541 return: 100
20260827 21:55:48.541 UserDefinsFunc(Func=RA003|bhno=F04|acno=0129354|suba=|FC=N,RA003)
20260827 21:55:48.541 return: 100
20260827 21:55:48.577 ReportQuery(F,F04,0129354,,0,*,1)
20260827 21:55:48.577 return: 100
20260827 21:55:48.578 DealQuery(F,F04,0129354,,*)
20260827 21:55:48.578 return: 100
20260827 21:55:48.578 UserDefinsFunc(Func=RA003|bhno=F04|acno=0129354|suba=|FC=N,RA003)
20260827 21:55:48.578 return: 100
20260827 21:55:48.578 ReportQuery(F,F04,0129354,,0,*,1)
20260827 21:55:48.579 return: 100
20260827 21:55:48.579 DealQuery(F,F04,0129354,,*)
20260827 21:55:48.579 return: 100
20260827 21:55:48.579 UserDefinsFunc(Func=RA003|bhno=F04|acno=0129354|suba=|FC=N,RA003)
20260827 21:55:48.579 return: 100
20260827 21:55:48.615 ReportQuery(F,F04,0129354,,0,*,1)
20260827 21:55:48.615 return: 100
20260827 21:55:48.615 DealQuery(F,F04,0129354,,*)
20260827 21:55:48.618 return: 100
20260827 21:55:48.618 UserDefinsFunc(Func=RA003|bhno=F04|acno=0129354|suba=|FC=N,RA003)
20260827 21:55:48.618 return: 100
20260827 21:55:48.618 ReportQuery(F,F04,0129354,,0,*,1)
20260827 21:55:48.618 return: 100
20260827 21:55:48.619 DealQuery(F,F04,0129354,,*)
20260827 21:55:48.619 return: 100
20260827 21:55:48.619 UserDefinsFunc(Func=RA003|bhno=F04|acno=0129354|suba=|FC=N,RA003)
20260827 21:55:48.619 return: 100
20260827 21:55:48.656 ReportQuery(F,F04,0129354,,0,*,1)
20260827 21:55:48.656 return: 100
20260827 21:55:48.656 DealQuery(F,F04,0129354,,*)
20260827 21:55:48.656 return: 100
20260827 21:55:48.657 UserDefinsFunc(Func=RA003|bhno=F04|acno=0129354|suba=|FC=N,RA003)
20260827 21:55:48.657 return: 100
20260827 21:55:48.657 ReportQuery(F,F04,0129354,,0,*,1)
20260827 21:55:48.657 return: 100
20260827 21:55:48.658 DealQuery(F,F04,0129354,,*)
20260827 21:55:48.658 return: 100
20260827 21:55:48.658 UserDefinsFunc(Func=RA003|bhno=F04|acno=0129354|suba=|FC=N,RA003)
20260827 21:55:48.658 return: 100
20260827 21:55:48.698 ReportQuery(F,F04,0129354,,0,*,1)
20260827 21:55:48.698 return: 100
20260827 21:55:48.698 DealQuery(F,F04,0129354,,*)
20260827 21:55:48.698 return: 100
20260827 21:55:48.699 UserDefinsFunc(Func=RA003|bhno=F04|acno=0129354|suba=|FC=N,RA003)
20260827 21:55:48.699 return: 100
20260827 21:55:48.699 ReportQuery(F,F04,0129354,,0,*,1)
20260827 21:55:48.699 return: 100
20260827 21:55:48.699 DealQuery(F,F04,0129354,,*)
20260827 21:55:48.700 return: 100
20260827 21:55:48.700 UserDefinsFunc(Func=RA003|bhno=F04|acno=0129354|suba=|FC=N,RA003)
20260827 21:55:48.700 return: 100
20260827 21:55:48.734 ReportQuery(F,F04,0129354,,0,*,1)
20260827 21:55:48.734 return: 100
20260827 21:55:48.734 DealQuery(F,F04,0129354,,*)
20260827 21:55:48.734 return: 100
20260827 21:55:48.735 UserDefinsFunc(Func=RA003|bhno=F04|acno=0129354|suba=|FC=N,RA003)
20260827 21:55:48.735 return: 100
20260827 21:55:48.736 ReportQuery(F,F04,0129354,,0,*,1)
20260827 21:55:48.736 return: 100
20260827 21:55:48.736 DealQuery(F,F04,0129354,,*)
20260827 21:55:48.736 return: 100
20260827 21:55:48.736 UserDefinsFunc(Func=RA003|bhno=F04|acno=0129354|suba=|FC=N,RA003)
20260827 21:55:48.736 return: 100
20260827 21:55:48.771 ReportQuery(F,F04,0129354,,0,*,1)
20260827 21:55:48.771 return: 100
20260827 21:55:48.771 DealQuery(F,F04,0129354,,*)
20260827 21:55:48.771 return: 100
20260827 21:55:48.771 UserDefinsFunc(Func=RA003|bhno=F04|acno=0129354|suba=|FC=N,RA003)
20260827 21:55:48.772 return: 100
20260827 21:55:48.772 ReportQuery(F,F04,0129354,,0,*,1)
20260827 21:55:48.772 return: 100
20260827 21:55:48.772 DealQuery(F,F04,0129354,,*)
20260827 21:55:48.772 return: 100
20260827 21:55:48.773 UserDefinsFunc(Func=RA003|bhno=F04|acno=0129354|suba=|FC=N,RA003)
20260827 21:55:48.773 return: 100
20260827 21:55:48.805 ReportQuery(F,F04,0129354,,0,*,1)
20260827 21:55:48.806 return: 100
20260827 21:55:48.806 DealQuery(F,F04,0129354,,*)
20260827 21:55:48.806 return: 100
20260827 21:55:48.806 UserDefinsFunc(Func=RA003|bhno=F04|acno=0129354|suba=|FC=N,RA003)
20260827 21:55:48.807 return: 100
20260827 21:55:48.807 ReportQuery(F,F04,0129354,,0,*,1)
20260827 21:55:48.808 return: 100
20260827 21:55:48.808 DealQuery(F,F04,0129354,,*)
20260827 21:55:48.808 return: 100
20260827 21:55:48.808 UserDefinsFunc(Func=RA003|bhno=F04|acno=0129354|suba=|FC=N,RA003)
20260827 21:55:48.809 return: 100
20260827 21:55:48.839 ReportQuery(F,F04,0129354,,0,*,1)
20260827 21:55:48.839 return: 100
20260827 21:55:48.839 DealQuery(F,F04,0129354,,*)
20260827 21:55:48.839 return: 100
20260827 21:55:48.841 UserDefinsFunc(Func=RA003|bhno=F04|acno=0129354|suba=|FC=N,RA003)
20260827 21:55:48.841 return: 100
20260827 21:55:48.841 ReportQuery(F,F04,0129354,,0,*,1)
20260827 21:55:48.841 return: 100
20260827 21:55:48.841 DealQuery(F,F04,0129354,,*)
20260827 21:55:48.841 return: 100
20260827 21:55:48.841 UserDefinsFunc(Func=RA003|bhno=F04|acno=0129354|suba=|FC=N,RA003)
20260827 21:55:48.842 return: 100
20260827 21:55:48.874 OnUserDefinsFuncResult(0):retc=00001|time=215548|emsg=查無資料 (0)|caltime=2026/08/27 21:55:48
WorkID=RA003
20260827 21:55:48.875 OnReportQuery(0):
20260827 21:55:48.875 OnDealQuery(0):
20260827 21:55:48.875 ReportQuery(F,F04,0129354,,0,*,1)
20260827 21:55:48.875 OnDealQuery(0):
20260827 21:55:48.875 OnReportQuery(0):
20260827 21:55:48.876 OnUserDefinsFuncResult(0):retc=00001|time=215548|emsg=查無資料 (0)|caltime=2026/08/27 21:55:48
WorkID=RA003
20260827 21:55:48.876 OnUserDefinsFuncResult(0):retc=00001|time=215548|emsg=查無資料 (0)|caltime=2026/08/27 21:55:48
WorkID=RA003
20260827 21:55:48.876 OnReportQuery(0):
20260827 21:55:48.876 OnDealQuery(0):
20260827 21:55:48.876 OnUserDefinsFuncResult(0):retc=00001|time=215548|emsg=查無資料 (0)|caltime=2026/08/27 21:55:48
WorkID=RA003
20260827 21:55:48.876 OnReportQuery(0):
20260827 21:55:48.877 return: 100
20260827 21:55:48.877 OnDealQuery(0):
20260827 21:55:48.877 OnUserDefinsFuncResult(0):retc=00001|time=215548|emsg=查無資料 (0)|caltime=2026/08/27 21:55:48
WorkID=RA003
20260827 21:55:48.877 DealQuery(F,F04,0129354,,*)
20260827 21:55:48.877 return: 100
20260827 21:55:48.877 UserDefinsFunc(Func=RA003|bhno=F04|acno=0129354|suba=|FC=N,RA003)
20260827 21:55:48.878 return: 100
20260827 21:55:48.878 ReportQuery(F,F04,0129354,,0,*,1)
20260827 21:55:48.878 return: 100
20260827 21:55:48.878 DealQuery(F,F04,0129354,,*)
20260827 21:55:48.878 return: 100
20260827 21:55:48.878 UserDefinsFunc(Func=RA003|bhno=F04|acno=0129354|suba=|FC=N,RA003)
20260827 21:55:48.879 return: 100
20260827 21:55:48.880 OnReportQuery(0):
20260827 21:55:48.910 ReportQuery(F,F04,0129354,,0,*,1)
20260827 21:55:48.911 return: 100
20260827 21:55:48.911 DealQuery(F,F04,0129354,,*)
20260827 21:55:48.911 return: 100
20260827 21:55:48.911 UserDefinsFunc(Func=RA003|bhno=F04|acno=0129354|suba=|FC=N,RA003)
20260827 21:55:48.911 return: 100
20260827 21:55:48.911 ReportQuery(F,F04,0129354,,0,*,1)
20260827 21:55:48.912 return: 100
20260827 21:55:48.912 DealQuery(F,F04,0129354,,*)
20260827 21:55:48.912 return: 100
20260827 21:55:48.912 UserDefinsFunc(Func=RA003|bhno=F04|acno=0129354|suba=|FC=N,RA003)
20260827 21:55:48.912 return: 100
20260827 21:55:48.945 ReportQuery(F,F04,0129354,,0,*,1)
20260827 21:55:48.947 return: 100
20260827 21:55:48.947 DealQuery(F,F04,0129354,,*)
20260827 21:55:48.947 return: 100
20260827 21:55:48.947 UserDefinsFunc(Func=RA003|bhno=F04|acno=0129354|suba=|FC=N,RA003)
20260827 21:55:48.947 return: 100
20260827 21:55:48.947 ReportQuery(F,F04,0129354,,0,*,1)
20260827 21:55:48.947 return: 100
20260827 21:55:48.948 DealQuery(F,F04,0129354,,*)
20260827 21:55:48.948 return: 100
20260827 21:55:48.948 UserDefinsFunc(Func=RA003|bhno=F04|acno=0129354|suba=|FC=N,RA003)
20260827 21:55:48.948 return: 100
20260827 21:55:48.983 ReportQuery(F,F04,0129354,,0,*,1)
20260827 21:55:48.983 return: 100
20260827 21:55:48.984 DealQuery(F,F04,0129354,,*)
20260827 21:55:48.984 return: 100
20260827 21:55:48.984 UserDefinsFunc(Func=RA003|bhno=F04|acno=0129354|suba=|FC=N,RA003)
20260827 21:55:48.984 return: 100
20260827 21:55:48.984 ReportQuery(F,F04,0129354,,0,*,1)
20260827 21:55:48.985 return: 100
20260827 21:55:48.985 DealQuery(F,F04,0129354,,*)
20260827 21:55:48.985 return: 100
20260827 21:55:48.986 UserDefinsFunc(Func=RA003|bhno=F04|acno=0129354|suba=|FC=N,RA003)
20260827 21:55:48.986 return: 100
20260827 21:55:49.021 ReportQuery(F,F04,0129354,,0,*,1)
20260827 21:55:49.021 return: 100
20260827 21:55:49.022 DealQuery(F,F04,0129354,,*)
20260827 21:55:49.022 return: 100
20260827 21:55:49.022 UserDefinsFunc(Func=RA003|bhno=F04|acno=0129354|suba=|FC=N,RA003)
20260827 21:55:49.022 return: 100
20260827 21:55:49.022 ReportQuery(F,F04,0129354,,0,*,1)
20260827 21:55:49.023 return: 100
20260827 21:55:49.023 DealQuery(F,F04,0129354,,*)
20260827 21:55:49.023 return: 100
20260827 21:55:49.023 UserDefinsFunc(Func=RA003|bhno=F04|acno=0129354|suba=|FC=N,RA003)
20260827 21:55:49.023 return: 100
20260827 21:55:49.051 OnDealQuery(0):
20260827 21:55:49.051 OnReportQuery(0):
20260827 21:55:49.052 OnDealQuery(0):
20260827 21:55:49.052 OnUserDefinsFuncResult(0):retc=00001|time=215549|emsg=查無資料 (0)|caltime=2026/08/27 21:55:48
WorkID=RA003
20260827 21:55:49.052 OnUserDefinsFuncResult(0):retc=00001|time=215549|emsg=查無資料 (0)|caltime=2026/08/27 21:55:48
WorkID=RA003
20260827 21:55:49.058 ReportQuery(F,F04,0129354,,0,*,1)
20260827 21:55:49.059 return: 100
20260827 21:55:49.059 DealQuery(F,F04,0129354,,*)
20260827 21:55:49.060 return: 100
20260827 21:55:49.060 UserDefinsFunc(Func=RA003|bhno=F04|acno=0129354|suba=|FC=N,RA003)
20260827 21:55:49.060 return: 100
20260827 21:55:49.060 ReportQuery(F,F04,0129354,,0,*,1)
20260827 21:55:49.060 return: 100
20260827 21:55:49.061 DealQuery(F,F04,0129354,,*)
20260827 21:55:49.061 return: 100
20260827 21:55:49.061 UserDefinsFunc(Func=RA003|bhno=F04|acno=0129354|suba=|FC=N,RA003)
20260827 21:55:49.061 return: 100
20260827 21:55:49.067 OnReportQuery(0):
20260827 21:55:49.067 OnDealQuery(0):
20260827 21:55:49.068 OnUserDefinsFuncResult(0):retc=00001|time=215549|emsg=查無資料 (0)|caltime=2026/08/27 21:55:49
WorkID=RA003
20260827 21:55:49.068 OnReportQuery(0):
20260827 21:55:49.068 OnDealQuery(0):
20260827 21:55:49.085 OnReportQuery(0):
20260827 21:55:49.085 OnDealQuery(0):
20260827 21:55:49.085 OnReportQuery(0):
20260827 21:55:49.085 OnDealQuery(0):
20260827 21:55:49.088 OnReportQuery(0):
20260827 21:55:49.089 OnDealQuery(0):
20260827 21:55:49.089 OnReportQuery(0):
20260827 21:55:49.089 OnDealQuery(0):
20260827 21:55:49.089 OnReportQuery(0):
20260827 21:55:49.089 OnDealQuery(0):
20260827 21:55:49.089 OnReportQuery(0):
20260827 21:55:49.090 OnDealQuery(0):
20260827 21:55:49.090 OnUserDefinsFuncResult(0):retc=00001|time=215549|emsg=查無資料 (0)|caltime=2026/08/27 21:55:49
WorkID=RA003
20260827 21:55:49.090 OnUserDefinsFuncResult(0):retc=00001|time=215549|emsg=查無資料 (0)|caltime=2026/08/27 21:55:49
WorkID=RA003
20260827 21:55:49.090 OnUserDefinsFuncResult(0):retc=00001|time=215549|emsg=查無資料 (0)|caltime=2026/08/27 21:55:49
WorkID=RA003
20260827 21:55:49.090 OnUserDefinsFuncResult(0):retc=00001|time=215549|emsg=查無資料 (0)|caltime=2026/08/27 21:55:49
WorkID=RA003
20260827 21:55:49.090 OnUserDefinsFuncResult(0):retc=00001|time=215549|emsg=查無資料 (0)|caltime=2026/08/27 21:55:49
WorkID=RA003
20260827 21:55:49.090 OnUserDefinsFuncResult(0):retc=00001|time=215549|emsg=查無資料 (0)|caltime=2026/08/27 21:55:49
WorkID=RA003
20260827 21:55:49.094 ReportQuery(F,F04,0129354,,0,*,1)
20260827 21:55:49.094 return: 100
20260827 21:55:49.094 DealQuery(F,F04,0129354,,*)
20260827 21:55:49.095 return: 100
20260827 21:55:49.095 UserDefinsFunc(Func=RA003|bhno=F04|acno=0129354|suba=|FC=N,RA003)
20260827 21:55:49.095 return: 100
20260827 21:55:49.095 ReportQuery(F,F04,0129354,,0,*,1)
20260827 21:55:49.095 return: 100
20260827 21:55:49.096 DealQuery(F,F04,0129354,,*)
20260827 21:55:49.096 return: 100
20260827 21:55:49.096 UserDefinsFunc(Func=RA003|bhno=F04|acno=0129354|suba=|FC=N,RA003)
20260827 21:55:49.096 return: 100
20260827 21:55:49.098 OnReportQuery(0):
20260827 21:55:49.101 OnUserDefinsFuncResult(0):retc=00001|time=215549|emsg=查無資料 (0)|caltime=2026/08/27 21:55:49
WorkID=RA003
20260827 21:55:49.128 ReportQuery(F,F04,0129354,,0,*,1)
20260827 21:55:49.128 return: 100
20260827 21:55:49.129 DealQuery(F,F04,0129354,,*)
20260827 21:55:49.129 return: 100
20260827 21:55:49.129 UserDefinsFunc(Func=RA003|bhno=F04|acno=0129354|suba=|FC=N,RA003)
20260827 21:55:49.129 return: 100
20260827 21:55:49.129 ReportQuery(F,F04,0129354,,0,*,1)
20260827 21:55:49.129 return: 100
20260827 21:55:49.130 DealQuery(F,F04,0129354,,*)
20260827 21:55:49.130 return: 100
20260827 21:55:49.130 UserDefinsFunc(Func=RA003|bhno=F04|acno=0129354|suba=|FC=N,RA003)
20260827 21:55:49.130 return: 100
20260827 21:55:49.163 ReportQuery(F,F04,0129354,,0,*,1)
20260827 21:55:49.163 return: 100
20260827 21:55:49.163 DealQuery(F,F04,0129354,,*)
20260827 21:55:49.163 return: 100
20260827 21:55:49.163 UserDefinsFunc(Func=RA003|bhno=F04|acno=0129354|suba=|FC=N,RA003)
20260827 21:55:49.164 return: 100
20260827 21:55:49.164 ReportQuery(F,F04,0129354,,0,*,1)
20260827 21:55:49.164 return: 100
20260827 21:55:49.164 DealQuery(F,F04,0129354,,*)
20260827 21:55:49.164 return: 100
20260827 21:55:49.165 UserDefinsFunc(Func=RA003|bhno=F04|acno=0129354|suba=|FC=N,RA003)
20260827 21:55:49.165 return: 100
20260827 21:55:49.199 ReportQuery(F,F04,0129354,,0,*,1)
20260827 21:55:49.200 return: 100
20260827 21:55:49.200 DealQuery(F,F04,0129354,,*)
20260827 21:55:49.200 return: 100
20260827 21:55:49.200 UserDefinsFunc(Func=RA003|bhno=F04|acno=0129354|suba=|FC=N,RA003)
20260827 21:55:49.200 return: 100
20260827 21:55:49.200 ReportQuery(F,F04,0129354,,0,*,1)
20260827 21:55:49.200 return: 100
20260827 21:55:49.200 DealQuery(F,F04,0129354,,*)
20260827 21:55:49.201 return: 100
20260827 21:55:49.201 UserDefinsFunc(Func=RA003|bhno=F04|acno=0129354|suba=|FC=N,RA003)
20260827 21:55:49.201 return: 100
20260827 21:55:49.232 ReportQuery(F,F04,0129354,,0,*,1)
20260827 21:55:49.233 return: 100
20260827 21:55:49.233 DealQuery(F,F04,0129354,,*)
20260827 21:55:49.233 return: 100
20260827 21:55:49.234 UserDefinsFunc(Func=RA003|bhno=F04|acno=0129354|suba=|FC=N,RA003)
20260827 21:55:49.234 return: 100
20260827 21:55:49.234 ReportQuery(F,F04,0129354,,0,*,1)
20260827 21:55:49.234 return: 100
20260827 21:55:49.234 DealQuery(F,F04,0129354,,*)
20260827 21:55:49.234 return: 100
20260827 21:55:49.234 UserDefinsFunc(Func=RA003|bhno=F04|acno=0129354|suba=|FC=N,RA003)
20260827 21:55:49.234 return: 100
20260827 21:55:49.267 ReportQuery(F,F04,0129354,,0,*,1)
20260827 21:55:49.267 return: 100
20260827 21:55:49.267 DealQuery(F,F04,0129354,,*)
20260827 21:55:49.267 return: 100
20260827 21:55:49.267 UserDefinsFunc(Func=RA003|bhno=F04|acno=0129354|suba=|FC=N,RA003)
20260827 21:55:49.267 return: 100
20260827 21:55:49.267 ReportQuery(F,F04,0129354,,0,*,1)
20260827 21:55:49.269 return: 100
20260827 21:55:49.269 DealQuery(F,F04,0129354,,*)
20260827 21:55:49.269 return: 100
20260827 21:55:49.269 UserDefinsFunc(Func=RA003|bhno=F04|acno=0129354|suba=|FC=N,RA003)
20260827 21:55:49.269 return: 100
20260827 21:55:49.328 OnDealQuery(0):
20260827 21:55:49.328 OnReportQuery(0):
20260827 21:55:49.328 OnUserDefinsFuncResult(0):retc=00001|time=215549|emsg=查無資料 (0)|caltime=2026/08/27 21:55:49
WorkID=RA003
20260827 21:55:49.328 OnDealQuery(0):
20260827 21:55:49.339 OnReportQuery(0):
20260827 21:55:49.344 OnDealQuery(0):
20260827 21:55:49.344 OnReportQuery(0):
20260827 21:55:49.344 OnDealQuery(0):
20260827 21:55:49.349 OnUserDefinsFuncResult(0):retc=00001|time=215549|emsg=查無資料 (0)|caltime=2026/08/27 21:55:49
WorkID=RA003
20260827 21:55:49.359 OnReportQuery(0):
20260827 21:55:49.360 OnReportQuery(0):
20260827 21:55:49.360 OnDealQuery(0):
20260827 21:55:49.360 OnDealQuery(0):
20260827 21:55:49.360 OnReportQuery(0):
20260827 21:55:49.381 OnDealQuery(0):
20260827 21:55:49.381 OnUserDefinsFuncResult(0):retc=00001|time=215549|emsg=查無資料 (0)|caltime=2026/08/27 21:55:49
WorkID=RA003
20260827 21:55:49.381 OnUserDefinsFuncResult(0):retc=00001|time=215549|emsg=查無資料 (0)|caltime=2026/08/27 21:55:49
WorkID=RA003
20260827 21:55:49.381 OnUserDefinsFuncResult(0):retc=00001|time=215549|emsg=查無資料 (0)|caltime=2026/08/27 21:55:49
WorkID=RA003
20260827 21:55:49.381 OnReportQuery(0):
20260827 21:55:49.381 OnDealQuery(0):
20260827 21:55:49.381 OnUserDefinsFuncResult(0):retc=00001|time=215549|emsg=查無資料 (0)|caltime=2026/08/27 21:55:49
WorkID=RA003
20260827 21:55:49.381 OnUserDefinsFuncResult(0):retc=00001|time=215549|emsg=查無資料 (0)|caltime=2026/08/27 21:55:49
WorkID=RA003
20260827 21:55:49.569 ReportQuery(F,F04,0129354,,0,*,1)
20260827 21:55:49.569 return: 100
20260827 21:55:49.569 DealQuery(F,F04,0129354,,*)
20260827 21:55:49.570 return: 100
20260827 21:55:49.570 UserDefinsFunc(Func=RA003|bhno=F04|acno=0129354|suba=|FC=N,RA003)
20260827 21:55:49.570 return: 100
20260827 21:55:49.571 ReportQuery(F,F04,0129354,,0,*,1)
20260827 21:55:49.571 return: 100
20260827 21:55:49.571 DealQuery(F,F04,0129354,,*)
20260827 21:55:49.571 return: 100
20260827 21:55:49.571 UserDefinsFunc(Func=RA003|bhno=F04|acno=0129354|suba=|FC=N,RA003)
20260827 21:55:49.571 return: 100
20260827 21:55:49.612 ReportQuery(F,F04,0129354,,0,*,1)
20260827 21:55:49.612 return: 100
20260827 21:55:49.612 DealQuery(F,F04,0129354,,*)
20260827 21:55:49.613 return: 100
20260827 21:55:49.613 UserDefinsFunc(Func=RA003|bhno=F04|acno=0129354|suba=|FC=N,RA003)
20260827 21:55:49.613 return: 100
20260827 21:55:49.613 ReportQuery(F,F04,0129354,,0,*,1)
20260827 21:55:49.613 return: 100
20260827 21:55:49.614 DealQuery(F,F04,0129354,,*)
20260827 21:55:49.614 return: 100
20260827 21:55:49.614 UserDefinsFunc(Func=RA003|bhno=F04|acno=0129354|suba=|FC=N,RA003)
20260827 21:55:49.614 return: 100
20260827 21:55:49.648 ReportQuery(F,F04,0129354,,0,*,1)
20260827 21:55:49.649 return: 100
20260827 21:55:49.649 DealQuery(F,F04,0129354,,*)
20260827 21:55:49.649 return: 100
20260827 21:55:49.649 UserDefinsFunc(Func=RA003|bhno=F04|acno=0129354|suba=|FC=N,RA003)
20260827 21:55:49.649 return: 100
20260827 21:55:49.650 ReportQuery(F,F04,0129354,,0,*,1)
20260827 21:55:49.650 return: 100
20260827 21:55:49.650 DealQuery(F,F04,0129354,,*)
20260827 21:55:49.650 return: 100
20260827 21:55:49.650 UserDefinsFunc(Func=RA003|bhno=F04|acno=0129354|suba=|FC=N,RA003)
20260827 21:55:49.651 return: 100
20260827 21:55:49.690 ReportQuery(F,F04,0129354,,0,*,1)
20260827 21:55:49.690 return: 100
20260827 21:55:49.690 DealQuery(F,F04,0129354,,*)
20260827 21:55:49.690 return: 100
20260827 21:55:49.690 UserDefinsFunc(Func=RA003|bhno=F04|acno=0129354|suba=|FC=N,RA003)
20260827 21:55:49.690 return: 100
20260827 21:55:49.690 ReportQuery(F,F04,0129354,,0,*,1)
20260827 21:55:49.690 return: 100
20260827 21:55:49.690 DealQuery(F,F04,0129354,,*)
20260827 21:55:49.690 return: 100
20260827 21:55:49.694 UserDefinsFunc(Func=RA003|bhno=F04|acno=0129354|suba=|FC=N,RA003)
20260827 21:55:49.694 return: 100
20260827 21:55:49.733 ReportQuery(F,F04,0129354,,0,*,1)
20260827 21:55:49.733 return: 100
20260827 21:55:49.734 DealQuery(F,F04,0129354,,*)
20260827 21:55:49.734 return: 100
20260827 21:55:49.734 UserDefinsFunc(Func=RA003|bhno=F04|acno=0129354|suba=|FC=N,RA003)
20260827 21:55:49.735 return: 100
20260827 21:55:49.736 ReportQuery(F,F04,0129354,,0,*,1)
20260827 21:55:49.737 return: 100
20260827 21:55:49.737 DealQuery(F,F04,0129354,,*)
20260827 21:55:49.738 return: 100
20260827 21:55:49.738 UserDefinsFunc(Func=RA003|bhno=F04|acno=0129354|suba=|FC=N,RA003)
20260827 21:55:49.739 return: 100
20260827 21:55:49.824 ReportQuery(F,F04,0129354,,0,*,1)
20260827 21:55:49.825 return: 100
20260827 21:55:49.825 DealQuery(F,F04,0129354,,*)
20260827 21:55:49.826 return: 100
20260827 21:55:49.827 UserDefinsFunc(Func=RA003|bhno=F04|acno=0129354|suba=|FC=N,RA003)
20260827 21:55:49.827 return: 100
20260827 21:55:49.827 ReportQuery(F,F04,0129354,,0,*,1)
20260827 21:55:49.828 return: 100
20260827 21:55:49.828 DealQuery(F,F04,0129354,,*)
20260827 21:55:49.828 return: 100
20260827 21:55:49.829 UserDefinsFunc(Func=RA003|bhno=F04|acno=0129354|suba=|FC=N,RA003)
20260827 21:55:49.829 return: 100
20260827 21:55:49.890 ReportQuery(F,F04,0129354,,0,*,1)
20260827 21:55:49.891 return: 100
20260827 21:55:49.892 DealQuery(F,F04,0129354,,*)
20260827 21:55:49.892 return: 100
20260827 21:55:49.892 UserDefinsFunc(Func=RA003|bhno=F04|acno=0129354|suba=|FC=N,RA003)
20260827 21:55:49.893 return: 100
20260827 21:55:49.893 ReportQuery(F,F04,0129354,,0,*,1)
20260827 21:55:49.893 return: 100
20260827 21:55:49.894 DealQuery(F,F04,0129354,,*)
20260827 21:55:49.894 return: 100
20260827 21:55:49.894 UserDefinsFunc(Func=RA003|bhno=F04|acno=0129354|suba=|FC=N,RA003)
20260827 21:55:49.894 return: 100
20260827 21:55:49.943 ReportQuery(F,F04,0129354,,0,*,1)
20260827 21:55:49.944 return: 100
20260827 21:55:49.944 DealQuery(F,F04,0129354,,*)
20260827 21:55:49.944 return: 100
20260827 21:55:49.944 UserDefinsFunc(Func=RA003|bhno=F04|acno=0129354|suba=|FC=N,RA003)
20260827 21:55:49.946 return: 100
20260827 21:55:49.946 ReportQuery(F,F04,0129354,,0,*,1)
20260827 21:55:49.947 return: 100
20260827 21:55:49.947 DealQuery(F,F04,0129354,,*)
20260827 21:55:49.947 return: 100
20260827 21:55:49.947 UserDefinsFunc(Func=RA003|bhno=F04|acno=0129354|suba=|FC=N,RA003)
20260827 21:55:49.948 return: 100
20260827 21:55:50.001 ReportQuery(F,F04,0129354,,0,*,1)
20260827 21:55:50.001 return: 100
20260827 21:55:50.001 DealQuery(F,F04,0129354,,*)
20260827 21:55:50.002 return: 100
20260827 21:55:50.002 UserDefinsFunc(Func=RA003|bhno=F04|acno=0129354|suba=|FC=N,RA003)
20260827 21:55:50.002 return: 100
20260827 21:55:50.003 ReportQuery(F,F04,0129354,,0,*,1)
20260827 21:55:50.003 return: 100
20260827 21:55:50.003 DealQuery(F,F04,0129354,,*)
20260827 21:55:50.003 return: 100
20260827 21:55:50.003 UserDefinsFunc(Func=RA003|bhno=F04|acno=0129354|suba=|FC=N,RA003)
20260827 21:55:50.004 return: 100
20260827 21:55:50.044 ReportQuery(F,F04,0129354,,0,*,1)
20260827 21:55:50.045 return: 100
20260827 21:55:50.045 DealQuery(F,F04,0129354,,*)
20260827 21:55:50.046 return: 100
20260827 21:55:50.046 UserDefinsFunc(Func=RA003|bhno=F04|acno=0129354|suba=|FC=N,RA003)
20260827 21:55:50.046 return: 100
20260827 21:55:50.046 ReportQuery(F,F04,0129354,,0,*,1)
20260827 21:55:50.046 return: 100
20260827 21:55:50.046 DealQuery(F,F04,0129354,,*)
20260827 21:55:50.046 return: 100
20260827 21:55:50.048 UserDefinsFunc(Func=RA003|bhno=F04|acno=0129354|suba=|FC=N,RA003)
20260827 21:55:50.048 return: 100
20260827 21:55:50.082 ReportQuery(F,F04,0129354,,0,*,1)
20260827 21:55:50.082 return: 100
20260827 21:55:50.082 DealQuery(F,F04,0129354,,*)
20260827 21:55:50.082 return: 100
20260827 21:55:50.082 UserDefinsFunc(Func=RA003|bhno=F04|acno=0129354|suba=|FC=N,RA003)
20260827 21:55:50.082 return: 100
20260827 21:55:50.082 ReportQuery(F,F04,0129354,,0,*,1)
20260827 21:55:50.088 return: 100
20260827 21:55:50.088 DealQuery(F,F04,0129354,,*)
20260827 21:55:50.088 return: 100
20260827 21:55:50.088 UserDefinsFunc(Func=RA003|bhno=F04|acno=0129354|suba=|FC=N,RA003)
20260827 21:55:50.089 return: 100
20260827 21:55:50.121 ReportQuery(F,F04,0129354,,0,*,1)
20260827 21:55:50.121 return: 100
20260827 21:55:50.121 DealQuery(F,F04,0129354,,*)
20260827 21:55:50.122 return: 100
20260827 21:55:50.122 UserDefinsFunc(Func=RA003|bhno=F04|acno=0129354|suba=|FC=N,RA003)
20260827 21:55:50.122 return: 100
20260827 21:55:50.122 ReportQuery(F,F04,0129354,,0,*,1)
20260827 21:55:50.123 return: 100
20260827 21:55:50.123 DealQuery(F,F04,0129354,,*)
20260827 21:55:50.123 return: 100
20260827 21:55:50.123 UserDefinsFunc(Func=RA003|bhno=F04|acno=0129354|suba=|FC=N,RA003)
20260827 21:55:50.123 return: 100
20260827 21:55:50.156 ReportQuery(F,F04,0129354,,0,*,1)
20260827 21:55:50.156 return: 100
20260827 21:55:50.156 DealQuery(F,F04,0129354,,*)
20260827 21:55:50.156 return: 100
20260827 21:55:50.158 UserDefinsFunc(Func=RA003|bhno=F04|acno=0129354|suba=|FC=N,RA003)
20260827 21:55:50.158 return: 100
20260827 21:55:50.158 ReportQuery(F,F04,0129354,,0,*,1)
20260827 21:55:50.158 return: 100
20260827 21:55:50.158 DealQuery(F,F04,0129354,,*)
20260827 21:55:50.158 return: 100
20260827 21:55:50.159 UserDefinsFunc(Func=RA003|bhno=F04|acno=0129354|suba=|FC=N,RA003)
20260827 21:55:50.159 return: 100
20260827 21:55:50.193 ReportQuery(F,F04,0129354,,0,*,1)
20260827 21:55:50.193 return: 100
20260827 21:55:50.193 DealQuery(F,F04,0129354,,*)
20260827 21:55:50.194 return: 100
20260827 21:55:50.194 UserDefinsFunc(Func=RA003|bhno=F04|acno=0129354|suba=|FC=N,RA003)
20260827 21:55:50.194 return: 100
20260827 21:55:50.194 ReportQuery(F,F04,0129354,,0,*,1)
20260827 21:55:50.194 return: 100
20260827 21:55:50.195 DealQuery(F,F04,0129354,,*)
20260827 21:55:50.195 return: 100
20260827 21:55:50.195 UserDefinsFunc(Func=RA003|bhno=F04|acno=0129354|suba=|FC=N,RA003)
20260827 21:55:50.195 return: 100
20260827 21:55:50.229 ReportQuery(F,F04,0129354,,0,*,1)
20260827 21:55:50.230 return: 100
20260827 21:55:50.230 DealQuery(F,F04,0129354,,*)
20260827 21:55:50.231 return: 100
20260827 21:55:50.231 UserDefinsFunc(Func=RA003|bhno=F04|acno=0129354|suba=|FC=N,RA003)
20260827 21:55:50.231 return: 100
20260827 21:55:50.231 ReportQuery(F,F04,0129354,,0,*,1)
20260827 21:55:50.231 return: 100
20260827 21:55:50.232 DealQuery(F,F04,0129354,,*)
20260827 21:55:50.232 return: 100
20260827 21:55:50.232 UserDefinsFunc(Func=RA003|bhno=F04|acno=0129354|suba=|FC=N,RA003)
20260827 21:55:50.232 return: 100
20260827 21:55:50.267 ReportQuery(F,F04,0129354,,0,*,1)
20260827 21:55:50.267 return: 100
20260827 21:55:50.267 DealQuery(F,F04,0129354,,*)
20260827 21:55:50.268 return: 100
20260827 21:55:50.268 UserDefinsFunc(Func=RA003|bhno=F04|acno=0129354|suba=|FC=N,RA003)
20260827 21:55:50.268 return: 100
20260827 21:55:50.268 ReportQuery(F,F04,0129354,,0,*,1)
20260827 21:55:50.268 return: 100
20260827 21:55:50.270 DealQuery(F,F04,0129354,,*)
20260827 21:55:50.270 return: 100
20260827 21:55:50.270 UserDefinsFunc(Func=RA003|bhno=F04|acno=0129354|suba=|FC=N,RA003)
20260827 21:55:50.270 return: 100
20260827 21:55:50.308 ReportQuery(F,F04,0129354,,0,*,1)
20260827 21:55:50.308 return: 100
20260827 21:55:50.308 DealQuery(F,F04,0129354,,*)
20260827 21:55:50.308 return: 100
20260827 21:55:50.308 UserDefinsFunc(Func=RA003|bhno=F04|acno=0129354|suba=|FC=N,RA003)
20260827 21:55:50.308 return: 100
20260827 21:55:50.308 ReportQuery(F,F04,0129354,,0,*,1)
20260827 21:55:50.308 return: 100
20260827 21:55:50.308 DealQuery(F,F04,0129354,,*)
20260827 21:55:50.308 return: 100
20260827 21:55:50.308 UserDefinsFunc(Func=RA003|bhno=F04|acno=0129354|suba=|FC=N,RA003)
20260827 21:55:50.308 return: 100
20260827 21:55:50.348 ReportQuery(F,F04,0129354,,0,*,1)
20260827 21:55:50.348 return: 100
20260827 21:55:50.348 DealQuery(F,F04,0129354,,*)
20260827 21:55:50.348 return: 100
20260827 21:55:50.348 UserDefinsFunc(Func=RA003|bhno=F04|acno=0129354|suba=|FC=N,RA003)
20260827 21:55:50.348 return: 100
20260827 21:55:50.348 ReportQuery(F,F04,0129354,,0,*,1)
20260827 21:55:50.348 return: 100
20260827 21:55:50.348 DealQuery(F,F04,0129354,,*)
20260827 21:55:50.348 return: 100
20260827 21:55:50.351 UserDefinsFunc(Func=RA003|bhno=F04|acno=0129354|suba=|FC=N,RA003)
20260827 21:55:50.351 return: 100
20260827 21:55:50.391 ReportQuery(F,F04,0129354,,0,*,1)
20260827 21:55:50.391 return: 100
20260827 21:55:50.391 DealQuery(F,F04,0129354,,*)
20260827 21:55:50.391 return: 100
20260827 21:55:50.391 UserDefinsFunc(Func=RA003|bhno=F04|acno=0129354|suba=|FC=N,RA003)
20260827 21:55:50.391 return: 100
20260827 21:55:50.393 ReportQuery(F,F04,0129354,,0,*,1)
20260827 21:55:50.393 return: 100
20260827 21:55:50.393 DealQuery(F,F04,0129354,,*)
20260827 21:55:50.394 return: 100
20260827 21:55:50.394 UserDefinsFunc(Func=RA003|bhno=F04|acno=0129354|suba=|FC=N,RA003)
20260827 21:55:50.394 return: 100
20260827 21:55:50.445 ReportQuery(F,F04,0129354,,0,*,1)
20260827 21:55:50.445 return: 100
20260827 21:55:50.446 DealQuery(F,F04,0129354,,*)
20260827 21:55:50.446 return: 100
20260827 21:55:50.446 UserDefinsFunc(Func=RA003|bhno=F04|acno=0129354|suba=|FC=N,RA003)
20260827 21:55:50.447 return: 100
20260827 21:55:50.447 ReportQuery(F,F04,0129354,,0,*,1)
20260827 21:55:50.447 return: 100
20260827 21:55:50.447 DealQuery(F,F04,0129354,,*)
20260827 21:55:50.449 return: 100
20260827 21:55:50.449 UserDefinsFunc(Func=RA003|bhno=F04|acno=0129354|suba=|FC=N,RA003)
20260827 21:55:50.449 return: 100
20260827 21:55:50.506 ReportQuery(F,F04,0129354,,0,*,1)
20260827 21:55:50.506 return: 100
20260827 21:55:50.506 DealQuery(F,F04,0129354,,*)
20260827 21:55:50.506 return: 100
20260827 21:55:50.506 UserDefinsFunc(Func=RA003|bhno=F04|acno=0129354|suba=|FC=N,RA003)
20260827 21:55:50.507 return: 100
20260827 21:55:50.507 ReportQuery(F,F04,0129354,,0,*,1)
20260827 21:55:50.507 return: 100
20260827 21:55:50.507 DealQuery(F,F04,0129354,,*)
20260827 21:55:50.508 return: 100
20260827 21:55:50.508 UserDefinsFunc(Func=RA003|bhno=F04|acno=0129354|suba=|FC=N,RA003)
20260827 21:55:50.508 return: 100
20260827 21:55:50.546 ReportQuery(F,F04,0129354,,0,*,1)
20260827 21:55:50.547 return: 100
20260827 21:55:50.547 DealQuery(F,F04,0129354,,*)
20260827 21:55:50.547 return: 100
20260827 21:55:50.547 UserDefinsFunc(Func=RA003|bhno=F04|acno=0129354|suba=|FC=N,RA003)
20260827 21:55:50.548 return: 100
20260827 21:55:50.549 ReportQuery(F,F04,0129354,,0,*,1)
20260827 21:55:50.549 return: 100
20260827 21:55:50.550 DealQuery(F,F04,0129354,,*)
20260827 21:55:50.550 return: 100
20260827 21:55:50.550 UserDefinsFunc(Func=RA003|bhno=F04|acno=0129354|suba=|FC=N,RA003)
20260827 21:55:50.550 return: 100
20260827 21:55:50.589 ReportQuery(F,F04,0129354,,0,*,1)
20260827 21:55:50.589 return: 100
20260827 21:55:50.589 DealQuery(F,F04,0129354,,*)
20260827 21:55:50.589 return: 100
20260827 21:55:50.589 UserDefinsFunc(Func=RA003|bhno=F04|acno=0129354|suba=|FC=N,RA003)
20260827 21:55:50.590 return: 100
20260827 21:55:50.590 ReportQuery(F,F04,0129354,,0,*,1)
20260827 21:55:50.590 return: 100
20260827 21:55:50.590 DealQuery(F,F04,0129354,,*)
20260827 21:55:50.590 return: 100
20260827 21:55:50.591 UserDefinsFunc(Func=RA003|bhno=F04|acno=0129354|suba=|FC=N,RA003)
20260827 21:55:50.592 return: 100
20260827 21:55:50.627 ReportQuery(F,F04,0129354,,0,*,1)
20260827 21:55:50.627 return: 100
20260827 21:55:50.627 DealQuery(F,F04,0129354,,*)
20260827 21:55:50.628 return: 100
20260827 21:55:50.629 UserDefinsFunc(Func=RA003|bhno=F04|acno=0129354|suba=|FC=N,RA003)
20260827 21:55:50.629 return: 100
20260827 21:55:50.629 ReportQuery(F,F04,0129354,,0,*,1)
20260827 21:55:50.629 return: 100
20260827 21:55:50.629 DealQuery(F,F04,0129354,,*)
20260827 21:55:50.629 return: 100
20260827 21:55:50.629 UserDefinsFunc(Func=RA003|bhno=F04|acno=0129354|suba=|FC=N,RA003)
20260827 21:55:50.630 return: 100
20260827 21:55:50.671 ReportQuery(F,F04,0129354,,0,*,1)
20260827 21:55:50.671 return: 100
20260827 21:55:50.671 DealQuery(F,F04,0129354,,*)
20260827 21:55:50.671 return: 100
20260827 21:55:50.671 UserDefinsFunc(Func=RA003|bhno=F04|acno=0129354|suba=|FC=N,RA003)
20260827 21:55:50.671 return: 100
20260827 21:55:50.672 ReportQuery(F,F04,0129354,,0,*,1)
20260827 21:55:50.672 return: 100
20260827 21:55:50.672 DealQuery(F,F04,0129354,,*)
20260827 21:55:50.672 return: 100
20260827 21:55:50.672 UserDefinsFunc(Func=RA003|bhno=F04|acno=0129354|suba=|FC=N,RA003)
20260827 21:55:50.672 return: 100
20260827 21:55:50.708 ReportQuery(F,F04,0129354,,0,*,1)
20260827 21:55:50.708 return: 100
20260827 21:55:50.709 DealQuery(F,F04,0129354,,*)
20260827 21:55:50.710 return: 100
20260827 21:55:50.711 UserDefinsFunc(Func=RA003|bhno=F04|acno=0129354|suba=|FC=N,RA003)
20260827 21:55:50.711 return: 100
20260827 21:55:50.711 ReportQuery(F,F04,0129354,,0,*,1)
20260827 21:55:50.712 return: 100
20260827 21:55:50.712 DealQuery(F,F04,0129354,,*)
20260827 21:55:50.712 return: 100
20260827 21:55:50.712 UserDefinsFunc(Func=RA003|bhno=F04|acno=0129354|suba=|FC=N,RA003)
20260827 21:55:50.712 return: 100
20260827 21:55:50.748 ReportQuery(F,F04,0129354,,0,*,1)
20260827 21:55:50.749 return: 100
20260827 21:55:50.749 DealQuery(F,F04,0129354,,*)
20260827 21:55:50.749 return: 100
20260827 21:55:50.749 UserDefinsFunc(Func=RA003|bhno=F04|acno=0129354|suba=|FC=N,RA003)
20260827 21:55:50.749 return: 100
20260827 21:55:50.749 ReportQuery(F,F04,0129354,,0,*,1)
20260827 21:55:50.749 return: 100
20260827 21:55:50.751 DealQuery(F,F04,0129354,,*)
20260827 21:55:50.751 return: 100
20260827 21:55:50.751 UserDefinsFunc(Func=RA003|bhno=F04|acno=0129354|suba=|FC=N,RA003)
20260827 21:55:50.751 return: 100
20260827 21:55:50.786 ReportQuery(F,F04,0129354,,0,*,1)
20260827 21:55:50.787 return: 100
20260827 21:55:50.788 DealQuery(F,F04,0129354,,*)
20260827 21:55:50.789 return: 100
20260827 21:55:50.789 UserDefinsFunc(Func=RA003|bhno=F04|acno=0129354|suba=|FC=N,RA003)
20260827 21:55:50.790 return: 100
20260827 21:55:50.790 ReportQuery(F,F04,0129354,,0,*,1)
20260827 21:55:50.791 return: 100
20260827 21:55:50.791 DealQuery(F,F04,0129354,,*)
20260827 21:55:50.792 return: 100
20260827 21:55:50.792 UserDefinsFunc(Func=RA003|bhno=F04|acno=0129354|suba=|FC=N,RA003)
20260827 21:55:50.792 return: 100
20260827 21:55:50.835 ReportQuery(F,F04,0129354,,0,*,1)
20260827 21:55:50.836 return: 100
20260827 21:55:50.837 DealQuery(F,F04,0129354,,*)
20260827 21:55:50.837 return: 100
20260827 21:55:50.837 UserDefinsFunc(Func=RA003|bhno=F04|acno=0129354|suba=|FC=N,RA003)
20260827 21:55:50.838 return: 100
20260827 21:55:50.838 ReportQuery(F,F04,0129354,,0,*,1)
20260827 21:55:50.838 return: 100
20260827 21:55:50.838 DealQuery(F,F04,0129354,,*)
20260827 21:55:50.839 return: 100
20260827 21:55:50.839 UserDefinsFunc(Func=RA003|bhno=F04|acno=0129354|suba=|FC=N,RA003)
20260827 21:55:50.839 return: 100
20260827 21:55:50.883 ReportQuery(F,F04,0129354,,0,*,1)
20260827 21:55:50.884 return: 100
20260827 21:55:50.884 DealQuery(F,F04,0129354,,*)
20260827 21:55:50.884 return: 100
20260827 21:55:50.884 UserDefinsFunc(Func=RA003|bhno=F04|acno=0129354|suba=|FC=N,RA003)
20260827 21:55:50.884 return: 100
20260827 21:55:50.885 ReportQuery(F,F04,0129354,,0,*,1)
20260827 21:55:50.885 return: 100
20260827 21:55:50.885 DealQuery(F,F04,0129354,,*)
20260827 21:55:50.885 return: 100
20260827 21:55:50.885 UserDefinsFunc(Func=RA003|bhno=F04|acno=0129354|suba=|FC=N,RA003)
20260827 21:55:50.886 return: 100
20260827 21:55:50.929 ReportQuery(F,F04,0129354,,0,*,1)
20260827 21:55:50.930 return: 100
20260827 21:55:50.930 DealQuery(F,F04,0129354,,*)
20260827 21:55:50.930 return: 100
20260827 21:55:50.930 UserDefinsFunc(Func=RA003|bhno=F04|acno=0129354|suba=|FC=N,RA003)
20260827 21:55:50.930 return: 100
20260827 21:55:50.931 ReportQuery(F,F04,0129354,,0,*,1)
20260827 21:55:50.931 return: 100
20260827 21:55:50.931 DealQuery(F,F04,0129354,,*)
20260827 21:55:50.931 return: 100
20260827 21:55:50.932 UserDefinsFunc(Func=RA003|bhno=F04|acno=0129354|suba=|FC=N,RA003)
20260827 21:55:50.932 return: 100
20260827 21:55:50.974 ReportQuery(F,F04,0129354,,0,*,1)
20260827 21:55:50.975 return: 100
20260827 21:55:50.976 DealQuery(F,F04,0129354,,*)
20260827 21:55:50.976 return: 100
20260827 21:55:50.977 UserDefinsFunc(Func=RA003|bhno=F04|acno=0129354|suba=|FC=N,RA003)
20260827 21:55:50.977 return: 100
20260827 21:55:50.977 ReportQuery(F,F04,0129354,,0,*,1)
20260827 21:55:50.978 return: 100
20260827 21:55:50.978 DealQuery(F,F04,0129354,,*)
20260827 21:55:50.978 return: 100
20260827 21:55:50.978 UserDefinsFunc(Func=RA003|bhno=F04|acno=0129354|suba=|FC=N,RA003)
20260827 21:55:50.979 return: 100
20260827 21:55:51.022 ReportQuery(F,F04,0129354,,0,*,1)
20260827 21:55:51.023 return: 100
20260827 21:55:51.023 DealQuery(F,F04,0129354,,*)
20260827 21:55:51.024 return: 100
20260827 21:55:51.024 UserDefinsFunc(Func=RA003|bhno=F04|acno=0129354|suba=|FC=N,RA003)
20260827 21:55:51.025 return: 100
20260827 21:55:51.026 ReportQuery(F,F04,0129354,,0,*,1)
20260827 21:55:51.028 return: 100
20260827 21:55:51.028 DealQuery(F,F04,0129354,,*)
20260827 21:55:51.029 return: 100
20260827 21:55:51.029 UserDefinsFunc(Func=RA003|bhno=F04|acno=0129354|suba=|FC=N,RA003)
20260827 21:55:51.030 return: 100
20260827 21:55:51.079 ReportQuery(F,F04,0129354,,0,*,1)
20260827 21:55:51.080 return: 100
20260827 21:55:51.080 DealQuery(F,F04,0129354,,*)
20260827 21:55:51.081 return: 100
20260827 21:55:51.081 UserDefinsFunc(Func=RA003|bhno=F04|acno=0129354|suba=|FC=N,RA003)
20260827 21:55:51.082 return: 100
20260827 21:55:51.082 ReportQuery(F,F04,0129354,,0,*,1)
20260827 21:55:51.083 return: 100
20260827 21:55:51.083 DealQuery(F,F04,0129354,,*)
20260827 21:55:51.084 return: 100
20260827 21:55:51.084 UserDefinsFunc(Func=RA003|bhno=F04|acno=0129354|suba=|FC=N,RA003)
20260827 21:55:51.085 return: 100
20260827 21:55:51.120 ReportQuery(F,F04,0129354,,0,*,1)
20260827 21:55:51.120 return: 100
20260827 21:55:51.120 DealQuery(F,F04,0129354,,*)
20260827 21:55:51.120 return: 100
20260827 21:55:51.120 UserDefinsFunc(Func=RA003|bhno=F04|acno=0129354|suba=|FC=N,RA003)
20260827 21:55:51.120 return: 100
20260827 21:55:51.120 ReportQuery(F,F04,0129354,,0,*,1)
20260827 21:55:51.120 return: 100
20260827 21:55:51.120 DealQuery(F,F04,0129354,,*)
20260827 21:55:51.120 return: 100
20260827 21:55:51.120 UserDefinsFunc(Func=RA003|bhno=F04|acno=0129354|suba=|FC=N,RA003)
20260827 21:55:51.120 return: 100
20260827 21:55:51.157 ReportQuery(F,F04,0129354,,0,*,1)
20260827 21:55:51.157 return: 100
20260827 21:55:51.157 DealQuery(F,F04,0129354,,*)
20260827 21:55:51.158 return: 100
20260827 21:55:51.158 UserDefinsFunc(Func=RA003|bhno=F04|acno=0129354|suba=|FC=N,RA003)
20260827 21:55:51.158 return: 100
20260827 21:55:51.158 ReportQuery(F,F04,0129354,,0,*,1)
20260827 21:55:51.158 return: 100
20260827 21:55:51.158 DealQuery(F,F04,0129354,,*)
20260827 21:55:51.158 return: 100
20260827 21:55:51.158 UserDefinsFunc(Func=RA003|bhno=F04|acno=0129354|suba=|FC=N,RA003)
20260827 21:55:51.158 return: 100
20260827 21:55:51.189 ReportQuery(F,F04,0129354,,0,*,1)
20260827 21:55:51.189 return: 100
20260827 21:55:51.189 DealQuery(F,F04,0129354,,*)
20260827 21:55:51.189 return: 100
20260827 21:55:51.189 UserDefinsFunc(Func=RA003|bhno=F04|acno=0129354|suba=|FC=N,RA003)
20260827 21:55:51.189 return: 100
20260827 21:55:51.190 ReportQuery(F,F04,0129354,,0,*,1)
20260827 21:55:51.190 return: 100
20260827 21:55:51.190 DealQuery(F,F04,0129354,,*)
20260827 21:55:51.190 return: 100
20260827 21:55:51.191 UserDefinsFunc(Func=RA003|bhno=F04|acno=0129354|suba=|FC=N,RA003)
20260827 21:55:51.191 return: 100
20260827 21:55:51.223 ReportQuery(F,F04,0129354,,0,*,1)
20260827 21:55:51.224 return: 100
20260827 21:55:51.224 DealQuery(F,F04,0129354,,*)
20260827 21:55:51.224 return: 100
20260827 21:55:51.224 UserDefinsFunc(Func=RA003|bhno=F04|acno=0129354|suba=|FC=N,RA003)
20260827 21:55:51.225 return: 100
20260827 21:55:51.225 ReportQuery(F,F04,0129354,,0,*,1)
20260827 21:55:51.225 return: 100
20260827 21:55:51.225 DealQuery(F,F04,0129354,,*)
20260827 21:55:51.225 return: 100
20260827 21:55:51.226 UserDefinsFunc(Func=RA003|bhno=F04|acno=0129354|suba=|FC=N,RA003)
20260827 21:55:51.226 return: 100
20260827 21:55:51.258 ReportQuery(F,F04,0129354,,0,*,1)
20260827 21:55:51.258 return: 100
20260827 21:55:51.259 DealQuery(F,F04,0129354,,*)
20260827 21:55:51.259 return: 100
20260827 21:55:51.259 UserDefinsFunc(Func=RA003|bhno=F04|acno=0129354|suba=|FC=N,RA003)
20260827 21:55:51.259 return: 100
20260827 21:55:51.259 ReportQuery(F,F04,0129354,,0,*,1)
20260827 21:55:51.260 return: 100
20260827 21:55:51.260 DealQuery(F,F04,0129354,,*)
20260827 21:55:51.260 return: 100
20260827 21:55:51.260 UserDefinsFunc(Func=RA003|bhno=F04|acno=0129354|suba=|FC=N,RA003)
20260827 21:55:51.260 return: 100
20260827 21:55:51.301 ReportQuery(F,F04,0129354,,0,*,1)
20260827 21:55:51.301 return: 100
20260827 21:55:51.301 DealQuery(F,F04,0129354,,*)
20260827 21:55:51.301 return: 100
20260827 21:55:51.301 UserDefinsFunc(Func=RA003|bhno=F04|acno=0129354|suba=|FC=N,RA003)
20260827 21:55:51.301 return: 100
20260827 21:55:51.301 ReportQuery(F,F04,0129354,,0,*,1)
20260827 21:55:51.301 return: 100
20260827 21:55:51.301 DealQuery(F,F04,0129354,,*)
20260827 21:55:51.301 return: 100
20260827 21:55:51.301 UserDefinsFunc(Func=RA003|bhno=F04|acno=0129354|suba=|FC=N,RA003)
20260827 21:55:51.301 return: 100
20260827 21:55:51.337 ReportQuery(F,F04,0129354,,0,*,1)
20260827 21:55:51.338 return: 100
20260827 21:55:51.338 DealQuery(F,F04,0129354,,*)
20260827 21:55:51.338 return: 100
20260827 21:55:51.339 UserDefinsFunc(Func=RA003|bhno=F04|acno=0129354|suba=|FC=N,RA003)
20260827 21:55:51.339 return: 100
20260827 21:55:51.339 ReportQuery(F,F04,0129354,,0,*,1)
20260827 21:55:51.339 return: 100
20260827 21:55:51.339 DealQuery(F,F04,0129354,,*)
20260827 21:55:51.340 return: 100
20260827 21:55:51.340 UserDefinsFunc(Func=RA003|bhno=F04|acno=0129354|suba=|FC=N,RA003)
20260827 21:55:51.340 return: 100
20260827 21:55:51.375 ReportQuery(F,F04,0129354,,0,*,1)
20260827 21:55:51.376 return: 100
20260827 21:55:51.376 DealQuery(F,F04,0129354,,*)
20260827 21:55:51.376 return: 100
20260827 21:55:51.376 UserDefinsFunc(Func=RA003|bhno=F04|acno=0129354|suba=|FC=N,RA003)
20260827 21:55:51.376 return: 100
20260827 21:55:51.377 ReportQuery(F,F04,0129354,,0,*,1)
20260827 21:55:51.377 return: 100
20260827 21:55:51.377 DealQuery(F,F04,0129354,,*)
20260827 21:55:51.377 return: 100
20260827 21:55:51.377 UserDefinsFunc(Func=RA003|bhno=F04|acno=0129354|suba=|FC=N,RA003)
20260827 21:55:51.377 return: 100
20260827 21:55:51.407 ReportQuery(F,F04,0129354,,0,*,1)
20260827 21:55:51.407 return: 100
20260827 21:55:51.407 DealQuery(F,F04,0129354,,*)
20260827 21:55:51.407 return: 100
20260827 21:55:51.407 UserDefinsFunc(Func=RA003|bhno=F04|acno=0129354|suba=|FC=N,RA003)
20260827 21:55:51.407 return: 100
20260827 21:55:51.407 ReportQuery(F,F04,0129354,,0,*,1)
20260827 21:55:51.407 return: 100
20260827 21:55:51.407 DealQuery(F,F04,0129354,,*)
20260827 21:55:51.407 return: 100
20260827 21:55:51.407 UserDefinsFunc(Func=RA003|bhno=F04|acno=0129354|suba=|FC=N,RA003)
20260827 21:55:51.407 return: 100
20260827 21:55:51.430 ReportQuery(F,F04,0129354,,0,*,1)
20260827 21:55:51.430 return: 100
20260827 21:55:51.430 DealQuery(F,F04,0129354,,*)
20260827 21:55:51.439 return: 100
20260827 21:55:51.439 UserDefinsFunc(Func=RA003|bhno=F04|acno=0129354|suba=|FC=N,RA003)
20260827 21:55:51.440 return: 100
20260827 21:55:51.440 ReportQuery(F,F04,0129354,,0,*,1)
20260827 21:55:51.441 return: 100
20260827 21:55:51.441 DealQuery(F,F04,0129354,,*)
20260827 21:55:51.441 return: 100
20260827 21:55:51.441 UserDefinsFunc(Func=RA003|bhno=F04|acno=0129354|suba=|FC=N,RA003)
20260827 21:55:51.441 return: 100
20260827 21:55:51.471 ReportQuery(F,F04,0129354,,0,*,1)
20260827 21:55:51.472 return: 100
20260827 21:55:51.472 DealQuery(F,F04,0129354,,*)
20260827 21:55:51.472 return: 100
20260827 21:55:51.472 UserDefinsFunc(Func=RA003|bhno=F04|acno=0129354|suba=|FC=N,RA003)
20260827 21:55:51.472 return: 100
20260827 21:55:51.473 ReportQuery(F,F04,0129354,,0,*,1)
20260827 21:55:51.473 return: 100
20260827 21:55:51.473 DealQuery(F,F04,0129354,,*)
20260827 21:55:51.473 return: 100
20260827 21:55:51.473 UserDefinsFunc(Func=RA003|bhno=F04|acno=0129354|suba=|FC=N,RA003)
20260827 21:55:51.473 return: 100
20260827 21:55:51.504 ReportQuery(F,F04,0129354,,0,*,1)
20260827 21:55:51.504 return: 100
20260827 21:55:51.504 DealQuery(F,F04,0129354,,*)
20260827 21:55:51.505 return: 100
20260827 21:55:51.505 UserDefinsFunc(Func=RA003|bhno=F04|acno=0129354|suba=|FC=N,RA003)
20260827 21:55:51.505 return: 100
20260827 21:55:51.505 ReportQuery(F,F04,0129354,,0,*,1)
20260827 21:55:51.505 return: 100
20260827 21:55:51.505 DealQuery(F,F04,0129354,,*)
20260827 21:55:51.505 return: 100
20260827 21:55:51.505 UserDefinsFunc(Func=RA003|bhno=F04|acno=0129354|suba=|FC=N,RA003)
20260827 21:55:51.505 return: 100
20260827 21:55:51.533 ReportQuery(F,F04,0129354,,0,*,1)
20260827 21:55:51.533 return: 100
20260827 21:55:51.533 DealQuery(F,F04,0129354,,*)
20260827 21:55:51.533 return: 100
20260827 21:55:51.534 UserDefinsFunc(Func=RA003|bhno=F04|acno=0129354|suba=|FC=N,RA003)
20260827 21:55:51.534 return: 100
20260827 21:55:51.534 ReportQuery(F,F04,0129354,,0,*,1)
20260827 21:55:51.535 return: 100
20260827 21:55:51.535 DealQuery(F,F04,0129354,,*)
20260827 21:55:51.535 return: 100
20260827 21:55:51.535 UserDefinsFunc(Func=RA003|bhno=F04|acno=0129354|suba=|FC=N,RA003)
20260827 21:55:51.535 return: 100
20260827 21:55:51.566 ReportQuery(F,F04,0129354,,0,*,1)
20260827 21:55:51.566 return: 100
20260827 21:55:51.566 DealQuery(F,F04,0129354,,*)
20260827 21:55:51.566 return: 100
20260827 21:55:51.566 UserDefinsFunc(Func=RA003|bhno=F04|acno=0129354|suba=|FC=N,RA003)
20260827 21:55:51.566 return: 100
20260827 21:55:51.566 ReportQuery(F,F04,0129354,,0,*,1)
20260827 21:55:51.566 return: 100
20260827 21:55:51.566 DealQuery(F,F04,0129354,,*)
20260827 21:55:51.567 return: 100
20260827 21:55:51.567 UserDefinsFunc(Func=RA003|bhno=F04|acno=0129354|suba=|FC=N,RA003)
20260827 21:55:51.567 return: 100
20260827 21:55:51.597 ReportQuery(F,F04,0129354,,0,*,1)
20260827 21:55:51.597 return: 100
20260827 21:55:51.597 DealQuery(F,F04,0129354,,*)
20260827 21:55:51.597 return: 100
20260827 21:55:51.597 UserDefinsFunc(Func=RA003|bhno=F04|acno=0129354|suba=|FC=N,RA003)
20260827 21:55:51.597 return: 100
20260827 21:55:51.597 ReportQuery(F,F04,0129354,,0,*,1)
20260827 21:55:51.597 return: 100
20260827 21:55:51.597 DealQuery(F,F04,0129354,,*)
20260827 21:55:51.597 return: 100
20260827 21:55:51.597 UserDefinsFunc(Func=RA003|bhno=F04|acno=0129354|suba=|FC=N,RA003)
20260827 21:55:51.597 return: 100
20260827 21:55:51.630 ReportQuery(F,F04,0129354,,0,*,1)
20260827 21:55:51.630 return: 100
20260827 21:55:51.630 DealQuery(F,F04,0129354,,*)
20260827 21:55:51.630 return: 100
20260827 21:55:51.630 UserDefinsFunc(Func=RA003|bhno=F04|acno=0129354|suba=|FC=N,RA003)
20260827 21:55:51.630 return: 100
20260827 21:55:51.630 ReportQuery(F,F04,0129354,,0,*,1)
20260827 21:55:51.630 return: 100
20260827 21:55:51.630 DealQuery(F,F04,0129354,,*)
20260827 21:55:51.630 return: 100
20260827 21:55:51.630 UserDefinsFunc(Func=RA003|bhno=F04|acno=0129354|suba=|FC=N,RA003)
20260827 21:55:51.630 return: 100
20260827 21:55:51.659 ReportQuery(F,F04,0129354,,0,*,1)
20260827 21:55:51.659 return: 100
20260827 21:55:51.659 DealQuery(F,F04,0129354,,*)
20260827 21:55:51.659 return: 100
20260827 21:55:51.659 UserDefinsFunc(Func=RA003|bhno=F04|acno=0129354|suba=|FC=N,RA003)
20260827 21:55:51.659 return: 100
20260827 21:55:51.659 ReportQuery(F,F04,0129354,,0,*,1)
20260827 21:55:51.659 return: 100
20260827 21:55:51.659 DealQuery(F,F04,0129354,,*)
20260827 21:55:51.659 return: 100
20260827 21:55:51.659 UserDefinsFunc(Func=RA003|bhno=F04|acno=0129354|suba=|FC=N,RA003)
20260827 21:55:51.659 return: 100
20260827 21:55:51.688 ReportQuery(F,F04,0129354,,0,*,1)
20260827 21:55:51.688 return: 100
20260827 21:55:51.688 DealQuery(F,F04,0129354,,*)
20260827 21:55:51.688 return: 100
20260827 21:55:51.688 UserDefinsFunc(Func=RA003|bhno=F04|acno=0129354|suba=|FC=N,RA003)
20260827 21:55:51.688 return: 100
20260827 21:55:51.691 ReportQuery(F,F04,0129354,,0,*,1)
20260827 21:55:51.691 return: 100
20260827 21:55:51.691 DealQuery(F,F04,0129354,,*)
20260827 21:55:51.691 return: 100
20260827 21:55:51.691 UserDefinsFunc(Func=RA003|bhno=F04|acno=0129354|suba=|FC=N,RA003)
20260827 21:55:51.691 return: 100
20260827 21:55:51.724 ReportQuery(F,F04,0129354,,0,*,1)
20260827 21:55:51.724 return: 100
20260827 21:55:51.724 DealQuery(F,F04,0129354,,*)
20260827 21:55:51.724 return: 100
20260827 21:55:51.724 UserDefinsFunc(Func=RA003|bhno=F04|acno=0129354|suba=|FC=N,RA003)
20260827 21:55:51.724 return: 100
20260827 21:55:51.724 ReportQuery(F,F04,0129354,,0,*,1)
20260827 21:55:51.725 return: 100
20260827 21:55:51.725 DealQuery(F,F04,0129354,,*)
20260827 21:55:51.725 return: 100
20260827 21:55:51.725 UserDefinsFunc(Func=RA003|bhno=F04|acno=0129354|suba=|FC=N,RA003)
20260827 21:55:51.725 return: 100
20260827 21:55:51.754 ReportQuery(F,F04,0129354,,0,*,1)
20260827 21:55:51.754 return: 100
20260827 21:55:51.754 DealQuery(F,F04,0129354,,*)
20260827 21:55:51.754 return: 100
20260827 21:55:51.754 UserDefinsFunc(Func=RA003|bhno=F04|acno=0129354|suba=|FC=N,RA003)
20260827 21:55:51.754 return: 100
20260827 21:55:51.754 ReportQuery(F,F04,0129354,,0,*,1)
20260827 21:55:51.754 return: 100
20260827 21:55:51.754 DealQuery(F,F04,0129354,,*)
20260827 21:55:51.754 return: 100
20260827 21:55:51.754 UserDefinsFunc(Func=RA003|bhno=F04|acno=0129354|suba=|FC=N,RA003)
20260827 21:55:51.754 return: 100
20260827 21:55:51.779 ReportQuery(F,F04,0129354,,0,*,1)
20260827 21:55:51.779 return: 100
20260827 21:55:51.779 DealQuery(F,F04,0129354,,*)
20260827 21:55:51.779 return: 100
20260827 21:55:51.779 UserDefinsFunc(Func=RA003|bhno=F04|acno=0129354|suba=|FC=N,RA003)
20260827 21:55:51.779 return: 100
20260827 21:55:51.779 ReportQuery(F,F04,0129354,,0,*,1)
20260827 21:55:51.779 return: 100
20260827 21:55:51.779 DealQuery(F,F04,0129354,,*)
20260827 21:55:51.779 return: 100
20260827 21:55:51.779 UserDefinsFunc(Func=RA003|bhno=F04|acno=0129354|suba=|FC=N,RA003)
20260827 21:55:51.779 return: 100
20260827 21:55:51.810 ReportQuery(F,F04,0129354,,0,*,1)
20260827 21:55:51.810 return: 100
20260827 21:55:51.810 DealQuery(F,F04,0129354,,*)
20260827 21:55:51.810 return: 100
20260827 21:55:51.810 UserDefinsFunc(Func=RA003|bhno=F04|acno=0129354|suba=|FC=N,RA003)
20260827 21:55:51.810 return: 100
20260827 21:55:51.810 ReportQuery(F,F04,0129354,,0,*,1)
20260827 21:55:51.810 return: 100
20260827 21:55:51.810 DealQuery(F,F04,0129354,,*)
20260827 21:55:51.810 return: 100
20260827 21:55:51.810 UserDefinsFunc(Func=RA003|bhno=F04|acno=0129354|suba=|FC=N,RA003)
20260827 21:55:51.810 return: 100
20260827 21:55:51.830 ReportQuery(F,F04,0129354,,0,*,1)
20260827 21:55:51.830 return: 100
20260827 21:55:51.830 DealQuery(F,F04,0129354,,*)
20260827 21:55:51.830 return: 100
20260827 21:55:51.830 UserDefinsFunc(Func=RA003|bhno=F04|acno=0129354|suba=|FC=N,RA003)
20260827 21:55:51.830 return: 100
20260827 21:55:51.830 ReportQuery(F,F04,0129354,,0,*,1)
20260827 21:55:51.830 return: 100
20260827 21:55:51.830 DealQuery(F,F04,0129354,,*)
20260827 21:55:51.830 return: 100
20260827 21:55:51.830 UserDefinsFunc(Func=RA003|bhno=F04|acno=0129354|suba=|FC=N,RA003)
20260827 21:55:51.830 return: 100
20260827 21:55:51.848 OnReportQuery(0):
20260827 21:55:51.848 OnDealQuery(0):
20260827 21:55:51.849 OnReportQuery(0):
20260827 21:55:51.849 OnDealQuery(0):
20260827 21:55:51.850 OnReportQuery(0):
20260827 21:55:51.851 OnUserDefinsFuncResult(0):retc=00001|time=215549|emsg=查無資料 (0)|caltime=2026/08/27 21:55:49
WorkID=RA003
20260827 21:55:51.851 OnUserDefinsFuncResult(0):retc=00001|time=215549|emsg=查無資料 (0)|caltime=2026/08/27 21:55:49
WorkID=RA003
20260827 21:55:51.851 OnDealQuery(0):
20260827 21:55:51.851 OnUserDefinsFuncResult(0):retc=00001|time=215549|emsg=查無資料 (0)|caltime=2026/08/27 21:55:49
WorkID=RA003
20260827 21:55:51.851 OnUserDefinsFuncResult(0):retc=00001|time=215549|emsg=查無資料 (0)|caltime=2026/08/27 21:55:49
WorkID=RA003
20260827 21:55:51.862 ReportQuery(F,F04,0129354,,0,*,1)
20260827 21:55:51.862 return: 100
20260827 21:55:51.862 DealQuery(F,F04,0129354,,*)
20260827 21:55:51.862 return: 100
20260827 21:55:51.862 UserDefinsFunc(Func=RA003|bhno=F04|acno=0129354|suba=|FC=N,RA003)
20260827 21:55:51.862 return: 100
20260827 21:55:51.862 ReportQuery(F,F04,0129354,,0,*,1)
20260827 21:55:51.862 return: 100
20260827 21:55:51.862 DealQuery(F,F04,0129354,,*)
20260827 21:55:51.863 return: 100
20260827 21:55:51.863 UserDefinsFunc(Func=RA003|bhno=F04|acno=0129354|suba=|FC=N,RA003)
20260827 21:55:51.863 return: 100
20260827 21:55:51.881 ReportQuery(F,F04,0129354,,0,*,1)
20260827 21:55:51.881 return: 100
20260827 21:55:51.881 DealQuery(F,F04,0129354,,*)
20260827 21:55:51.881 return: 100
20260827 21:55:51.881 UserDefinsFunc(Func=RA003|bhno=F04|acno=0129354|suba=|FC=N,RA003)
20260827 21:55:51.881 return: 100
20260827 21:55:51.881 ReportQuery(F,F04,0129354,,0,*,1)
20260827 21:55:51.881 return: 100
20260827 21:55:51.881 DealQuery(F,F04,0129354,,*)
20260827 21:55:51.881 return: 100
20260827 21:55:51.881 UserDefinsFunc(Func=RA003|bhno=F04|acno=0129354|suba=|FC=N,RA003)
20260827 21:55:51.881 return: 100
20260827 21:55:51.912 ReportQuery(F,F04,0129354,,0,*,1)
20260827 21:55:51.912 return: 100
20260827 21:55:51.913 DealQuery(F,F04,0129354,,*)
20260827 21:55:51.913 return: 100
20260827 21:55:51.913 UserDefinsFunc(Func=RA003|bhno=F04|acno=0129354|suba=|FC=N,RA003)
20260827 21:55:51.913 return: 100
20260827 21:55:51.913 ReportQuery(F,F04,0129354,,0,*,1)
20260827 21:55:51.913 return: 100
20260827 21:55:51.913 DealQuery(F,F04,0129354,,*)
20260827 21:55:51.913 return: 100
20260827 21:55:51.913 UserDefinsFunc(Func=RA003|bhno=F04|acno=0129354|suba=|FC=N,RA003)
20260827 21:55:51.913 return: 100
20260827 21:55:51.936 ReportQuery(F,F04,0129354,,0,*,1)
20260827 21:55:51.937 return: 100
20260827 21:55:51.937 DealQuery(F,F04,0129354,,*)
20260827 21:55:51.937 return: 100
20260827 21:55:51.937 UserDefinsFunc(Func=RA003|bhno=F04|acno=0129354|suba=|FC=N,RA003)
20260827 21:55:51.937 return: 100
20260827 21:55:51.937 ReportQuery(F,F04,0129354,,0,*,1)
20260827 21:55:51.937 return: 100
20260827 21:55:51.937 DealQuery(F,F04,0129354,,*)
20260827 21:55:51.937 return: 100
20260827 21:55:51.937 UserDefinsFunc(Func=RA003|bhno=F04|acno=0129354|suba=|FC=N,RA003)
20260827 21:55:51.937 return: 100
20260827 21:55:51.954 ReportQuery(F,F04,0129354,,0,*,1)
20260827 21:55:51.954 return: 100
20260827 21:55:51.954 DealQuery(F,F04,0129354,,*)
20260827 21:55:51.954 return: 100
20260827 21:55:51.954 UserDefinsFunc(Func=RA003|bhno=F04|acno=0129354|suba=|FC=N,RA003)
20260827 21:55:51.954 return: 100
20260827 21:55:51.954 ReportQuery(F,F04,0129354,,0,*,1)
20260827 21:55:51.963 return: 100
20260827 21:55:51.963 DealQuery(F,F04,0129354,,*)
20260827 21:55:51.963 return: 100
20260827 21:55:51.963 UserDefinsFunc(Func=RA003|bhno=F04|acno=0129354|suba=|FC=N,RA003)
20260827 21:55:51.963 return: 100
20260827 21:55:51.987 ReportQuery(F,F04,0129354,,0,*,1)
20260827 21:55:51.988 return: 100
20260827 21:55:51.988 DealQuery(F,F04,0129354,,*)
20260827 21:55:51.988 return: 100
20260827 21:55:51.988 UserDefinsFunc(Func=RA003|bhno=F04|acno=0129354|suba=|FC=N,RA003)
20260827 21:55:51.988 return: 100
20260827 21:55:51.988 ReportQuery(F,F04,0129354,,0,*,1)
20260827 21:55:51.988 return: 100
20260827 21:55:51.988 DealQuery(F,F04,0129354,,*)
20260827 21:55:51.988 return: 100
20260827 21:55:51.988 UserDefinsFunc(Func=RA003|bhno=F04|acno=0129354|suba=|FC=N,RA003)
20260827 21:55:51.988 return: 100
20260827 21:55:52.013 ReportQuery(F,F04,0129354,,0,*,1)
20260827 21:55:52.014 return: 100
20260827 21:55:52.014 DealQuery(F,F04,0129354,,*)
20260827 21:55:52.014 return: 100
20260827 21:55:52.014 UserDefinsFunc(Func=RA003|bhno=F04|acno=0129354|suba=|FC=N,RA003)
20260827 21:55:52.015 return: 100
20260827 21:55:52.015 ReportQuery(F,F04,0129354,,0,*,1)
20260827 21:55:52.015 return: 100
20260827 21:55:52.015 DealQuery(F,F04,0129354,,*)
20260827 21:55:52.015 return: 100
20260827 21:55:52.015 UserDefinsFunc(Func=RA003|bhno=F04|acno=0129354|suba=|FC=N,RA003)
20260827 21:55:52.015 return: 100
20260827 21:55:52.043 ReportQuery(F,F04,0129354,,0,*,1)
20260827 21:55:52.043 return: 100
20260827 21:55:52.043 DealQuery(F,F04,0129354,,*)
20260827 21:55:52.043 return: 100
20260827 21:55:52.043 UserDefinsFunc(Func=RA003|bhno=F04|acno=0129354|suba=|FC=N,RA003)
20260827 21:55:52.043 return: 100
20260827 21:55:52.044 ReportQuery(F,F04,0129354,,0,*,1)
20260827 21:55:52.044 return: 100
20260827 21:55:52.044 DealQuery(F,F04,0129354,,*)
20260827 21:55:52.044 return: 100
20260827 21:55:52.044 UserDefinsFunc(Func=RA003|bhno=F04|acno=0129354|suba=|FC=N,RA003)
20260827 21:55:52.044 return: 100
20260827 21:55:52.069 ReportQuery(F,F04,0129354,,0,*,1)
20260827 21:55:52.069 return: 100
20260827 21:55:52.069 DealQuery(F,F04,0129354,,*)
20260827 21:55:52.069 return: 100
20260827 21:55:52.069 UserDefinsFunc(Func=RA003|bhno=F04|acno=0129354|suba=|FC=N,RA003)
20260827 21:55:52.070 return: 100
20260827 21:55:52.070 ReportQuery(F,F04,0129354,,0,*,1)
20260827 21:55:52.070 return: 100
20260827 21:55:52.070 DealQuery(F,F04,0129354,,*)
20260827 21:55:52.070 return: 100
20260827 21:55:52.070 UserDefinsFunc(Func=RA003|bhno=F04|acno=0129354|suba=|FC=N,RA003)
20260827 21:55:52.070 return: 100
20260827 21:55:52.097 ReportQuery(F,F04,0129354,,0,*,1)
20260827 21:55:52.097 return: 100
20260827 21:55:52.097 DealQuery(F,F04,0129354,,*)
20260827 21:55:52.097 return: 100
20260827 21:55:52.098 UserDefinsFunc(Func=RA003|bhno=F04|acno=0129354|suba=|FC=N,RA003)
20260827 21:55:52.098 return: 100
20260827 21:55:52.098 ReportQuery(F,F04,0129354,,0,*,1)
20260827 21:55:52.098 return: 100
20260827 21:55:52.098 DealQuery(F,F04,0129354,,*)
20260827 21:55:52.098 return: 100
20260827 21:55:52.098 UserDefinsFunc(Func=RA003|bhno=F04|acno=0129354|suba=|FC=N,RA003)
20260827 21:55:52.098 return: 100
20260827 21:55:52.120 ReportQuery(F,F04,0129354,,0,*,1)
20260827 21:55:52.123 return: 100
20260827 21:55:52.123 DealQuery(F,F04,0129354,,*)
20260827 21:55:52.123 return: 100
20260827 21:55:52.123 UserDefinsFunc(Func=RA003|bhno=F04|acno=0129354|suba=|FC=N,RA003)
20260827 21:55:52.123 return: 100
20260827 21:55:52.123 ReportQuery(F,F04,0129354,,0,*,1)
20260827 21:55:52.123 return: 100
20260827 21:55:52.123 DealQuery(F,F04,0129354,,*)
20260827 21:55:52.123 return: 100
20260827 21:55:52.125 UserDefinsFunc(Func=RA003|bhno=F04|acno=0129354|suba=|FC=N,RA003)
20260827 21:55:52.125 return: 100
20260827 21:55:52.152 ReportQuery(F,F04,0129354,,0,*,1)
20260827 21:55:52.152 return: 100
20260827 21:55:52.152 DealQuery(F,F04,0129354,,*)
20260827 21:55:52.152 return: 100
20260827 21:55:52.152 UserDefinsFunc(Func=RA003|bhno=F04|acno=0129354|suba=|FC=N,RA003)
20260827 21:55:52.152 return: 100
20260827 21:55:52.152 ReportQuery(F,F04,0129354,,0,*,1)
20260827 21:55:52.152 return: 100
20260827 21:55:52.152 DealQuery(F,F04,0129354,,*)
20260827 21:55:52.152 return: 100
20260827 21:55:52.152 UserDefinsFunc(Func=RA003|bhno=F04|acno=0129354|suba=|FC=N,RA003)
20260827 21:55:52.152 return: 100
20260827 21:55:52.172 ReportQuery(F,F04,0129354,,0,*,1)
20260827 21:55:52.178 return: 100
20260827 21:55:52.178 DealQuery(F,F04,0129354,,*)
20260827 21:55:52.178 return: 100
20260827 21:55:52.178 UserDefinsFunc(Func=RA003|bhno=F04|acno=0129354|suba=|FC=N,RA003)
20260827 21:55:52.178 return: 100
20260827 21:55:52.179 ReportQuery(F,F04,0129354,,0,*,1)
20260827 21:55:52.179 return: 100
20260827 21:55:52.179 DealQuery(F,F04,0129354,,*)
20260827 21:55:52.179 return: 100
20260827 21:55:52.179 UserDefinsFunc(Func=RA003|bhno=F04|acno=0129354|suba=|FC=N,RA003)
20260827 21:55:52.179 return: 100
20260827 21:55:52.204 ReportQuery(F,F04,0129354,,0,*,1)
20260827 21:55:52.205 return: 100
20260827 21:55:52.205 DealQuery(F,F04,0129354,,*)
20260827 21:55:52.205 return: 100
20260827 21:55:52.205 UserDefinsFunc(Func=RA003|bhno=F04|acno=0129354|suba=|FC=N,RA003)
20260827 21:55:52.205 return: 100
20260827 21:55:52.205 ReportQuery(F,F04,0129354,,0,*,1)
20260827 21:55:52.205 return: 100
20260827 21:55:52.205 DealQuery(F,F04,0129354,,*)
20260827 21:55:52.205 return: 100
20260827 21:55:52.205 UserDefinsFunc(Func=RA003|bhno=F04|acno=0129354|suba=|FC=N,RA003)
20260827 21:55:52.205 return: 100
20260827 21:55:52.228 ReportQuery(F,F04,0129354,,0,*,1)
20260827 21:55:52.228 return: 100
20260827 21:55:52.228 DealQuery(F,F04,0129354,,*)
20260827 21:55:52.228 return: 100
20260827 21:55:52.228 UserDefinsFunc(Func=RA003|bhno=F04|acno=0129354|suba=|FC=N,RA003)
20260827 21:55:52.228 return: 100
20260827 21:55:52.228 ReportQuery(F,F04,0129354,,0,*,1)
20260827 21:55:52.228 return: 100
20260827 21:55:52.228 DealQuery(F,F04,0129354,,*)
20260827 21:55:52.231 return: 100
20260827 21:55:52.231 UserDefinsFunc(Func=RA003|bhno=F04|acno=0129354|suba=|FC=N,RA003)
20260827 21:55:52.231 return: 100
20260827 21:55:52.253 ReportQuery(F,F04,0129354,,0,*,1)
20260827 21:55:52.253 return: 100
20260827 21:55:52.253 DealQuery(F,F04,0129354,,*)
20260827 21:55:52.253 return: 100
20260827 21:55:52.253 UserDefinsFunc(Func=RA003|bhno=F04|acno=0129354|suba=|FC=N,RA003)
20260827 21:55:52.257 return: 100
20260827 21:55:52.257 ReportQuery(F,F04,0129354,,0,*,1)
20260827 21:55:52.257 return: 100
20260827 21:55:52.257 DealQuery(F,F04,0129354,,*)
20260827 21:55:52.257 return: 100
20260827 21:55:52.257 UserDefinsFunc(Func=RA003|bhno=F04|acno=0129354|suba=|FC=N,RA003)
20260827 21:55:52.257 return: 100
20260827 21:55:52.281 ReportQuery(F,F04,0129354,,0,*,1)
20260827 21:55:52.281 return: 100
20260827 21:55:52.281 DealQuery(F,F04,0129354,,*)
20260827 21:55:52.281 return: 100
20260827 21:55:52.281 UserDefinsFunc(Func=RA003|bhno=F04|acno=0129354|suba=|FC=N,RA003)
20260827 21:55:52.281 return: 100
20260827 21:55:52.281 ReportQuery(F,F04,0129354,,0,*,1)
20260827 21:55:52.281 return: 100
20260827 21:55:52.281 DealQuery(F,F04,0129354,,*)
20260827 21:55:52.282 return: 100
20260827 21:55:52.282 UserDefinsFunc(Func=RA003|bhno=F04|acno=0129354|suba=|FC=N,RA003)
20260827 21:55:52.282 return: 100
20260827 21:55:52.305 ReportQuery(F,F04,0129354,,0,*,1)
20260827 21:55:52.305 return: 100
20260827 21:55:52.305 DealQuery(F,F04,0129354,,*)
20260827 21:55:52.305 return: 100
20260827 21:55:52.305 UserDefinsFunc(Func=RA003|bhno=F04|acno=0129354|suba=|FC=N,RA003)
20260827 21:55:52.305 return: 100
20260827 21:55:52.305 ReportQuery(F,F04,0129354,,0,*,1)
20260827 21:55:52.305 return: 100
20260827 21:55:52.305 DealQuery(F,F04,0129354,,*)
20260827 21:55:52.305 return: 100
20260827 21:55:52.305 UserDefinsFunc(Func=RA003|bhno=F04|acno=0129354|suba=|FC=N,RA003)
20260827 21:55:52.305 return: 100
20260827 21:55:52.330 ReportQuery(F,F04,0129354,,0,*,1)
20260827 21:55:52.330 return: 100
20260827 21:55:52.330 DealQuery(F,F04,0129354,,*)
20260827 21:55:52.330 return: 100
20260827 21:55:52.330 UserDefinsFunc(Func=RA003|bhno=F04|acno=0129354|suba=|FC=N,RA003)
20260827 21:55:52.330 return: 100
20260827 21:55:52.330 ReportQuery(F,F04,0129354,,0,*,1)
20260827 21:55:52.331 return: 100
20260827 21:55:52.331 DealQuery(F,F04,0129354,,*)
20260827 21:55:52.331 return: 100
20260827 21:55:52.331 UserDefinsFunc(Func=RA003|bhno=F04|acno=0129354|suba=|FC=N,RA003)
20260827 21:55:52.331 return: 100
20260827 21:55:52.356 ReportQuery(F,F04,0129354,,0,*,1)
20260827 21:55:52.356 return: 100
20260827 21:55:52.356 DealQuery(F,F04,0129354,,*)
20260827 21:55:52.356 return: 100
20260827 21:55:52.356 UserDefinsFunc(Func=RA003|bhno=F04|acno=0129354|suba=|FC=N,RA003)
20260827 21:55:52.356 return: 100
20260827 21:55:52.356 ReportQuery(F,F04,0129354,,0,*,1)
20260827 21:55:52.356 return: 100
20260827 21:55:52.356 DealQuery(F,F04,0129354,,*)
20260827 21:55:52.357 return: 100
20260827 21:55:52.357 UserDefinsFunc(Func=RA003|bhno=F04|acno=0129354|suba=|FC=N,RA003)
20260827 21:55:52.357 return: 100
20260827 21:55:52.378 ReportQuery(F,F04,0129354,,0,*,1)
20260827 21:55:52.378 return: 100
20260827 21:55:52.378 DealQuery(F,F04,0129354,,*)
20260827 21:55:52.378 return: 100
20260827 21:55:52.378 UserDefinsFunc(Func=RA003|bhno=F04|acno=0129354|suba=|FC=N,RA003)
20260827 21:55:52.378 return: 100
20260827 21:55:52.378 ReportQuery(F,F04,0129354,,0,*,1)
20260827 21:55:52.378 return: 100
20260827 21:55:52.378 DealQuery(F,F04,0129354,,*)
20260827 21:55:52.378 return: 100
20260827 21:55:52.378 UserDefinsFunc(Func=RA003|bhno=F04|acno=0129354|suba=|FC=N,RA003)
20260827 21:55:52.378 return: 100
20260827 21:55:52.407 ReportQuery(F,F04,0129354,,0,*,1)
20260827 21:55:52.407 return: 100
20260827 21:55:52.407 DealQuery(F,F04,0129354,,*)
20260827 21:55:52.407 return: 100
20260827 21:55:52.407 UserDefinsFunc(Func=RA003|bhno=F04|acno=0129354|suba=|FC=N,RA003)
20260827 21:55:52.407 return: 100
20260827 21:55:52.407 ReportQuery(F,F04,0129354,,0,*,1)
20260827 21:55:52.408 return: 100
20260827 21:55:52.408 DealQuery(F,F04,0129354,,*)
20260827 21:55:52.408 return: 100
20260827 21:55:52.408 UserDefinsFunc(Func=RA003|bhno=F04|acno=0129354|suba=|FC=N,RA003)
20260827 21:55:52.408 return: 100
20260827 21:55:52.431 ReportQuery(F,F04,0129354,,0,*,1)
20260827 21:55:52.431 return: 100
20260827 21:55:52.431 DealQuery(F,F04,0129354,,*)
20260827 21:55:52.431 return: 100
20260827 21:55:52.431 UserDefinsFunc(Func=RA003|bhno=F04|acno=0129354|suba=|FC=N,RA003)
20260827 21:55:52.431 return: 100
20260827 21:55:52.431 ReportQuery(F,F04,0129354,,0,*,1)
20260827 21:55:52.432 return: 100
20260827 21:55:52.432 DealQuery(F,F04,0129354,,*)
20260827 21:55:52.432 return: 100
20260827 21:55:52.432 UserDefinsFunc(Func=RA003|bhno=F04|acno=0129354|suba=|FC=N,RA003)
20260827 21:55:52.433 return: 100
20260827 21:55:52.451 ReportQuery(F,F04,0129354,,0,*,1)
20260827 21:55:52.451 return: 100
20260827 21:55:52.457 DealQuery(F,F04,0129354,,*)
20260827 21:55:52.457 return: 100
20260827 21:55:52.457 UserDefinsFunc(Func=RA003|bhno=F04|acno=0129354|suba=|FC=N,RA003)
20260827 21:55:52.457 return: 100
20260827 21:55:52.457 ReportQuery(F,F04,0129354,,0,*,1)
20260827 21:55:52.457 return: 100
20260827 21:55:52.457 DealQuery(F,F04,0129354,,*)
20260827 21:55:52.457 return: 100
20260827 21:55:52.457 UserDefinsFunc(Func=RA003|bhno=F04|acno=0129354|suba=|FC=N,RA003)
20260827 21:55:52.458 return: 100
20260827 21:55:52.482 ReportQuery(F,F04,0129354,,0,*,1)
20260827 21:55:52.483 return: 100
20260827 21:55:52.483 DealQuery(F,F04,0129354,,*)
20260827 21:55:52.483 return: 100
20260827 21:55:52.483 UserDefinsFunc(Func=RA003|bhno=F04|acno=0129354|suba=|FC=N,RA003)
20260827 21:55:52.483 return: 100
20260827 21:55:52.483 ReportQuery(F,F04,0129354,,0,*,1)
20260827 21:55:52.483 return: 100
20260827 21:55:52.483 DealQuery(F,F04,0129354,,*)
20260827 21:55:52.483 return: 100
20260827 21:55:52.483 UserDefinsFunc(Func=RA003|bhno=F04|acno=0129354|suba=|FC=N,RA003)
20260827 21:55:52.483 return: 100
20260827 21:55:52.508 ReportQuery(F,F04,0129354,,0,*,1)
20260827 21:55:52.508 return: 100
20260827 21:55:52.508 DealQuery(F,F04,0129354,,*)
20260827 21:55:52.509 return: 100
20260827 21:55:52.509 UserDefinsFunc(Func=RA003|bhno=F04|acno=0129354|suba=|FC=N,RA003)
20260827 21:55:52.509 return: 100
20260827 21:55:52.509 ReportQuery(F,F04,0129354,,0,*,1)
20260827 21:55:52.509 return: 100
20260827 21:55:52.509 DealQuery(F,F04,0129354,,*)
20260827 21:55:52.509 return: 100
20260827 21:55:52.509 UserDefinsFunc(Func=RA003|bhno=F04|acno=0129354|suba=|FC=N,RA003)
20260827 21:55:52.509 return: 100
20260827 21:55:52.531 ReportQuery(F,F04,0129354,,0,*,1)
20260827 21:55:52.531 return: 100
20260827 21:55:52.531 DealQuery(F,F04,0129354,,*)
20260827 21:55:52.531 return: 100
20260827 21:55:52.531 UserDefinsFunc(Func=RA003|bhno=F04|acno=0129354|suba=|FC=N,RA003)
20260827 21:55:52.531 return: 100
20260827 21:55:52.531 ReportQuery(F,F04,0129354,,0,*,1)
20260827 21:55:52.531 return: 100
20260827 21:55:52.531 DealQuery(F,F04,0129354,,*)
20260827 21:55:52.531 return: 100
20260827 21:55:52.531 UserDefinsFunc(Func=RA003|bhno=F04|acno=0129354|suba=|FC=N,RA003)
20260827 21:55:52.531 return: 100
20260827 21:55:52.554 ReportQuery(F,F04,0129354,,0,*,1)
20260827 21:55:52.560 return: 100
20260827 21:55:52.560 DealQuery(F,F04,0129354,,*)
20260827 21:55:52.560 return: 100
20260827 21:55:52.560 UserDefinsFunc(Func=RA003|bhno=F04|acno=0129354|suba=|FC=N,RA003)
20260827 21:55:52.560 return: 100
20260827 21:55:52.560 ReportQuery(F,F04,0129354,,0,*,1)
20260827 21:55:52.560 return: 100
20260827 21:55:52.560 DealQuery(F,F04,0129354,,*)
20260827 21:55:52.561 return: 100
20260827 21:55:52.561 UserDefinsFunc(Func=RA003|bhno=F04|acno=0129354|suba=|FC=N,RA003)
20260827 21:55:52.561 return: 100
20260827 21:55:52.585 ReportQuery(F,F04,0129354,,0,*,1)
20260827 21:55:52.585 return: 100
20260827 21:55:52.585 DealQuery(F,F04,0129354,,*)
20260827 21:55:52.586 return: 100
20260827 21:55:52.586 UserDefinsFunc(Func=RA003|bhno=F04|acno=0129354|suba=|FC=N,RA003)
20260827 21:55:52.586 return: 100
20260827 21:55:52.586 ReportQuery(F,F04,0129354,,0,*,1)
20260827 21:55:52.586 return: 100
20260827 21:55:52.586 DealQuery(F,F04,0129354,,*)
20260827 21:55:52.586 return: 100
20260827 21:55:52.586 UserDefinsFunc(Func=RA003|bhno=F04|acno=0129354|suba=|FC=N,RA003)
20260827 21:55:52.586 return: 100
20260827 21:55:52.611 ReportQuery(F,F04,0129354,,0,*,1)
20260827 21:55:52.611 return: 100
20260827 21:55:52.611 DealQuery(F,F04,0129354,,*)
20260827 21:55:52.611 return: 100
20260827 21:55:52.611 UserDefinsFunc(Func=RA003|bhno=F04|acno=0129354|suba=|FC=N,RA003)
20260827 21:55:52.611 return: 100
20260827 21:55:52.611 ReportQuery(F,F04,0129354,,0,*,1)
20260827 21:55:52.611 return: 100
20260827 21:55:52.612 DealQuery(F,F04,0129354,,*)
20260827 21:55:52.612 return: 100
20260827 21:55:52.612 UserDefinsFunc(Func=RA003|bhno=F04|acno=0129354|suba=|FC=N,RA003)
20260827 21:55:52.612 return: 100
20260827 21:55:52.634 ReportQuery(F,F04,0129354,,0,*,1)
20260827 21:55:52.634 return: 100
20260827 21:55:52.634 DealQuery(F,F04,0129354,,*)
20260827 21:55:52.634 return: 100
20260827 21:55:52.634 UserDefinsFunc(Func=RA003|bhno=F04|acno=0129354|suba=|FC=N,RA003)
20260827 21:55:52.634 return: 100
20260827 21:55:52.634 ReportQuery(F,F04,0129354,,0,*,1)
20260827 21:55:52.634 return: 100
20260827 21:55:52.634 DealQuery(F,F04,0129354,,*)
20260827 21:55:52.634 return: 100
20260827 21:55:52.634 UserDefinsFunc(Func=RA003|bhno=F04|acno=0129354|suba=|FC=N,RA003)
20260827 21:55:52.634 return: 100
20260827 21:55:52.660 ReportQuery(F,F04,0129354,,0,*,1)
20260827 21:55:52.661 return: 100
20260827 21:55:52.661 DealQuery(F,F04,0129354,,*)
20260827 21:55:52.661 return: 100
20260827 21:55:52.661 UserDefinsFunc(Func=RA003|bhno=F04|acno=0129354|suba=|FC=N,RA003)
20260827 21:55:52.661 return: 100
20260827 21:55:52.661 ReportQuery(F,F04,0129354,,0,*,1)
20260827 21:55:52.661 return: 100
20260827 21:55:52.661 DealQuery(F,F04,0129354,,*)
20260827 21:55:52.661 return: 100
20260827 21:55:52.661 UserDefinsFunc(Func=RA003|bhno=F04|acno=0129354|suba=|FC=N,RA003)
20260827 21:55:52.661 return: 100
20260827 21:55:52.686 ReportQuery(F,F04,0129354,,0,*,1)
20260827 21:55:52.686 return: 100
20260827 21:55:52.686 DealQuery(F,F04,0129354,,*)
20260827 21:55:52.686 return: 100
20260827 21:55:52.686 UserDefinsFunc(Func=RA003|bhno=F04|acno=0129354|suba=|FC=N,RA003)
20260827 21:55:52.686 return: 100
20260827 21:55:52.686 ReportQuery(F,F04,0129354,,0,*,1)
20260827 21:55:52.687 return: 100
20260827 21:55:52.687 DealQuery(F,F04,0129354,,*)
20260827 21:55:52.687 return: 100
20260827 21:55:52.687 UserDefinsFunc(Func=RA003|bhno=F04|acno=0129354|suba=|FC=N,RA003)
20260827 21:55:52.687 return: 100
20260827 21:55:52.707 ReportQuery(F,F04,0129354,,0,*,1)
20260827 21:55:52.707 return: 100
20260827 21:55:52.711 DealQuery(F,F04,0129354,,*)
20260827 21:55:52.711 return: 100
20260827 21:55:52.711 UserDefinsFunc(Func=RA003|bhno=F04|acno=0129354|suba=|FC=N,RA003)
20260827 21:55:52.711 return: 100
20260827 21:55:52.711 ReportQuery(F,F04,0129354,,0,*,1)
20260827 21:55:52.711 return: 100
20260827 21:55:52.711 DealQuery(F,F04,0129354,,*)
20260827 21:55:52.711 return: 100
20260827 21:55:52.711 UserDefinsFunc(Func=RA003|bhno=F04|acno=0129354|suba=|FC=N,RA003)
20260827 21:55:52.711 return: 100
20260827 21:55:52.735 ReportQuery(F,F04,0129354,,0,*,1)
20260827 21:55:52.735 return: 100
20260827 21:55:52.735 DealQuery(F,F04,0129354,,*)
20260827 21:55:52.736 return: 100
20260827 21:55:52.736 UserDefinsFunc(Func=RA003|bhno=F04|acno=0129354|suba=|FC=N,RA003)
20260827 21:55:52.736 return: 100
20260827 21:55:52.736 ReportQuery(F,F04,0129354,,0,*,1)
20260827 21:55:52.736 return: 100
20260827 21:55:52.736 DealQuery(F,F04,0129354,,*)
20260827 21:55:52.736 return: 100
20260827 21:55:52.736 UserDefinsFunc(Func=RA003|bhno=F04|acno=0129354|suba=|FC=N,RA003)
20260827 21:55:52.736 return: 100
20260827 21:55:52.760 ReportQuery(F,F04,0129354,,0,*,1)
20260827 21:55:52.760 return: 100
20260827 21:55:52.760 DealQuery(F,F04,0129354,,*)
20260827 21:55:52.760 return: 100
20260827 21:55:52.760 UserDefinsFunc(Func=RA003|bhno=F04|acno=0129354|suba=|FC=N,RA003)
20260827 21:55:52.760 return: 100
20260827 21:55:52.760 ReportQuery(F,F04,0129354,,0,*,1)
20260827 21:55:52.760 return: 100
20260827 21:55:52.760 DealQuery(F,F04,0129354,,*)
20260827 21:55:52.760 return: 100
20260827 21:55:52.761 UserDefinsFunc(Func=RA003|bhno=F04|acno=0129354|suba=|FC=N,RA003)
20260827 21:55:52.761 return: 100
20260827 21:55:52.784 ReportQuery(F,F04,0129354,,0,*,1)
20260827 21:55:52.784 return: 100
20260827 21:55:52.784 DealQuery(F,F04,0129354,,*)
20260827 21:55:52.784 return: 100
20260827 21:55:52.784 UserDefinsFunc(Func=RA003|bhno=F04|acno=0129354|suba=|FC=N,RA003)
20260827 21:55:52.784 return: 100
20260827 21:55:52.784 ReportQuery(F,F04,0129354,,0,*,1)
20260827 21:55:52.784 return: 100
20260827 21:55:52.784 DealQuery(F,F04,0129354,,*)
20260827 21:55:52.784 return: 100
20260827 21:55:52.784 UserDefinsFunc(Func=RA003|bhno=F04|acno=0129354|suba=|FC=N,RA003)
20260827 21:55:52.784 return: 100
20260827 21:55:52.809 ReportQuery(F,F04,0129354,,0,*,1)
20260827 21:55:52.809 return: 100
20260827 21:55:52.809 DealQuery(F,F04,0129354,,*)
20260827 21:55:52.809 return: 100
20260827 21:55:52.809 UserDefinsFunc(Func=RA003|bhno=F04|acno=0129354|suba=|FC=N,RA003)
20260827 21:55:52.809 return: 100
20260827 21:55:52.809 ReportQuery(F,F04,0129354,,0,*,1)
20260827 21:55:52.809 return: 100
20260827 21:55:52.809 DealQuery(F,F04,0129354,,*)
20260827 21:55:52.809 return: 100
20260827 21:55:52.809 UserDefinsFunc(Func=RA003|bhno=F04|acno=0129354|suba=|FC=N,RA003)
20260827 21:55:52.809 return: 100
20260827 21:55:52.836 ReportQuery(F,F04,0129354,,0,*,1)
20260827 21:55:52.836 return: 100
20260827 21:55:52.836 DealQuery(F,F04,0129354,,*)
20260827 21:55:52.836 return: 100
20260827 21:55:52.838 UserDefinsFunc(Func=RA003|bhno=F04|acno=0129354|suba=|FC=N,RA003)
20260827 21:55:52.838 return: 100
20260827 21:55:52.838 ReportQuery(F,F04,0129354,,0,*,1)
20260827 21:55:52.838 return: 100
20260827 21:55:52.838 DealQuery(F,F04,0129354,,*)
20260827 21:55:52.838 return: 100
20260827 21:55:52.838 UserDefinsFunc(Func=RA003|bhno=F04|acno=0129354|suba=|FC=N,RA003)
20260827 21:55:52.838 return: 100
20260827 21:55:52.864 ReportQuery(F,F04,0129354,,0,*,1)
20260827 21:55:52.864 return: 100
20260827 21:55:52.864 DealQuery(F,F04,0129354,,*)
20260827 21:55:52.864 return: 100
20260827 21:55:52.864 UserDefinsFunc(Func=RA003|bhno=F04|acno=0129354|suba=|FC=N,RA003)
20260827 21:55:52.864 return: 100
20260827 21:55:52.864 ReportQuery(F,F04,0129354,,0,*,1)
20260827 21:55:52.864 return: 100
20260827 21:55:52.864 DealQuery(F,F04,0129354,,*)
20260827 21:55:52.869 return: 100
20260827 21:55:52.869 UserDefinsFunc(Func=RA003|bhno=F04|acno=0129354|suba=|FC=N,RA003)
20260827 21:55:52.870 return: 100
20260827 21:55:52.906 ReportQuery(F,F04,0129354,,0,*,1)
20260827 21:55:52.906 return: 100
20260827 21:55:52.906 DealQuery(F,F04,0129354,,*)
20260827 21:55:52.908 return: 100
20260827 21:55:52.908 UserDefinsFunc(Func=RA003|bhno=F04|acno=0129354|suba=|FC=N,RA003)
20260827 21:55:52.908 return: 100
20260827 21:55:52.908 ReportQuery(F,F04,0129354,,0,*,1)
20260827 21:55:52.908 return: 100
20260827 21:55:52.908 DealQuery(F,F04,0129354,,*)
20260827 21:55:52.908 return: 100
20260827 21:55:52.910 UserDefinsFunc(Func=RA003|bhno=F04|acno=0129354|suba=|FC=N,RA003)
20260827 21:55:52.910 return: 100
20260827 21:55:52.950 ReportQuery(F,F04,0129354,,0,*,1)
20260827 21:55:52.950 return: 100
20260827 21:55:52.950 DealQuery(F,F04,0129354,,*)
20260827 21:55:52.950 return: 100
20260827 21:55:52.950 UserDefinsFunc(Func=RA003|bhno=F04|acno=0129354|suba=|FC=N,RA003)
20260827 21:55:52.950 return: 100
20260827 21:55:52.950 ReportQuery(F,F04,0129354,,0,*,1)
20260827 21:55:52.950 return: 100
20260827 21:55:52.950 DealQuery(F,F04,0129354,,*)
20260827 21:55:52.950 return: 100
20260827 21:55:52.950 UserDefinsFunc(Func=RA003|bhno=F04|acno=0129354|suba=|FC=N,RA003)
20260827 21:55:52.950 return: 100
20260827 21:55:52.987 ReportQuery(F,F04,0129354,,0,*,1)
20260827 21:55:52.987 return: 100
20260827 21:55:52.987 DealQuery(F,F04,0129354,,*)
20260827 21:55:52.987 return: 100
20260827 21:55:52.987 UserDefinsFunc(Func=RA003|bhno=F04|acno=0129354|suba=|FC=N,RA003)
20260827 21:55:52.990 return: 100
20260827 21:55:52.990 ReportQuery(F,F04,0129354,,0,*,1)
20260827 21:55:52.991 return: 100
20260827 21:55:52.991 DealQuery(F,F04,0129354,,*)
20260827 21:55:52.991 return: 100
20260827 21:55:52.991 UserDefinsFunc(Func=RA003|bhno=F04|acno=0129354|suba=|FC=N,RA003)
20260827 21:55:52.991 return: 100
20260827 21:55:53.036 ReportQuery(F,F04,0129354,,0,*,1)
20260827 21:55:53.039 return: 100
20260827 21:55:53.039 DealQuery(F,F04,0129354,,*)
20260827 21:55:53.040 return: 100
20260827 21:55:53.041 UserDefinsFunc(Func=RA003|bhno=F04|acno=0129354|suba=|FC=N,RA003)
20260827 21:55:53.041 return: 100
20260827 21:55:53.042 ReportQuery(F,F04,0129354,,0,*,1)
20260827 21:55:53.043 return: 100
20260827 21:55:53.043 DealQuery(F,F04,0129354,,*)
20260827 21:55:53.043 return: 100
20260827 21:55:53.043 UserDefinsFunc(Func=RA003|bhno=F04|acno=0129354|suba=|FC=N,RA003)
20260827 21:55:53.044 return: 100
20260827 21:55:53.088 ReportQuery(F,F04,0129354,,0,*,1)
20260827 21:55:53.090 return: 100
20260827 21:55:53.090 DealQuery(F,F04,0129354,,*)
20260827 21:55:53.092 return: 100
20260827 21:55:53.093 UserDefinsFunc(Func=RA003|bhno=F04|acno=0129354|suba=|FC=N,RA003)
20260827 21:55:53.094 return: 100
20260827 21:55:53.094 ReportQuery(F,F04,0129354,,0,*,1)
20260827 21:55:53.094 return: 100
20260827 21:55:53.096 DealQuery(F,F04,0129354,,*)
20260827 21:55:53.096 return: 100
20260827 21:55:53.096 UserDefinsFunc(Func=RA003|bhno=F04|acno=0129354|suba=|FC=N,RA003)
20260827 21:55:53.097 return: 100
20260827 21:55:53.139 ReportQuery(F,F04,0129354,,0,*,1)
20260827 21:55:53.139 return: 100
20260827 21:55:53.139 DealQuery(F,F04,0129354,,*)
20260827 21:55:53.139 return: 100
20260827 21:55:53.139 UserDefinsFunc(Func=RA003|bhno=F04|acno=0129354|suba=|FC=N,RA003)
20260827 21:55:53.140 return: 100
20260827 21:55:53.140 ReportQuery(F,F04,0129354,,0,*,1)
20260827 21:55:53.140 return: 100
20260827 21:55:53.140 DealQuery(F,F04,0129354,,*)
20260827 21:55:53.140 return: 100
20260827 21:55:53.140 UserDefinsFunc(Func=RA003|bhno=F04|acno=0129354|suba=|FC=N,RA003)
20260827 21:55:53.140 return: 100
20260827 21:55:53.180 ReportQuery(F,F04,0129354,,0,*,1)
20260827 21:55:53.180 return: 100
20260827 21:55:53.181 DealQuery(F,F04,0129354,,*)
20260827 21:55:53.181 return: 100
20260827 21:55:53.181 UserDefinsFunc(Func=RA003|bhno=F04|acno=0129354|suba=|FC=N,RA003)
20260827 21:55:53.181 return: 100
20260827 21:55:53.181 ReportQuery(F,F04,0129354,,0,*,1)
20260827 21:55:53.181 return: 100
20260827 21:55:53.182 DealQuery(F,F04,0129354,,*)
20260827 21:55:53.182 return: 100
20260827 21:55:53.182 UserDefinsFunc(Func=RA003|bhno=F04|acno=0129354|suba=|FC=N,RA003)
20260827 21:55:53.182 return: 100
20260827 21:55:53.223 ReportQuery(F,F04,0129354,,0,*,1)
20260827 21:55:53.223 return: 100
20260827 21:55:53.223 DealQuery(F,F04,0129354,,*)
20260827 21:55:53.223 return: 100
20260827 21:55:53.223 UserDefinsFunc(Func=RA003|bhno=F04|acno=0129354|suba=|FC=N,RA003)
20260827 21:55:53.223 return: 100
20260827 21:55:53.223 ReportQuery(F,F04,0129354,,0,*,1)
20260827 21:55:53.223 return: 100
20260827 21:55:53.225 DealQuery(F,F04,0129354,,*)
20260827 21:55:53.225 return: 100
20260827 21:55:53.225 UserDefinsFunc(Func=RA003|bhno=F04|acno=0129354|suba=|FC=N,RA003)
20260827 21:55:53.225 return: 100
20260827 21:55:53.264 ReportQuery(F,F04,0129354,,0,*,1)
20260827 21:55:53.264 return: 100
20260827 21:55:53.264 DealQuery(F,F04,0129354,,*)
20260827 21:55:53.264 return: 100
20260827 21:55:53.264 UserDefinsFunc(Func=RA003|bhno=F04|acno=0129354|suba=|FC=N,RA003)
20260827 21:55:53.264 return: 100
20260827 21:55:53.265 ReportQuery(F,F04,0129354,,0,*,1)
20260827 21:55:53.265 return: 100
20260827 21:55:53.265 DealQuery(F,F04,0129354,,*)
20260827 21:55:53.265 return: 100
20260827 21:55:53.265 UserDefinsFunc(Func=RA003|bhno=F04|acno=0129354|suba=|FC=N,RA003)
20260827 21:55:53.265 return: 100
20260827 21:55:53.299 ReportQuery(F,F04,0129354,,0,*,1)
20260827 21:55:53.299 return: 100
20260827 21:55:53.300 DealQuery(F,F04,0129354,,*)
20260827 21:55:53.300 return: 100
20260827 21:55:53.300 UserDefinsFunc(Func=RA003|bhno=F04|acno=0129354|suba=|FC=N,RA003)
20260827 21:55:53.300 return: 100
20260827 21:55:53.300 ReportQuery(F,F04,0129354,,0,*,1)
20260827 21:55:53.301 return: 100
20260827 21:55:53.301 DealQuery(F,F04,0129354,,*)
20260827 21:55:53.301 return: 100
20260827 21:55:53.301 UserDefinsFunc(Func=RA003|bhno=F04|acno=0129354|suba=|FC=N,RA003)
20260827 21:55:53.301 return: 100
20260827 21:55:53.339 ReportQuery(F,F04,0129354,,0,*,1)
20260827 21:55:53.340 return: 100
20260827 21:55:53.340 DealQuery(F,F04,0129354,,*)
20260827 21:55:53.340 return: 100
20260827 21:55:53.340 UserDefinsFunc(Func=RA003|bhno=F04|acno=0129354|suba=|FC=N,RA003)
20260827 21:55:53.340 return: 100
20260827 21:55:53.342 ReportQuery(F,F04,0129354,,0,*,1)
20260827 21:55:53.342 return: 100
20260827 21:55:53.342 DealQuery(F,F04,0129354,,*)
20260827 21:55:53.342 return: 100
20260827 21:55:53.342 UserDefinsFunc(Func=RA003|bhno=F04|acno=0129354|suba=|FC=N,RA003)
20260827 21:55:53.343 return: 100
20260827 21:55:53.382 ReportQuery(F,F04,0129354,,0,*,1)
20260827 21:55:53.384 return: 100
20260827 21:55:53.384 DealQuery(F,F04,0129354,,*)
20260827 21:55:53.384 return: 100
20260827 21:55:53.384 UserDefinsFunc(Func=RA003|bhno=F04|acno=0129354|suba=|FC=N,RA003)
20260827 21:55:53.385 return: 100
20260827 21:55:53.385 ReportQuery(F,F04,0129354,,0,*,1)
20260827 21:55:53.385 return: 100
20260827 21:55:53.386 DealQuery(F,F04,0129354,,*)
20260827 21:55:53.386 return: 100
20260827 21:55:53.386 UserDefinsFunc(Func=RA003|bhno=F04|acno=0129354|suba=|FC=N,RA003)
20260827 21:55:53.386 return: 100
20260827 21:55:53.430 ReportQuery(F,F04,0129354,,0,*,1)
20260827 21:55:53.430 return: 100
20260827 21:55:53.430 DealQuery(F,F04,0129354,,*)
20260827 21:55:53.430 return: 100
20260827 21:55:53.432 UserDefinsFunc(Func=RA003|bhno=F04|acno=0129354|suba=|FC=N,RA003)
20260827 21:55:53.432 return: 100
20260827 21:55:53.432 ReportQuery(F,F04,0129354,,0,*,1)
20260827 21:55:53.432 return: 100
20260827 21:55:53.432 DealQuery(F,F04,0129354,,*)
20260827 21:55:53.432 return: 100
20260827 21:55:53.432 UserDefinsFunc(Func=RA003|bhno=F04|acno=0129354|suba=|FC=N,RA003)
20260827 21:55:53.433 return: 100
20260827 21:55:53.468 ReportQuery(F,F04,0129354,,0,*,1)
20260827 21:55:53.468 return: 100
20260827 21:55:53.468 DealQuery(F,F04,0129354,,*)
20260827 21:55:53.468 return: 100
20260827 21:55:53.468 UserDefinsFunc(Func=RA003|bhno=F04|acno=0129354|suba=|FC=N,RA003)
20260827 21:55:53.469 return: 100
20260827 21:55:53.469 ReportQuery(F,F04,0129354,,0,*,1)
20260827 21:55:53.469 return: 100
20260827 21:55:53.469 DealQuery(F,F04,0129354,,*)
20260827 21:55:53.469 return: 100
20260827 21:55:53.469 UserDefinsFunc(Func=RA003|bhno=F04|acno=0129354|suba=|FC=N,RA003)
20260827 21:55:53.470 return: 100
20260827 21:55:53.505 ReportQuery(F,F04,0129354,,0,*,1)
20260827 21:55:53.505 return: 100
20260827 21:55:53.506 DealQuery(F,F04,0129354,,*)
20260827 21:55:53.506 return: 100
20260827 21:55:53.506 UserDefinsFunc(Func=RA003|bhno=F04|acno=0129354|suba=|FC=N,RA003)
20260827 21:55:53.506 return: 100
20260827 21:55:53.506 ReportQuery(F,F04,0129354,,0,*,1)
20260827 21:55:53.506 return: 100
20260827 21:55:53.506 DealQuery(F,F04,0129354,,*)
20260827 21:55:53.507 return: 100
20260827 21:55:53.507 UserDefinsFunc(Func=RA003|bhno=F04|acno=0129354|suba=|FC=N,RA003)
20260827 21:55:53.507 return: 100
20260827 21:55:53.535 ReportQuery(F,F04,0129354,,0,*,1)
20260827 21:55:53.535 return: 100
20260827 21:55:53.535 DealQuery(F,F04,0129354,,*)
20260827 21:55:53.541 return: 100
20260827 21:55:53.541 UserDefinsFunc(Func=RA003|bhno=F04|acno=0129354|suba=|FC=N,RA003)
20260827 21:55:53.541 return: 100
20260827 21:55:53.541 ReportQuery(F,F04,0129354,,0,*,1)
20260827 21:55:53.541 return: 100
20260827 21:55:53.541 DealQuery(F,F04,0129354,,*)
20260827 21:55:53.541 return: 100
20260827 21:55:53.541 UserDefinsFunc(Func=RA003|bhno=F04|acno=0129354|suba=|FC=N,RA003)
20260827 21:55:53.541 return: 100
20260827 21:55:53.573 ReportQuery(F,F04,0129354,,0,*,1)
20260827 21:55:53.574 return: 100
20260827 21:55:53.574 DealQuery(F,F04,0129354,,*)
20260827 21:55:53.574 return: 100
20260827 21:55:53.574 UserDefinsFunc(Func=RA003|bhno=F04|acno=0129354|suba=|FC=N,RA003)
20260827 21:55:53.574 return: 100
20260827 21:55:53.574 ReportQuery(F,F04,0129354,,0,*,1)
20260827 21:55:53.575 return: 100
20260827 21:55:53.575 DealQuery(F,F04,0129354,,*)
20260827 21:55:53.575 return: 100
20260827 21:55:53.575 UserDefinsFunc(Func=RA003|bhno=F04|acno=0129354|suba=|FC=N,RA003)
20260827 21:55:53.575 return: 100
20260827 21:55:53.610 ReportQuery(F,F04,0129354,,0,*,1)
20260827 21:55:53.610 return: 100
20260827 21:55:53.610 DealQuery(F,F04,0129354,,*)
20260827 21:55:53.611 return: 100
20260827 21:55:53.611 UserDefinsFunc(Func=RA003|bhno=F04|acno=0129354|suba=|FC=N,RA003)
20260827 21:55:53.611 return: 100
20260827 21:55:53.612 ReportQuery(F,F04,0129354,,0,*,1)
20260827 21:55:53.612 return: 100
20260827 21:55:53.612 DealQuery(F,F04,0129354,,*)
20260827 21:55:53.612 return: 100
20260827 21:55:53.612 UserDefinsFunc(Func=RA003|bhno=F04|acno=0129354|suba=|FC=N,RA003)
20260827 21:55:53.612 return: 100
20260827 21:55:53.644 ReportQuery(F,F04,0129354,,0,*,1)
20260827 21:55:53.644 return: 100
20260827 21:55:53.644 DealQuery(F,F04,0129354,,*)
20260827 21:55:53.644 return: 100
20260827 21:55:53.645 UserDefinsFunc(Func=RA003|bhno=F04|acno=0129354|suba=|FC=N,RA003)
20260827 21:55:53.645 return: 100
20260827 21:55:53.645 ReportQuery(F,F04,0129354,,0,*,1)
20260827 21:55:53.645 return: 100
20260827 21:55:53.646 DealQuery(F,F04,0129354,,*)
20260827 21:55:53.646 return: 100
20260827 21:55:53.646 UserDefinsFunc(Func=RA003|bhno=F04|acno=0129354|suba=|FC=N,RA003)
20260827 21:55:53.646 return: 100
20260827 21:55:53.681 ReportQuery(F,F04,0129354,,0,*,1)
20260827 21:55:53.681 return: 100
20260827 21:55:53.681 DealQuery(F,F04,0129354,,*)
20260827 21:55:53.681 return: 100
20260827 21:55:53.681 UserDefinsFunc(Func=RA003|bhno=F04|acno=0129354|suba=|FC=N,RA003)
20260827 21:55:53.681 return: 100
20260827 21:55:53.682 ReportQuery(F,F04,0129354,,0,*,1)
20260827 21:55:53.682 return: 100
20260827 21:55:53.682 DealQuery(F,F04,0129354,,*)
20260827 21:55:53.682 return: 100
20260827 21:55:53.682 UserDefinsFunc(Func=RA003|bhno=F04|acno=0129354|suba=|FC=N,RA003)
20260827 21:55:53.682 return: 100
20260827 21:55:53.719 ReportQuery(F,F04,0129354,,0,*,1)
20260827 21:55:53.719 return: 100
20260827 21:55:53.720 DealQuery(F,F04,0129354,,*)
20260827 21:55:53.720 return: 100
20260827 21:55:53.720 UserDefinsFunc(Func=RA003|bhno=F04|acno=0129354|suba=|FC=N,RA003)
20260827 21:55:53.720 return: 100
20260827 21:55:53.720 ReportQuery(F,F04,0129354,,0,*,1)
20260827 21:55:53.720 return: 100
20260827 21:55:53.720 DealQuery(F,F04,0129354,,*)
20260827 21:55:53.720 return: 100
20260827 21:55:53.721 UserDefinsFunc(Func=RA003|bhno=F04|acno=0129354|suba=|FC=N,RA003)
20260827 21:55:53.721 return: 100
20260827 21:55:53.755 ReportQuery(F,F04,0129354,,0,*,1)
20260827 21:55:53.755 return: 100
20260827 21:55:53.755 DealQuery(F,F04,0129354,,*)
20260827 21:55:53.755 return: 100
20260827 21:55:53.755 UserDefinsFunc(Func=RA003|bhno=F04|acno=0129354|suba=|FC=N,RA003)
20260827 21:55:53.756 return: 100
20260827 21:55:53.756 ReportQuery(F,F04,0129354,,0,*,1)
20260827 21:55:53.756 return: 100
20260827 21:55:53.756 DealQuery(F,F04,0129354,,*)
20260827 21:55:53.756 return: 100
20260827 21:55:53.756 UserDefinsFunc(Func=RA003|bhno=F04|acno=0129354|suba=|FC=N,RA003)
20260827 21:55:53.756 return: 100
20260827 21:55:53.788 ReportQuery(F,F04,0129354,,0,*,1)
20260827 21:55:53.788 return: 100
20260827 21:55:53.788 DealQuery(F,F04,0129354,,*)
20260827 21:55:53.788 return: 100
20260827 21:55:53.789 UserDefinsFunc(Func=RA003|bhno=F04|acno=0129354|suba=|FC=N,RA003)
20260827 21:55:53.789 return: 100
20260827 21:55:53.790 ReportQuery(F,F04,0129354,,0,*,1)
20260827 21:55:53.790 return: 100
20260827 21:55:53.790 DealQuery(F,F04,0129354,,*)
20260827 21:55:53.790 return: 100
20260827 21:55:53.790 UserDefinsFunc(Func=RA003|bhno=F04|acno=0129354|suba=|FC=N,RA003)
20260827 21:55:53.790 return: 100
20260827 21:55:53.823 ReportQuery(F,F04,0129354,,0,*,1)
20260827 21:55:53.823 return: 100
20260827 21:55:53.823 DealQuery(F,F04,0129354,,*)
20260827 21:55:53.823 return: 100
20260827 21:55:53.823 UserDefinsFunc(Func=RA003|bhno=F04|acno=0129354|suba=|FC=N,RA003)
20260827 21:55:53.823 return: 100
20260827 21:55:53.823 ReportQuery(F,F04,0129354,,0,*,1)
20260827 21:55:53.824 return: 100
20260827 21:55:53.824 DealQuery(F,F04,0129354,,*)
20260827 21:55:53.824 return: 100
20260827 21:55:53.824 UserDefinsFunc(Func=RA003|bhno=F04|acno=0129354|suba=|FC=N,RA003)
20260827 21:55:53.824 return: 100
20260827 21:55:53.860 ReportQuery(F,F04,0129354,,0,*,1)
20260827 21:55:53.860 return: 100
20260827 21:55:53.860 DealQuery(F,F04,0129354,,*)
20260827 21:55:53.860 return: 100
20260827 21:55:53.860 UserDefinsFunc(Func=RA003|bhno=F04|acno=0129354|suba=|FC=N,RA003)
20260827 21:55:53.860 return: 100
20260827 21:55:53.860 ReportQuery(F,F04,0129354,,0,*,1)
20260827 21:55:53.860 return: 100
20260827 21:55:53.860 DealQuery(F,F04,0129354,,*)
20260827 21:55:53.861 return: 100
20260827 21:55:53.861 UserDefinsFunc(Func=RA003|bhno=F04|acno=0129354|suba=|FC=N,RA003)
20260827 21:55:53.861 return: 100
20260827 21:55:53.895 ReportQuery(F,F04,0129354,,0,*,1)
20260827 21:55:53.895 return: 100
20260827 21:55:53.895 DealQuery(F,F04,0129354,,*)
20260827 21:55:53.895 return: 100
20260827 21:55:53.895 UserDefinsFunc(Func=RA003|bhno=F04|acno=0129354|suba=|FC=N,RA003)
20260827 21:55:53.895 return: 100
20260827 21:55:53.895 ReportQuery(F,F04,0129354,,0,*,1)
20260827 21:55:53.895 return: 100
20260827 21:55:53.895 DealQuery(F,F04,0129354,,*)
20260827 21:55:53.895 return: 100
20260827 21:55:53.895 UserDefinsFunc(Func=RA003|bhno=F04|acno=0129354|suba=|FC=N,RA003)
20260827 21:55:53.895 return: 100
20260827 21:55:53.930 ReportQuery(F,F04,0129354,,0,*,1)
20260827 21:55:53.931 return: 100
20260827 21:55:53.931 DealQuery(F,F04,0129354,,*)
20260827 21:55:53.931 return: 100
20260827 21:55:53.931 UserDefinsFunc(Func=RA003|bhno=F04|acno=0129354|suba=|FC=N,RA003)
20260827 21:55:53.933 return: 100
20260827 21:55:53.933 ReportQuery(F,F04,0129354,,0,*,1)
20260827 21:55:53.933 return: 100
20260827 21:55:53.933 DealQuery(F,F04,0129354,,*)
20260827 21:55:53.934 return: 100
20260827 21:55:53.934 UserDefinsFunc(Func=RA003|bhno=F04|acno=0129354|suba=|FC=N,RA003)
20260827 21:55:53.936 return: 100
20260827 21:55:53.979 ReportQuery(F,F04,0129354,,0,*,1)
20260827 21:55:54.005 return: 100
20260827 21:55:54.005 DealQuery(F,F04,0129354,,*)
20260827 21:55:54.005 OnDealQuery(0):
20260827 21:55:54.006 return: 100
20260827 21:55:54.006 OnReportQuery(0):
20260827 21:55:54.006 UserDefinsFunc(Func=RA003|bhno=F04|acno=0129354|suba=|FC=N,RA003)
20260827 21:55:54.006 OnReportQuery(0):
20260827 21:55:54.006 OnReportQuery(0):
20260827 21:55:54.006 OnDealQuery(0):
20260827 21:55:54.006 return: 100
20260827 21:55:54.006 OnReportQuery(0):
20260827 21:55:54.007 OnDealQuery(0):
20260827 21:55:54.007 ReportQuery(F,F04,0129354,,0,*,1)
20260827 21:55:54.007 OnDealQuery(0):
20260827 21:55:54.007 return: 100
20260827 21:55:54.007 OnReportQuery(0):
20260827 21:55:54.007 DealQuery(F,F04,0129354,,*)
20260827 21:55:54.007 return: 100
20260827 21:55:54.007 OnDealQuery(0):
20260827 21:55:54.007 UserDefinsFunc(Func=RA003|bhno=F04|acno=0129354|suba=|FC=N,RA003)
20260827 21:55:54.008 OnReportQuery(0):
20260827 21:55:54.008 return: 100
20260827 21:55:54.008 OnDealQuery(0):
20260827 21:55:54.008 OnReportQuery(0):
20260827 21:55:54.009 OnDealQuery(0):
20260827 21:55:54.009 OnReportQuery(0):
20260827 21:55:54.009 OnReportQuery(0):
20260827 21:55:54.009 OnDealQuery(0):
20260827 21:55:54.009 OnDealQuery(0):
20260827 21:55:54.009 OnReportQuery(0):
20260827 21:55:54.009 OnDealQuery(0):
20260827 21:55:54.010 OnReportQuery(0):
20260827 21:55:54.010 OnDealQuery(0):
20260827 21:55:54.010 OnReportQuery(0):
20260827 21:55:54.010 OnReportQuery(0):
20260827 21:55:54.010 OnDealQuery(0):
20260827 21:55:54.010 OnDealQuery(0):
20260827 21:55:54.010 OnDealQuery(0):
20260827 21:55:54.010 OnUserDefinsFuncResult(0):retc=00001|time=215553|emsg=查無資料 (0)|caltime=2026/08/27 21:55:53
WorkID=RA003
20260827 21:55:54.011 OnUserDefinsFuncResult(0):retc=00001|time=215553|emsg=查無資料 (0)|caltime=2026/08/27 21:55:53
WorkID=RA003
20260827 21:55:54.011 OnUserDefinsFuncResult(0):retc=00001|time=215553|emsg=查無資料 (0)|caltime=2026/08/27 21:55:53
WorkID=RA003
20260827 21:55:54.011 OnReportQuery(0):
20260827 21:55:54.011 OnReportQuery(0):
20260827 21:55:54.011 OnUserDefinsFuncResult(0):retc=00001|time=215553|emsg=查無資料 (0)|caltime=2026/08/27 21:55:53
WorkID=RA003
20260827 21:55:54.011 OnReportQuery(0):
20260827 21:55:54.011 OnUserDefinsFuncResult(0):retc=00001|time=215553|emsg=查無資料 (0)|caltime=2026/08/27 21:55:53
WorkID=RA003
20260827 21:55:54.012 OnDealQuery(0):
20260827 21:55:54.012 OnDealQuery(0):
20260827 21:55:54.012 OnReportQuery(0):
20260827 21:55:54.012 OnDealQuery(0):
20260827 21:55:54.012 OnReportQuery(0):
20260827 21:55:54.013 OnDealQuery(0):
20260827 21:55:54.013 OnUserDefinsFuncResult(0):retc=00001|time=215553|emsg=查無資料 (0)|caltime=2026/08/27 21:55:53
WorkID=RA003
20260827 21:55:54.013 OnReportQuery(0):
20260827 21:55:54.013 OnReportQuery(0):
20260827 21:55:54.013 OnUserDefinsFuncResult(0):retc=00001|time=215553|emsg=查無資料 (0)|caltime=2026/08/27 21:55:53
WorkID=RA003
20260827 21:55:54.013 OnDealQuery(0):
20260827 21:55:54.013 OnDealQuery(0):
20260827 21:55:54.014 OnReportQuery(0):
20260827 21:55:54.014 OnDealQuery(0):
20260827 21:55:54.014 OnReportQuery(0):
20260827 21:55:54.014 OnReportQuery(0):
20260827 21:55:54.014 OnDealQuery(0):
20260827 21:55:54.014 OnDealQuery(0):
20260827 21:55:54.014 OnReportQuery(0):
20260827 21:55:54.014 OnUserDefinsFuncResult(0):retc=00001|time=215553|emsg=查無資料 (0)|caltime=2026/08/27 21:55:53
WorkID=RA003
20260827 21:55:54.015 OnUserDefinsFuncResult(0):retc=00001|time=215553|emsg=查無資料 (0)|caltime=2026/08/27 21:55:53
WorkID=RA003
20260827 21:55:54.015 OnUserDefinsFuncResult(0):retc=00001|time=215553|emsg=查無資料 (0)|caltime=2026/08/27 21:55:53
WorkID=RA003
20260827 21:55:54.015 OnReportQuery(0):
20260827 21:55:54.015 OnUserDefinsFuncResult(0):retc=00001|time=215553|emsg=查無資料 (0)|caltime=2026/08/27 21:55:53
WorkID=RA003
20260827 21:55:54.016 OnDealQuery(0):
20260827 21:55:54.016 OnUserDefinsFuncResult(0):retc=00001|time=215553|emsg=查無資料 (0)|caltime=2026/08/27 21:55:53
WorkID=RA003
20260827 21:55:54.016 OnUserDefinsFuncResult(0):retc=00001|time=215553|emsg=查無資料 (0)|caltime=2026/08/27 21:55:53
WorkID=RA003
20260827 21:55:54.016 OnUserDefinsFuncResult(0):retc=00001|time=215553|emsg=查無資料 (0)|caltime=2026/08/27 21:55:53
WorkID=RA003
20260827 21:55:54.016 OnReportQuery(0):
20260827 21:55:54.016 OnDealQuery(0):
20260827 21:55:54.016 OnDealQuery(0):
20260827 21:55:54.016 OnReportQuery(0):
20260827 21:55:54.016 OnDealQuery(0):
20260827 21:55:54.016 OnUserDefinsFuncResult(0):retc=00001|time=215553|emsg=查無資料 (0)|caltime=2026/08/27 21:55:53
WorkID=RA003
20260827 21:55:54.016 OnDealQuery(0):
20260827 21:55:54.016 OnReportQuery(0):
20260827 21:55:54.016 OnDealQuery(0):
20260827 21:55:54.016 OnUserDefinsFuncResult(0):retc=00001|time=215553|emsg=查無資料 (0)|caltime=2026/08/27 21:55:53
WorkID=RA003
20260827 21:55:54.016 OnReportQuery(0):
20260827 21:55:54.016 OnDealQuery(0):
20260827 21:55:54.016 OnReportQuery(0):
20260827 21:55:54.016 OnUserDefinsFuncResult(0):retc=00001|time=215553|emsg=查無資料 (0)|caltime=2026/08/27 21:55:53
WorkID=RA003
20260827 21:55:54.016 OnReportQuery(0):
20260827 21:55:54.016 OnReportQuery(0):
20260827 21:55:54.020 OnUserDefinsFuncResult(0):retc=00001|time=215553|emsg=查無資料 (0)|caltime=2026/08/27 21:55:53
WorkID=RA003
20260827 21:55:54.020 OnDealQuery(0):
20260827 21:55:54.020 OnUserDefinsFuncResult(0):retc=00001|time=215553|emsg=查無資料 (0)|caltime=2026/08/27 21:55:53
WorkID=RA003
20260827 21:55:54.020 OnDealQuery(0):
20260827 21:55:54.021 OnReportQuery(0):
20260827 21:55:54.021 OnUserDefinsFuncResult(0):retc=00001|time=215553|emsg=查無資料 (0)|caltime=2026/08/27 21:55:53
WorkID=RA003
20260827 21:55:54.021 OnUserDefinsFuncResult(0):retc=00001|time=215553|emsg=查無資料 (0)|caltime=2026/08/27 21:55:53
WorkID=RA003
20260827 21:55:54.021 OnUserDefinsFuncResult(0):retc=00001|time=215553|emsg=查無資料 (0)|caltime=2026/08/27 21:55:53
WorkID=RA003
20260827 21:55:54.022 OnDealQuery(0):
20260827 21:55:54.022 OnUserDefinsFuncResult(0):retc=00001|time=215553|emsg=查無資料 (0)|caltime=2026/08/27 21:55:53
WorkID=RA003
20260827 21:55:54.022 OnReportQuery(0):
20260827 21:55:54.046 ReportQuery(F,F04,0129354,,0,*,1)
20260827 21:55:54.046 return: 100
20260827 21:55:54.046 DealQuery(F,F04,0129354,,*)
20260827 21:55:54.046 return: 100
20260827 21:55:54.046 UserDefinsFunc(Func=RA003|bhno=F04|acno=0129354|suba=|FC=N,RA003)
20260827 21:55:54.047 return: 100
20260827 21:55:54.047 ReportQuery(F,F04,0129354,,0,*,1)
20260827 21:55:54.047 return: 100
20260827 21:55:54.047 DealQuery(F,F04,0129354,,*)
20260827 21:55:54.047 return: 100
20260827 21:55:54.048 UserDefinsFunc(Func=RA003|bhno=F04|acno=0129354|suba=|FC=N,RA003)
20260827 21:55:54.048 return: 100
20260827 21:55:54.087 ReportQuery(F,F04,0129354,,0,*,1)
20260827 21:55:54.089 return: 100
20260827 21:55:54.090 DealQuery(F,F04,0129354,,*)
20260827 21:55:54.092 return: 100
20260827 21:55:54.093 UserDefinsFunc(Func=RA003|bhno=F04|acno=0129354|suba=|FC=N,RA003)
20260827 21:55:54.094 return: 100
20260827 21:55:54.094 ReportQuery(F,F04,0129354,,0,*,1)
20260827 21:55:54.095 return: 100
20260827 21:55:54.095 DealQuery(F,F04,0129354,,*)
20260827 21:55:54.097 return: 100
20260827 21:55:54.097 UserDefinsFunc(Func=RA003|bhno=F04|acno=0129354|suba=|FC=N,RA003)
20260827 21:55:54.097 return: 100
20260827 21:55:54.151 ReportQuery(F,F04,0129354,,0,*,1)
20260827 21:55:54.154 return: 100
20260827 21:55:54.154 DealQuery(F,F04,0129354,,*)
20260827 21:55:54.154 return: 100
20260827 21:55:54.154 UserDefinsFunc(Func=RA003|bhno=F04|acno=0129354|suba=|FC=N,RA003)
20260827 21:55:54.155 return: 100
20260827 21:55:54.155 ReportQuery(F,F04,0129354,,0,*,1)
20260827 21:55:54.155 return: 100
20260827 21:55:54.156 DealQuery(F,F04,0129354,,*)
20260827 21:55:54.157 return: 100
20260827 21:55:54.157 UserDefinsFunc(Func=RA003|bhno=F04|acno=0129354|suba=|FC=N,RA003)
20260827 21:55:54.158 return: 100
20260827 21:55:54.194 ReportQuery(F,F04,0129354,,0,*,1)
20260827 21:55:54.194 return: 100
20260827 21:55:54.194 DealQuery(F,F04,0129354,,*)
20260827 21:55:54.195 return: 100
20260827 21:55:54.195 UserDefinsFunc(Func=RA003|bhno=F04|acno=0129354|suba=|FC=N,RA003)
20260827 21:55:54.195 return: 100
20260827 21:55:54.195 ReportQuery(F,F04,0129354,,0,*,1)
20260827 21:55:54.195 return: 100
20260827 21:55:54.195 DealQuery(F,F04,0129354,,*)
20260827 21:55:54.196 return: 100
20260827 21:55:54.196 UserDefinsFunc(Func=RA003|bhno=F04|acno=0129354|suba=|FC=N,RA003)
20260827 21:55:54.196 return: 100
20260827 21:55:54.228 ReportQuery(F,F04,0129354,,0,*,1)
20260827 21:55:54.228 return: 100
20260827 21:55:54.228 DealQuery(F,F04,0129354,,*)
20260827 21:55:54.229 return: 100
20260827 21:55:54.229 UserDefinsFunc(Func=RA003|bhno=F04|acno=0129354|suba=|FC=N,RA003)
20260827 21:55:54.229 return: 100
20260827 21:55:54.229 ReportQuery(F,F04,0129354,,0,*,1)
20260827 21:55:54.229 return: 100
20260827 21:55:54.229 DealQuery(F,F04,0129354,,*)
20260827 21:55:54.230 return: 100
20260827 21:55:54.230 UserDefinsFunc(Func=RA003|bhno=F04|acno=0129354|suba=|FC=N,RA003)
20260827 21:55:54.230 return: 100
20260827 21:55:54.262 ReportQuery(F,F04,0129354,,0,*,1)
20260827 21:55:54.264 return: 100
20260827 21:55:54.264 DealQuery(F,F04,0129354,,*)
20260827 21:55:54.264 return: 100
20260827 21:55:54.265 UserDefinsFunc(Func=RA003|bhno=F04|acno=0129354|suba=|FC=N,RA003)
20260827 21:55:54.265 return: 100
20260827 21:55:54.265 ReportQuery(F,F04,0129354,,0,*,1)
20260827 21:55:54.265 return: 100
20260827 21:55:54.265 DealQuery(F,F04,0129354,,*)
20260827 21:55:54.265 return: 100
20260827 21:55:54.265 UserDefinsFunc(Func=RA003|bhno=F04|acno=0129354|suba=|FC=N,RA003)
20260827 21:55:54.266 return: 100
20260827 21:55:54.283 ReportQuery(F,F04,0129354,,0,*,1)
20260827 21:55:54.283 return: 100
20260827 21:55:54.283 DealQuery(F,F04,0129354,,*)
20260827 21:55:54.283 return: 100
20260827 21:55:54.283 UserDefinsFunc(Func=RA003|bhno=F04|acno=0129354|suba=|FC=N,RA003)
20260827 21:55:54.283 return: 100
20260827 21:55:54.283 ReportQuery(F,F04,0129354,,0,*,1)
20260827 21:55:54.283 return: 100
20260827 21:55:54.283 DealQuery(F,F04,0129354,,*)
20260827 21:55:54.283 return: 100
20260827 21:55:54.283 UserDefinsFunc(Func=RA003|bhno=F04|acno=0129354|suba=|FC=N,RA003)
20260827 21:55:54.283 return: 100
20260827 21:55:54.318 ReportQuery(F,F04,0129354,,0,*,1)
20260827 21:55:54.318 return: 100
20260827 21:55:54.318 DealQuery(F,F04,0129354,,*)
20260827 21:55:54.318 return: 100
20260827 21:55:54.318 UserDefinsFunc(Func=RA003|bhno=F04|acno=0129354|suba=|FC=N,RA003)
20260827 21:55:54.318 return: 100
20260827 21:55:54.318 ReportQuery(F,F04,0129354,,0,*,1)
20260827 21:55:54.318 return: 100
20260827 21:55:54.318 DealQuery(F,F04,0129354,,*)
20260827 21:55:54.318 return: 100
20260827 21:55:54.318 UserDefinsFunc(Func=RA003|bhno=F04|acno=0129354|suba=|FC=N,RA003)
20260827 21:55:54.318 return: 100
20260827 21:55:54.353 ReportQuery(F,F04,0129354,,0,*,1)
20260827 21:55:54.353 return: 100
20260827 21:55:54.353 DealQuery(F,F04,0129354,,*)
20260827 21:55:54.353 return: 100
20260827 21:55:54.353 UserDefinsFunc(Func=RA003|bhno=F04|acno=0129354|suba=|FC=N,RA003)
20260827 21:55:54.353 return: 100
20260827 21:55:54.353 ReportQuery(F,F04,0129354,,0,*,1)
20260827 21:55:54.353 return: 100
20260827 21:55:54.355 DealQuery(F,F04,0129354,,*)
20260827 21:55:54.355 return: 100
20260827 21:55:54.355 UserDefinsFunc(Func=RA003|bhno=F04|acno=0129354|suba=|FC=N,RA003)
20260827 21:55:54.355 return: 100
20260827 21:55:54.380 ReportQuery(F,F04,0129354,,0,*,1)
20260827 21:55:54.380 return: 100
20260827 21:55:54.380 DealQuery(F,F04,0129354,,*)
20260827 21:55:54.380 return: 100
20260827 21:55:54.380 UserDefinsFunc(Func=RA003|bhno=F04|acno=0129354|suba=|FC=N,RA003)
20260827 21:55:54.380 return: 100
20260827 21:55:54.380 ReportQuery(F,F04,0129354,,0,*,1)
20260827 21:55:54.380 return: 100
20260827 21:55:54.380 DealQuery(F,F04,0129354,,*)
20260827 21:55:54.386 return: 100
20260827 21:55:54.386 UserDefinsFunc(Func=RA003|bhno=F04|acno=0129354|suba=|FC=N,RA003)
20260827 21:55:54.386 return: 100
20260827 21:55:54.415 ReportQuery(F,F04,0129354,,0,*,1)
20260827 21:55:54.416 return: 100
20260827 21:55:54.416 DealQuery(F,F04,0129354,,*)
20260827 21:55:54.416 return: 100
20260827 21:55:54.416 UserDefinsFunc(Func=RA003|bhno=F04|acno=0129354|suba=|FC=N,RA003)
20260827 21:55:54.416 return: 100
20260827 21:55:54.416 ReportQuery(F,F04,0129354,,0,*,1)
20260827 21:55:54.416 return: 100
20260827 21:55:54.416 DealQuery(F,F04,0129354,,*)
20260827 21:55:54.416 return: 100
20260827 21:55:54.416 UserDefinsFunc(Func=RA003|bhno=F04|acno=0129354|suba=|FC=N,RA003)
20260827 21:55:54.417 return: 100
20260827 21:55:54.448 ReportQuery(F,F04,0129354,,0,*,1)
20260827 21:55:54.448 return: 100
20260827 21:55:54.448 DealQuery(F,F04,0129354,,*)
20260827 21:55:54.448 return: 100
20260827 21:55:54.448 UserDefinsFunc(Func=RA003|bhno=F04|acno=0129354|suba=|FC=N,RA003)
20260827 21:55:54.448 return: 100
20260827 21:55:54.449 ReportQuery(F,F04,0129354,,0,*,1)
20260827 21:55:54.449 return: 100
20260827 21:55:54.449 DealQuery(F,F04,0129354,,*)
20260827 21:55:54.449 return: 100
20260827 21:55:54.449 UserDefinsFunc(Func=RA003|bhno=F04|acno=0129354|suba=|FC=N,RA003)
20260827 21:55:54.449 return: 100
20260827 21:55:54.476 ReportQuery(F,F04,0129354,,0,*,1)
20260827 21:55:54.476 return: 100
20260827 21:55:54.476 DealQuery(F,F04,0129354,,*)
20260827 21:55:54.476 return: 100
20260827 21:55:54.476 UserDefinsFunc(Func=RA003|bhno=F04|acno=0129354|suba=|FC=N,RA003)
20260827 21:55:54.476 return: 100
20260827 21:55:54.476 ReportQuery(F,F04,0129354,,0,*,1)
20260827 21:55:54.476 return: 100
20260827 21:55:54.476 DealQuery(F,F04,0129354,,*)
20260827 21:55:54.476 return: 100
20260827 21:55:54.476 UserDefinsFunc(Func=RA003|bhno=F04|acno=0129354|suba=|FC=N,RA003)
20260827 21:55:54.476 return: 100
20260827 21:55:54.499 ReportQuery(F,F04,0129354,,0,*,1)
20260827 21:55:54.499 return: 100
20260827 21:55:54.499 DealQuery(F,F04,0129354,,*)
20260827 21:55:54.499 return: 100
20260827 21:55:54.499 UserDefinsFunc(Func=RA003|bhno=F04|acno=0129354|suba=|FC=N,RA003)
20260827 21:55:54.499 return: 100
20260827 21:55:54.499 ReportQuery(F,F04,0129354,,0,*,1)
20260827 21:55:54.499 return: 100
20260827 21:55:54.499 DealQuery(F,F04,0129354,,*)
20260827 21:55:54.499 return: 100
20260827 21:55:54.499 UserDefinsFunc(Func=RA003|bhno=F04|acno=0129354|suba=|FC=N,RA003)
20260827 21:55:54.499 return: 100
20260827 21:55:54.518 OnUserDefinsFuncResult(0):retc=00001|time=215553|emsg=查無資料 (0)|caltime=2026/08/27 21:55:53
WorkID=RA003
20260827 21:55:54.521 OnReportQuery(0):
20260827 21:55:54.521 OnDealQuery(0):
20260827 21:55:54.521 OnDealQuery(0):
20260827 21:55:54.521 OnReportQuery(0):
20260827 21:55:54.521 OnDealQuery(0):
20260827 21:55:54.521 OnReportQuery(0):
20260827 21:55:54.521 OnReportQuery(0):
20260827 21:55:54.521 OnDealQuery(0):
20260827 21:55:54.521 OnDealQuery(0):
20260827 21:55:54.523 OnReportQuery(0):
20260827 21:55:54.523 OnDealQuery(0):
20260827 21:55:54.523 OnUserDefinsFuncResult(0):retc=00001|time=215553|emsg=查無資料 (0)|caltime=2026/08/27 21:55:53
WorkID=RA003
20260827 21:55:54.523 OnUserDefinsFuncResult(0):retc=00001|time=215553|emsg=查無資料 (0)|caltime=2026/08/27 21:55:53
WorkID=RA003
20260827 21:55:54.523 OnReportQuery(0):
20260827 21:55:54.523 OnUserDefinsFuncResult(0):retc=00001|time=215553|emsg=查無資料 (0)|caltime=2026/08/27 21:55:53
WorkID=RA003
20260827 21:55:54.523 OnDealQuery(0):
20260827 21:55:54.524 OnUserDefinsFuncResult(0):retc=00001|time=215553|emsg=查無資料 (0)|caltime=2026/08/27 21:55:53
WorkID=RA003
20260827 21:55:54.524 OnUserDefinsFuncResult(0):retc=00001|time=215553|emsg=查無資料 (0)|caltime=2026/08/27 21:55:53
WorkID=RA003
20260827 21:55:54.524 OnUserDefinsFuncResult(0):retc=00001|time=215553|emsg=查無資料 (0)|caltime=2026/08/27 21:55:53
WorkID=RA003
20260827 21:55:54.524 OnDealQuery(0):
20260827 21:55:54.524 OnReportQuery(0):
20260827 21:55:54.524 OnReportQuery(0):
20260827 21:55:54.524 OnDealQuery(0):
20260827 21:55:54.525 OnReportQuery(0):
20260827 21:55:54.525 OnDealQuery(0):
20260827 21:55:54.525 OnDealQuery(0):
20260827 21:55:54.525 OnReportQuery(0):
20260827 21:55:54.536 ReportQuery(F,F04,0129354,,0,*,1)
20260827 21:55:54.536 return: 100
20260827 21:55:54.536 DealQuery(F,F04,0129354,,*)
20260827 21:55:54.536 return: 100
20260827 21:55:54.536 UserDefinsFunc(Func=RA003|bhno=F04|acno=0129354|suba=|FC=N,RA003)
20260827 21:55:54.536 return: 100
20260827 21:55:54.536 ReportQuery(F,F04,0129354,,0,*,1)
20260827 21:55:54.541 return: 100
20260827 21:55:54.541 DealQuery(F,F04,0129354,,*)
20260827 21:55:54.541 return: 100
20260827 21:55:54.541 UserDefinsFunc(Func=RA003|bhno=F04|acno=0129354|suba=|FC=N,RA003)
20260827 21:55:54.541 return: 100
20260827 21:55:54.568 ReportQuery(F,F04,0129354,,0,*,1)
20260827 21:55:54.569 return: 100
20260827 21:55:54.569 DealQuery(F,F04,0129354,,*)
20260827 21:55:54.569 return: 100
20260827 21:55:54.569 UserDefinsFunc(Func=RA003|bhno=F04|acno=0129354|suba=|FC=N,RA003)
20260827 21:55:54.569 return: 100
20260827 21:55:54.569 ReportQuery(F,F04,0129354,,0,*,1)
20260827 21:55:54.569 return: 100
20260827 21:55:54.569 DealQuery(F,F04,0129354,,*)
20260827 21:55:54.569 return: 100
20260827 21:55:54.569 UserDefinsFunc(Func=RA003|bhno=F04|acno=0129354|suba=|FC=N,RA003)
20260827 21:55:54.569 return: 100
20260827 21:55:54.597 ReportQuery(F,F04,0129354,,0,*,1)
20260827 21:55:54.597 return: 100
20260827 21:55:54.599 DealQuery(F,F04,0129354,,*)
20260827 21:55:54.599 return: 100
20260827 21:55:54.599 UserDefinsFunc(Func=RA003|bhno=F04|acno=0129354|suba=|FC=N,RA003)
20260827 21:55:54.599 return: 100
20260827 21:55:54.599 ReportQuery(F,F04,0129354,,0,*,1)
20260827 21:55:54.599 return: 100
20260827 21:55:54.599 DealQuery(F,F04,0129354,,*)
20260827 21:55:54.599 return: 100
20260827 21:55:54.599 UserDefinsFunc(Func=RA003|bhno=F04|acno=0129354|suba=|FC=N,RA003)
20260827 21:55:54.599 return: 100
20260827 21:55:54.622 ReportQuery(F,F04,0129354,,0,*,1)
20260827 21:55:54.622 return: 100
20260827 21:55:54.622 DealQuery(F,F04,0129354,,*)
20260827 21:55:54.622 return: 100
20260827 21:55:54.622 UserDefinsFunc(Func=RA003|bhno=F04|acno=0129354|suba=|FC=N,RA003)
20260827 21:55:54.626 return: 100
20260827 21:55:54.626 ReportQuery(F,F04,0129354,,0,*,1)
20260827 21:55:54.626 return: 100
20260827 21:55:54.626 DealQuery(F,F04,0129354,,*)
20260827 21:55:54.626 return: 100
20260827 21:55:54.626 UserDefinsFunc(Func=RA003|bhno=F04|acno=0129354|suba=|FC=N,RA003)
20260827 21:55:54.626 return: 100
20260827 21:55:54.650 ReportQuery(F,F04,0129354,,0,*,1)
20260827 21:55:54.650 return: 100
20260827 21:55:54.650 DealQuery(F,F04,0129354,,*)
20260827 21:55:54.650 return: 100
20260827 21:55:54.650 UserDefinsFunc(Func=RA003|bhno=F04|acno=0129354|suba=|FC=N,RA003)
20260827 21:55:54.650 return: 100
20260827 21:55:54.650 ReportQuery(F,F04,0129354,,0,*,1)
20260827 21:55:54.650 return: 100
20260827 21:55:54.650 DealQuery(F,F04,0129354,,*)
20260827 21:55:54.650 return: 100
20260827 21:55:54.650 UserDefinsFunc(Func=RA003|bhno=F04|acno=0129354|suba=|FC=N,RA003)
20260827 21:55:54.650 return: 100
20260827 21:55:54.682 ReportQuery(F,F04,0129354,,0,*,1)
20260827 21:55:54.683 return: 100
20260827 21:55:54.683 DealQuery(F,F04,0129354,,*)
20260827 21:55:54.683 return: 100
20260827 21:55:54.683 UserDefinsFunc(Func=RA003|bhno=F04|acno=0129354|suba=|FC=N,RA003)
20260827 21:55:54.683 return: 100
20260827 21:55:54.683 ReportQuery(F,F04,0129354,,0,*,1)
20260827 21:55:54.683 return: 100
20260827 21:55:54.683 DealQuery(F,F04,0129354,,*)
20260827 21:55:54.684 return: 100
20260827 21:55:54.684 UserDefinsFunc(Func=RA003|bhno=F04|acno=0129354|suba=|FC=N,RA003)
20260827 21:55:54.684 return: 100
20260827 21:55:54.703 ReportQuery(F,F04,0129354,,0,*,1)
20260827 21:55:54.703 return: 100
20260827 21:55:54.703 DealQuery(F,F04,0129354,,*)
20260827 21:55:54.703 return: 100
20260827 21:55:54.703 UserDefinsFunc(Func=RA003|bhno=F04|acno=0129354|suba=|FC=N,RA003)
20260827 21:55:54.703 return: 100
20260827 21:55:54.703 ReportQuery(F,F04,0129354,,0,*,1)
20260827 21:55:54.703 return: 100
20260827 21:55:54.703 DealQuery(F,F04,0129354,,*)
20260827 21:55:54.703 return: 100
20260827 21:55:54.703 UserDefinsFunc(Func=RA003|bhno=F04|acno=0129354|suba=|FC=N,RA003)
20260827 21:55:54.703 return: 100
20260827 21:55:54.738 ReportQuery(F,F04,0129354,,0,*,1)
20260827 21:55:54.738 return: 100
20260827 21:55:54.739 DealQuery(F,F04,0129354,,*)
20260827 21:55:54.739 return: 100
20260827 21:55:54.739 UserDefinsFunc(Func=RA003|bhno=F04|acno=0129354|suba=|FC=N,RA003)
20260827 21:55:54.739 return: 100
20260827 21:55:54.739 ReportQuery(F,F04,0129354,,0,*,1)
20260827 21:55:54.739 return: 100
20260827 21:55:54.739 DealQuery(F,F04,0129354,,*)
20260827 21:55:54.739 return: 100
20260827 21:55:54.739 UserDefinsFunc(Func=RA003|bhno=F04|acno=0129354|suba=|FC=N,RA003)
20260827 21:55:54.739 return: 100
20260827 21:55:54.769 ReportQuery(F,F04,0129354,,0,*,1)
20260827 21:55:54.769 return: 100
20260827 21:55:54.769 DealQuery(F,F04,0129354,,*)
20260827 21:55:54.769 return: 100
20260827 21:55:54.769 UserDefinsFunc(Func=RA003|bhno=F04|acno=0129354|suba=|FC=N,RA003)
20260827 21:55:54.770 return: 100
20260827 21:55:54.770 ReportQuery(F,F04,0129354,,0,*,1)
20260827 21:55:54.770 return: 100
20260827 21:55:54.770 DealQuery(F,F04,0129354,,*)
20260827 21:55:54.770 return: 100
20260827 21:55:54.770 UserDefinsFunc(Func=RA003|bhno=F04|acno=0129354|suba=|FC=N,RA003)
20260827 21:55:54.770 return: 100
20260827 21:55:54.800 ReportQuery(F,F04,0129354,,0,*,1)
20260827 21:55:54.800 return: 100
20260827 21:55:54.800 DealQuery(F,F04,0129354,,*)
20260827 21:55:54.801 return: 100
20260827 21:55:54.801 UserDefinsFunc(Func=RA003|bhno=F04|acno=0129354|suba=|FC=N,RA003)
20260827 21:55:54.801 return: 100
20260827 21:55:54.802 ReportQuery(F,F04,0129354,,0,*,1)
20260827 21:55:54.802 return: 100
20260827 21:55:54.802 DealQuery(F,F04,0129354,,*)
20260827 21:55:54.802 return: 100
20260827 21:55:54.802 UserDefinsFunc(Func=RA003|bhno=F04|acno=0129354|suba=|FC=N,RA003)
20260827 21:55:54.802 return: 100
20260827 21:55:54.802 OnReportQuery(0):
20260827 21:55:54.802 OnUserDefinsFuncResult(0):retc=00001|time=215554|emsg=查無資料 (0)|caltime=2026/08/27 21:55:53
WorkID=RA003
20260827 21:55:54.802 OnReportQuery(0):
20260827 21:55:54.802 OnUserDefinsFuncResult(0):retc=00001|time=215554|emsg=查無資料 (0)|caltime=2026/08/27 21:55:53
WorkID=RA003
20260827 21:55:54.802 OnDealQuery(0):
20260827 21:55:54.802 OnDealQuery(0):
20260827 21:55:54.802 OnUserDefinsFuncResult(0):retc=00001|time=215554|emsg=查無資料 (0)|caltime=2026/08/27 21:55:53
WorkID=RA003
20260827 21:55:54.802 OnUserDefinsFuncResult(0):retc=00001|time=215554|emsg=查無資料 (0)|caltime=2026/08/27 21:55:53
WorkID=RA003
20260827 21:55:54.802 OnReportQuery(0):
20260827 21:55:54.802 OnUserDefinsFuncResult(0):retc=00001|time=215554|emsg=查無資料 (0)|caltime=2026/08/27 21:55:53
WorkID=RA003
20260827 21:55:54.802 OnUserDefinsFuncResult(0):retc=00001|time=215554|emsg=查無資料 (0)|caltime=2026/08/27 21:55:53
WorkID=RA003
20260827 21:55:54.802 OnDealQuery(0):
20260827 21:55:54.802 OnUserDefinsFuncResult(0):retc=00001|time=215554|emsg=查無資料 (0)|caltime=2026/08/27 21:55:53
WorkID=RA003
20260827 21:55:54.802 OnUserDefinsFuncResult(0):retc=00001|time=215554|emsg=查無資料 (0)|caltime=2026/08/27 21:55:53
WorkID=RA003
20260827 21:55:54.802 OnReportQuery(0):
20260827 21:55:54.802 OnDealQuery(0):
20260827 21:55:54.802 OnReportQuery(0):
20260827 21:55:54.802 OnReportQuery(0):
20260827 21:55:54.802 OnUserDefinsFuncResult(0):retc=00001|time=215554|emsg=查無資料 (0)|caltime=2026/08/27 21:55:53
WorkID=RA003
20260827 21:55:54.802 OnUserDefinsFuncResult(0):retc=00001|time=215554|emsg=查無資料 (0)|caltime=2026/08/27 21:55:53
WorkID=RA003
20260827 21:55:54.802 OnReportQuery(0):
20260827 21:55:54.802 OnDealQuery(0):
20260827 21:55:54.802 OnUserDefinsFuncResult(0):retc=00001|time=215554|emsg=查無資料 (0)|caltime=2026/08/27 21:55:53
WorkID=RA003
20260827 21:55:54.802 OnDealQuery(0):
20260827 21:55:54.802 OnDealQuery(0):
20260827 21:55:54.802 OnDealQuery(0):
20260827 21:55:54.802 OnUserDefinsFuncResult(0):retc=00001|time=215554|emsg=查無資料 (0)|caltime=2026/08/27 21:55:53
WorkID=RA003
20260827 21:55:54.802 OnReportQuery(0):
20260827 21:55:54.802 OnReportQuery(0):
20260827 21:55:54.802 OnDealQuery(0):
20260827 21:55:54.802 OnUserDefinsFuncResult(0):retc=00001|time=215554|emsg=查無資料 (0)|caltime=2026/08/27 21:55:53
WorkID=RA003
20260827 21:55:54.802 OnDealQuery(0):
20260827 21:55:54.802 OnReportQuery(0):
20260827 21:55:54.802 OnReportQuery(0):
20260827 21:55:54.802 OnDealQuery(0):
20260827 21:55:54.802 OnUserDefinsFuncResult(0):retc=00001|time=215554|emsg=查無資料 (0)|caltime=2026/08/27 21:55:53
WorkID=RA003
20260827 21:55:54.802 OnDealQuery(0):
20260827 21:55:54.807 OnReportQuery(0):
20260827 21:55:54.807 OnUserDefinsFuncResult(0):retc=00001|time=215554|emsg=查無資料 (0)|caltime=2026/08/27 21:55:53
WorkID=RA003
20260827 21:55:54.807 OnUserDefinsFuncResult(0):retc=00001|time=215554|emsg=查無資料 (0)|caltime=2026/08/27 21:55:53
WorkID=RA003
20260827 21:55:54.807 OnUserDefinsFuncResult(0):retc=00001|time=215554|emsg=查無資料 (0)|caltime=2026/08/27 21:55:53
WorkID=RA003
20260827 21:55:54.807 OnReportQuery(0):
20260827 21:55:54.807 OnReportQuery(0):
20260827 21:55:54.807 OnDealQuery(0):
20260827 21:55:54.807 OnUserDefinsFuncResult(0):retc=00001|time=215554|emsg=查無資料 (0)|caltime=2026/08/27 21:55:53
WorkID=RA003
20260827 21:55:54.807 OnUserDefinsFuncResult(0):retc=00001|time=215554|emsg=查無資料 (0)|caltime=2026/08/27 21:55:53
WorkID=RA003
20260827 21:55:54.807 OnUserDefinsFuncResult(0):retc=00001|time=215554|emsg=查無資料 (0)|caltime=2026/08/27 21:55:53
WorkID=RA003
20260827 21:55:54.808 OnUserDefinsFuncResult(0):retc=00001|time=215554|emsg=查無資料 (0)|caltime=2026/08/27 21:55:53
WorkID=RA003
20260827 21:55:54.808 OnUserDefinsFuncResult(0):retc=00001|time=215554|emsg=查無資料 (0)|caltime=2026/08/27 21:55:53
WorkID=RA003
20260827 21:55:54.808 OnUserDefinsFuncResult(0):retc=00001|time=215554|emsg=查無資料 (0)|caltime=2026/08/27 21:55:53
WorkID=RA003
20260827 21:55:54.808 OnUserDefinsFuncResult(0):retc=00001|time=215554|emsg=查無資料 (0)|caltime=2026/08/27 21:55:53
WorkID=RA003
20260827 21:55:54.808 OnUserDefinsFuncResult(0):retc=00001|time=215554|emsg=查無資料 (0)|caltime=2026/08/27 21:55:53
WorkID=RA003
20260827 21:55:54.808 OnUserDefinsFuncResult(0):retc=00001|time=215554|emsg=查無資料 (0)|caltime=2026/08/27 21:55:53
WorkID=RA003
20260827 21:55:54.808 OnUserDefinsFuncResult(0):retc=00001|time=215554|emsg=查無資料 (0)|caltime=2026/08/27 21:55:53
WorkID=RA003
20260827 21:55:54.821 OnDealQuery(0):
20260827 21:55:54.821 OnReportQuery(0):
20260827 21:55:54.821 OnDealQuery(0):
20260827 21:55:54.821 OnReportQuery(0):
20260827 21:55:54.821 OnDealQuery(0):
20260827 21:55:54.821 OnDealQuery(0):
20260827 21:55:54.821 OnReportQuery(0):
20260827 21:55:54.821 OnDealQuery(0):
20260827 21:55:54.821 OnDealQuery(0):
20260827 21:55:54.821 OnReportQuery(0):
20260827 21:55:54.821 OnReportQuery(0):
20260827 21:55:54.821 OnDealQuery(0):
20260827 21:55:54.821 OnReportQuery(0):
20260827 21:55:54.821 OnReportQuery(0):
20260827 21:55:54.821 OnReportQuery(0):
20260827 21:55:54.821 OnDealQuery(0):
20260827 21:55:54.821 OnReportQuery(0):
20260827 21:55:54.821 OnDealQuery(0):
20260827 21:55:54.821 OnReportQuery(0):
20260827 21:55:54.821 OnReportQuery(0):
20260827 21:55:54.821 OnUserDefinsFuncResult(0):retc=00001|time=215554|emsg=查無資料 (0)|caltime=2026/08/27 21:55:54
WorkID=RA003
20260827 21:55:54.821 OnDealQuery(0):
20260827 21:55:54.821 OnUserDefinsFuncResult(0):retc=00001|time=215554|emsg=查無資料 (0)|caltime=2026/08/27 21:55:54
WorkID=RA003
20260827 21:55:54.821 OnDealQuery(0):
20260827 21:55:54.821 OnReportQuery(0):
20260827 21:55:54.821 OnDealQuery(0):
20260827 21:55:54.821 OnUserDefinsFuncResult(0):retc=00001|time=215554|emsg=查無資料 (0)|caltime=2026/08/27 21:55:54
WorkID=RA003
20260827 21:55:54.821 OnUserDefinsFuncResult(0):retc=00001|time=215554|emsg=查無資料 (0)|caltime=2026/08/27 21:55:54
WorkID=RA003
20260827 21:55:54.821 OnDealQuery(0):
20260827 21:55:54.826 OnReportQuery(0):
20260827 21:55:54.826 OnDealQuery(0):
20260827 21:55:54.826 OnReportQuery(0):
20260827 21:55:54.826 OnDealQuery(0):
20260827 21:55:54.827 OnDealQuery(0):
20260827 21:55:54.827 OnReportQuery(0):
20260827 21:55:54.827 OnDealQuery(0):
20260827 21:55:54.827 OnReportQuery(0):
20260827 21:55:54.827 OnUserDefinsFuncResult(0):retc=00001|time=215554|emsg=查無資料 (0)|caltime=2026/08/27 21:55:54
WorkID=RA003
20260827 21:55:54.827 OnReportQuery(0):
20260827 21:55:54.827 OnUserDefinsFuncResult(0):retc=00001|time=215554|emsg=查無資料 (0)|caltime=2026/08/27 21:55:54
WorkID=RA003
20260827 21:55:54.827 OnUserDefinsFuncResult(0):retc=00001|time=215554|emsg=查無資料 (0)|caltime=2026/08/27 21:55:54
WorkID=RA003
20260827 21:55:54.827 OnDealQuery(0):
20260827 21:55:54.827 OnUserDefinsFuncResult(0):retc=00001|time=215554|emsg=查無資料 (0)|caltime=2026/08/27 21:55:54
WorkID=RA003
20260827 21:55:54.828 OnDealQuery(0):
20260827 21:55:54.828 OnReportQuery(0):
20260827 21:55:54.828 OnUserDefinsFuncResult(0):retc=00001|time=215554|emsg=查無資料 (0)|caltime=2026/08/27 21:55:54
WorkID=RA003
20260827 21:55:54.829 ReportQuery(F,F04,0129354,,0,*,1)
20260827 21:55:54.830 return: 100
20260827 21:55:54.830 DealQuery(F,F04,0129354,,*)
20260827 21:55:54.830 return: 100
20260827 21:55:54.830 UserDefinsFunc(Func=RA003|bhno=F04|acno=0129354|suba=|FC=N,RA003)
20260827 21:55:54.830 return: 100
20260827 21:55:54.830 ReportQuery(F,F04,0129354,,0,*,1)
20260827 21:55:54.830 return: 100
20260827 21:55:54.830 DealQuery(F,F04,0129354,,*)
20260827 21:55:54.830 return: 100
20260827 21:55:54.830 UserDefinsFunc(Func=RA003|bhno=F04|acno=0129354|suba=|FC=N,RA003)
20260827 21:55:54.830 return: 100
20260827 21:55:54.853 OnUserDefinsFuncResult(0):retc=00001|time=215554|emsg=查無資料 (0)|caltime=2026/08/27 21:55:54
WorkID=RA003
20260827 21:55:54.853 OnDealQuery(0):
20260827 21:55:54.853 OnReportQuery(0):
20260827 21:55:54.857 OnUserDefinsFuncResult(0):retc=00001|time=215554|emsg=查無資料 (0)|caltime=2026/08/27 21:55:54
WorkID=RA003
20260827 21:55:54.857 OnReportQuery(0):
20260827 21:55:54.857 OnReportQuery(0):
20260827 21:55:54.857 OnDealQuery(0):
20260827 21:55:54.857 OnDealQuery(0):
20260827 21:55:54.857 OnDealQuery(0):
20260827 21:55:54.857 OnReportQuery(0):
20260827 21:55:54.857 OnReportQuery(0):
20260827 21:55:54.857 OnDealQuery(0):
20260827 21:55:54.857 OnReportQuery(0):
20260827 21:55:54.857 OnDealQuery(0):
20260827 21:55:54.857 OnDealQuery(0):
20260827 21:55:54.858 OnReportQuery(0):
20260827 21:55:54.858 OnUserDefinsFuncResult(0):retc=00001|time=215554|emsg=查無資料 (0)|caltime=2026/08/27 21:55:54
WorkID=RA003
20260827 21:55:54.858 OnReportQuery(0):
20260827 21:55:54.858 OnUserDefinsFuncResult(0):retc=00001|time=215554|emsg=查無資料 (0)|caltime=2026/08/27 21:55:54
WorkID=RA003
20260827 21:55:54.858 OnUserDefinsFuncResult(0):retc=00001|time=215554|emsg=查無資料 (0)|caltime=2026/08/27 21:55:54
WorkID=RA003
20260827 21:55:54.858 OnDealQuery(0):
20260827 21:55:54.858 OnUserDefinsFuncResult(0):retc=00001|time=215554|emsg=查無資料 (0)|caltime=2026/08/27 21:55:54
WorkID=RA003
20260827 21:55:54.858 OnReportQuery(0):
20260827 21:55:54.858 OnUserDefinsFuncResult(0):retc=00001|time=215554|emsg=查無資料 (0)|caltime=2026/08/27 21:55:54
WorkID=RA003
20260827 21:55:54.858 OnDealQuery(0):
20260827 21:55:54.858 OnReportQuery(0):
20260827 21:55:54.858 OnUserDefinsFuncResult(0):retc=00001|time=215554|emsg=查無資料 (0)|caltime=2026/08/27 21:55:54
WorkID=RA003
20260827 21:55:54.858 OnUserDefinsFuncResult(0):retc=00001|time=215554|emsg=查無資料 (0)|caltime=2026/08/27 21:55:54
WorkID=RA003
20260827 21:55:54.858 OnUserDefinsFuncResult(0):retc=00001|time=215554|emsg=查無資料 (0)|caltime=2026/08/27 21:55:54
WorkID=RA003
20260827 21:55:54.858 OnUserDefinsFuncResult(0):retc=00001|time=215554|emsg=查無資料 (0)|caltime=2026/08/27 21:55:54
WorkID=RA003
20260827 21:55:54.860 OnDealQuery(0):
20260827 21:55:54.860 OnReportQuery(0):
20260827 21:55:54.860 OnReportQuery(0):
20260827 21:55:54.860 OnUserDefinsFuncResult(0):retc=00001|time=215554|emsg=查無資料 (0)|caltime=2026/08/27 21:55:54
WorkID=RA003
20260827 21:55:54.860 OnDealQuery(0):
20260827 21:55:54.860 OnDealQuery(0):
20260827 21:55:54.860 OnUserDefinsFuncResult(0):retc=00001|time=215554|emsg=查無資料 (0)|caltime=2026/08/27 21:55:54
WorkID=RA003
20260827 21:55:54.860 OnUserDefinsFuncResult(0):retc=00001|time=215554|emsg=查無資料 (0)|caltime=2026/08/27 21:55:54
WorkID=RA003
20260827 21:55:54.860 OnUserDefinsFuncResult(0):retc=00001|time=215554|emsg=查無資料 (0)|caltime=2026/08/27 21:55:54
WorkID=RA003
20260827 21:55:54.860 OnDealQuery(0):
20260827 21:55:54.860 OnUserDefinsFuncResult(0):retc=00001|time=215554|emsg=查無資料 (0)|caltime=2026/08/27 21:55:54
WorkID=RA003
20260827 21:55:54.860 OnReportQuery(0):
20260827 21:55:54.860 OnReportQuery(0):
20260827 21:55:54.860 OnDealQuery(0):
20260827 21:55:54.860 OnReportQuery(0):
20260827 21:55:54.860 OnUserDefinsFuncResult(0):retc=00001|time=215554|emsg=查無資料 (0)|caltime=2026/08/27 21:55:54
WorkID=RA003
20260827 21:55:54.861 OnUserDefinsFuncResult(0):retc=00001|time=215554|emsg=查無資料 (0)|caltime=2026/08/27 21:55:54
WorkID=RA003
20260827 21:55:54.861 OnUserDefinsFuncResult(0):retc=00001|time=215554|emsg=查無資料 (0)|caltime=2026/08/27 21:55:54
WorkID=RA003
20260827 21:55:54.861 OnUserDefinsFuncResult(0):retc=00001|time=215554|emsg=查無資料 (0)|caltime=2026/08/27 21:55:54
WorkID=RA003
20260827 21:55:54.861 OnUserDefinsFuncResult(0):retc=00001|time=215554|emsg=查無資料 (0)|caltime=2026/08/27 21:55:54
WorkID=RA003
20260827 21:55:54.861 OnDealQuery(0):
20260827 21:55:54.861 OnUserDefinsFuncResult(0):retc=00001|time=215554|emsg=查無資料 (0)|caltime=2026/08/27 21:55:54
WorkID=RA003
20260827 21:55:54.861 OnUserDefinsFuncResult(0):retc=00001|time=215554|emsg=查無資料 (0)|caltime=2026/08/27 21:55:54
WorkID=RA003
20260827 21:55:54.863 OnReportQuery(0):
20260827 21:55:54.863 OnDealQuery(0):
20260827 21:55:54.864 ReportQuery(F,F04,0129354,,0,*,1)
20260827 21:55:54.864 OnDealQuery(0):
20260827 21:55:54.867 OnReportQuery(0):
20260827 21:55:54.870 OnReportQuery(0):
20260827 21:55:54.870 OnDealQuery(0):
20260827 21:55:54.870 OnDealQuery(0):
20260827 21:55:54.870 OnReportQuery(0):
20260827 21:55:54.870 OnReportQuery(0):
20260827 21:55:54.871 OnDealQuery(0):
20260827 21:55:54.872 OnUserDefinsFuncResult(0):retc=00001|time=215554|emsg=查無資料 (0)|caltime=2026/08/27 21:55:54
WorkID=RA003
20260827 21:55:54.872 OnReportQuery(0):
20260827 21:55:54.872 OnDealQuery(0):
20260827 21:55:54.872 OnUserDefinsFuncResult(0):retc=00001|time=215554|emsg=查無資料 (0)|caltime=2026/08/27 21:55:54
WorkID=RA003
20260827 21:55:54.872 OnUserDefinsFuncResult(0):retc=00001|time=215554|emsg=查無資料 (0)|caltime=2026/08/27 21:55:54
WorkID=RA003
20260827 21:55:54.874 OnUserDefinsFuncResult(0):retc=00001|time=215554|emsg=查無資料 (0)|caltime=2026/08/27 21:55:54
WorkID=RA003
20260827 21:55:54.874 OnUserDefinsFuncResult(0):retc=00001|time=215554|emsg=查無資料 (0)|caltime=2026/08/27 21:55:54
WorkID=RA003
20260827 21:55:54.874 OnUserDefinsFuncResult(0):retc=00001|time=215554|emsg=查無資料 (0)|caltime=2026/08/27 21:55:54
WorkID=RA003
20260827 21:55:54.876 OnDealQuery(0):
20260827 21:55:54.876 OnReportQuery(0):
20260827 21:55:54.876 OnReportQuery(0):
20260827 21:55:54.876 return: 100
20260827 21:55:54.876 OnDealQuery(0):
20260827 21:55:54.876 DealQuery(F,F04,0129354,,*)
20260827 21:55:54.876 OnReportQuery(0):
20260827 21:55:54.876 OnUserDefinsFuncResult(0):retc=00001|time=215554|emsg=查無資料 (0)|caltime=2026/08/27 21:55:54
WorkID=RA003
20260827 21:55:54.876 OnDealQuery(0):
20260827 21:55:54.876 OnReportQuery(0):
20260827 21:55:54.876 OnDealQuery(0):
20260827 21:55:54.876 OnDealQuery(0):
20260827 21:55:54.876 OnReportQuery(0):
20260827 21:55:54.876 OnUserDefinsFuncResult(0):retc=00001|time=215554|emsg=查無資料 (0)|caltime=2026/08/27 21:55:54
WorkID=RA003
20260827 21:55:54.876 OnUserDefinsFuncResult(0):retc=00001|time=215554|emsg=查無資料 (0)|caltime=2026/08/27 21:55:54
WorkID=RA003
20260827 21:55:54.876 OnUserDefinsFuncResult(0):retc=00001|time=215554|emsg=查無資料 (0)|caltime=2026/08/27 21:55:54
WorkID=RA003
20260827 21:55:54.884 OnReportQuery(0):
20260827 21:55:54.884 OnDealQuery(0):
20260827 21:55:54.884 OnReportQuery(0):
20260827 21:55:54.884 OnDealQuery(0):
20260827 21:55:54.884 OnUserDefinsFuncResult(0):retc=00001|time=215554|emsg=查無資料 (0)|caltime=2026/08/27 21:55:54
WorkID=RA003
20260827 21:55:54.884 OnUserDefinsFuncResult(0):retc=00001|time=215554|emsg=查無資料 (0)|caltime=2026/08/27 21:55:54
WorkID=RA003
20260827 21:55:54.884 OnUserDefinsFuncResult(0):retc=00001|time=215554|emsg=查無資料 (0)|caltime=2026/08/27 21:55:54
WorkID=RA003
20260827 21:55:54.884 OnReportQuery(0):
20260827 21:55:54.884 OnDealQuery(0):
20260827 21:55:54.884 OnUserDefinsFuncResult(0):retc=00001|time=215554|emsg=查無資料 (0)|caltime=2026/08/27 21:55:54
WorkID=RA003
20260827 21:55:54.884 OnUserDefinsFuncResult(0):retc=00001|time=215554|emsg=查無資料 (0)|caltime=2026/08/27 21:55:54
WorkID=RA003
20260827 21:55:54.889 OnReportQuery(0):
20260827 21:55:54.889 OnDealQuery(0):
20260827 21:55:54.889 return: 100
20260827 21:55:54.889 UserDefinsFunc(Func=RA003|bhno=F04|acno=0129354|suba=|FC=N,RA003)
20260827 21:55:54.889 OnDealQuery(0):
20260827 21:55:54.889 OnReportQuery(0):
20260827 21:55:54.889 OnDealQuery(0):
20260827 21:55:54.889 OnReportQuery(0):
20260827 21:55:54.889 OnDealQuery(0):
20260827 21:55:54.889 OnReportQuery(0):
20260827 21:55:54.889 OnReportQuery(0):
20260827 21:55:54.889 OnUserDefinsFuncResult(0):retc=00001|time=215554|emsg=查無資料 (0)|caltime=2026/08/27 21:55:54
WorkID=RA003
20260827 21:55:54.895 OnDealQuery(0):
20260827 21:55:54.896 OnReportQuery(0):
20260827 21:55:54.896 OnDealQuery(0):
20260827 21:55:54.896 OnReportQuery(0):
20260827 21:55:54.896 OnUserDefinsFuncResult(0):retc=00001|time=215554|emsg=查無資料 (0)|caltime=2026/08/27 21:55:54
WorkID=RA003
20260827 21:55:54.896 OnUserDefinsFuncResult(0):retc=00001|time=215554|emsg=查無資料 (0)|caltime=2026/08/27 21:55:54
WorkID=RA003
20260827 21:55:54.896 OnReportQuery(0):
20260827 21:55:54.896 OnUserDefinsFuncResult(0):retc=00001|time=215554|emsg=查無資料 (0)|caltime=2026/08/27 21:55:54
WorkID=RA003
20260827 21:55:54.896 OnUserDefinsFuncResult(0):retc=00001|time=215554|emsg=查無資料 (0)|caltime=2026/08/27 21:55:54
WorkID=RA003
20260827 21:55:54.896 OnDealQuery(0):
20260827 21:55:54.896 OnReportQuery(0):
20260827 21:55:54.896 OnDealQuery(0):
20260827 21:55:54.896 OnReportQuery(0):
20260827 21:55:54.906 OnDealQuery(0):
20260827 21:55:54.906 OnDealQuery(0):
20260827 21:55:54.906 OnDealQuery(0):
20260827 21:55:54.906 OnReportQuery(0):
20260827 21:55:54.907 OnUserDefinsFuncResult(0):retc=00001|time=215554|emsg=查無資料 (0)|caltime=2026/08/27 21:55:54
WorkID=RA003
20260827 21:55:54.907 OnUserDefinsFuncResult(0):retc=00001|time=215554|emsg=查無資料 (0)|caltime=2026/08/27 21:55:54
WorkID=RA003
20260827 21:55:54.907 OnUserDefinsFuncResult(0):retc=00001|time=215554|emsg=查無資料 (0)|caltime=2026/08/27 21:55:54
WorkID=RA003
20260827 21:55:54.907 OnUserDefinsFuncResult(0):retc=00001|time=215554|emsg=查無資料 (0)|caltime=2026/08/27 21:55:54
WorkID=RA003
20260827 21:55:54.907 OnUserDefinsFuncResult(0):retc=00001|time=215554|emsg=查無資料 (0)|caltime=2026/08/27 21:55:54
WorkID=RA003
20260827 21:55:54.907 OnUserDefinsFuncResult(0):retc=00001|time=215554|emsg=查無資料 (0)|caltime=2026/08/27 21:55:54
WorkID=RA003
20260827 21:55:54.907 OnUserDefinsFuncResult(0):retc=00001|time=215554|emsg=查無資料 (0)|caltime=2026/08/27 21:55:54
WorkID=RA003
20260827 21:55:54.918 OnReportQuery(0):
20260827 21:55:54.918 OnDealQuery(0):
20260827 21:55:54.918 OnReportQuery(0):
20260827 21:55:54.918 OnReportQuery(0):
20260827 21:55:54.918 OnDealQuery(0):
20260827 21:55:54.918 OnReportQuery(0):
20260827 21:55:54.918 OnReportQuery(0):
20260827 21:55:54.918 OnReportQuery(0):
20260827 21:55:54.918 OnDealQuery(0):
20260827 21:55:54.918 OnDealQuery(0):
20260827 21:55:54.919 OnDealQuery(0):
20260827 21:55:54.919 OnReportQuery(0):
20260827 21:55:54.919 OnDealQuery(0):
20260827 21:55:54.919 OnDealQuery(0):
20260827 21:55:54.919 OnReportQuery(0):
20260827 21:55:54.919 OnReportQuery(0):
20260827 21:55:54.919 OnReportQuery(0):
20260827 21:55:54.919 OnDealQuery(0):
20260827 21:55:54.919 OnDealQuery(0):
20260827 21:55:54.919 OnDealQuery(0):
20260827 21:55:54.919 OnDealQuery(0):
20260827 21:55:54.919 OnDealQuery(0):
20260827 21:55:54.919 OnReportQuery(0):
20260827 21:55:54.919 OnReportQuery(0):
20260827 21:55:54.919 OnReportQuery(0):
20260827 21:55:54.919 OnUserDefinsFuncResult(0):retc=00001|time=215554|emsg=查無資料 (0)|caltime=2026/08/27 21:55:54
WorkID=RA003
20260827 21:55:54.919 OnUserDefinsFuncResult(0):retc=00001|time=215554|emsg=查無資料 (0)|caltime=2026/08/27 21:55:54
WorkID=RA003
20260827 21:55:54.919 OnDealQuery(0):
20260827 21:55:54.919 OnReportQuery(0):
20260827 21:55:54.919 OnReportQuery(0):
20260827 21:55:54.919 OnDealQuery(0):
20260827 21:55:54.919 OnUserDefinsFuncResult(0):retc=00001|time=215554|emsg=查無資料 (0)|caltime=2026/08/27 21:55:54
WorkID=RA003
20260827 21:55:54.920 OnDealQuery(0):
20260827 21:55:54.920 OnUserDefinsFuncResult(0):retc=00001|time=215554|emsg=查無資料 (0)|caltime=2026/08/27 21:55:54
WorkID=RA003
20260827 21:55:54.920 OnReportQuery(0):
20260827 21:55:54.920 OnDealQuery(0):
20260827 21:55:54.920 OnUserDefinsFuncResult(0):retc=00001|time=215554|emsg=查無資料 (0)|caltime=2026/08/27 21:55:54
WorkID=RA003
20260827 21:55:54.920 OnUserDefinsFuncResult(0):retc=00001|time=215554|emsg=查無資料 (0)|caltime=2026/08/27 21:55:54
WorkID=RA003
20260827 21:55:54.920 OnUserDefinsFuncResult(0):retc=00001|time=215554|emsg=查無資料 (0)|caltime=2026/08/27 21:55:54
WorkID=RA003
20260827 21:55:54.920 OnUserDefinsFuncResult(0):retc=00001|time=215554|emsg=查無資料 (0)|caltime=2026/08/27 21:55:54
WorkID=RA003
20260827 21:55:54.920 OnUserDefinsFuncResult(0):retc=00001|time=215554|emsg=查無資料 (0)|caltime=2026/08/27 21:55:54
WorkID=RA003
20260827 21:55:54.920 OnUserDefinsFuncResult(0):retc=00001|time=215554|emsg=查無資料 (0)|caltime=2026/08/27 21:55:54
WorkID=RA003
20260827 21:55:54.920 OnUserDefinsFuncResult(0):retc=00001|time=215554|emsg=查無資料 (0)|caltime=2026/08/27 21:55:54
WorkID=RA003
20260827 21:55:54.920 OnUserDefinsFuncResult(0):retc=00001|time=215554|emsg=查無資料 (0)|caltime=2026/08/27 21:55:54
WorkID=RA003
20260827 21:55:54.920 OnUserDefinsFuncResult(0):retc=00001|time=215554|emsg=查無資料 (0)|caltime=2026/08/27 21:55:54
WorkID=RA003
20260827 21:55:54.920 OnUserDefinsFuncResult(0):retc=00001|time=215554|emsg=查無資料 (0)|caltime=2026/08/27 21:55:54
WorkID=RA003
20260827 21:55:54.920 OnUserDefinsFuncResult(0):retc=00001|time=215554|emsg=查無資料 (0)|caltime=2026/08/27 21:55:54
WorkID=RA003
20260827 21:55:54.930 OnDealQuery(0):
20260827 21:55:54.930 return: 100
20260827 21:55:54.930 OnReportQuery(0):
20260827 21:55:54.930 ReportQuery(F,F04,0129354,,0,*,1)
20260827 21:55:54.930 OnReportQuery(0):
20260827 21:55:54.930 return: 100
20260827 21:55:54.930 OnDealQuery(0):
20260827 21:55:54.931 DealQuery(F,F04,0129354,,*)
20260827 21:55:54.931 OnReportQuery(0):
20260827 21:55:54.931 return: 100
20260827 21:55:54.931 OnReportQuery(0):
20260827 21:55:54.931 UserDefinsFunc(Func=RA003|bhno=F04|acno=0129354|suba=|FC=N,RA003)
20260827 21:55:54.931 OnDealQuery(0):
20260827 21:55:54.931 return: 100
20260827 21:55:54.931 OnDealQuery(0):
20260827 21:55:54.931 OnDealQuery(0):
20260827 21:55:54.931 OnDealQuery(0):
20260827 21:55:54.931 OnReportQuery(0):
20260827 21:55:54.931 OnReportQuery(0):
20260827 21:55:54.931 OnReportQuery(0):
20260827 21:55:54.931 OnReportQuery(0):
20260827 21:55:54.932 OnDealQuery(0):
20260827 21:55:54.932 OnDealQuery(0):
20260827 21:55:54.932 OnReportQuery(0):
20260827 21:55:54.932 OnUserDefinsFuncResult(0):retc=00001|time=215554|emsg=查無資料 (0)|caltime=2026/08/27 21:55:54
WorkID=RA003
20260827 21:55:54.932 OnDealQuery(0):
20260827 21:55:54.932 OnUserDefinsFuncResult(0):retc=00001|time=215554|emsg=查無資料 (0)|caltime=2026/08/27 21:55:54
WorkID=RA003
20260827 21:55:54.932 OnDealQuery(0):
20260827 21:55:54.932 OnDealQuery(0):
20260827 21:55:54.932 OnReportQuery(0):
20260827 21:55:54.932 OnReportQuery(0):
20260827 21:55:54.932 OnReportQuery(0):
20260827 21:55:54.932 OnDealQuery(0):
20260827 21:55:54.932 OnReportQuery(0):
20260827 21:55:54.932 OnUserDefinsFuncResult(0):retc=00001|time=215554|emsg=查無資料 (0)|caltime=2026/08/27 21:55:54
WorkID=RA003
20260827 21:55:54.932 OnDealQuery(0):
20260827 21:55:54.932 OnReportQuery(0):
20260827 21:55:54.932 OnDealQuery(0):
20260827 21:55:54.932 OnReportQuery(0):
20260827 21:55:54.960 ReportQuery(F,F04,0129354,,0,*,1)
20260827 21:55:54.960 return: 100
20260827 21:55:54.961 DealQuery(F,F04,0129354,,*)
20260827 21:55:54.961 return: 100
20260827 21:55:54.961 UserDefinsFunc(Func=RA003|bhno=F04|acno=0129354|suba=|FC=N,RA003)
20260827 21:55:54.961 return: 100
20260827 21:55:54.961 ReportQuery(F,F04,0129354,,0,*,1)
20260827 21:55:54.961 return: 100
20260827 21:55:54.961 DealQuery(F,F04,0129354,,*)
20260827 21:55:54.961 return: 100
20260827 21:55:54.961 UserDefinsFunc(Func=RA003|bhno=F04|acno=0129354|suba=|FC=N,RA003)
20260827 21:55:54.961 return: 100
20260827 21:55:54.988 ReportQuery(F,F04,0129354,,0,*,1)
20260827 21:55:54.989 return: 100
20260827 21:55:54.989 DealQuery(F,F04,0129354,,*)
20260827 21:55:54.989 return: 100
20260827 21:55:54.989 UserDefinsFunc(Func=RA003|bhno=F04|acno=0129354|suba=|FC=N,RA003)
20260827 21:55:54.989 return: 100
20260827 21:55:54.989 ReportQuery(F,F04,0129354,,0,*,1)
20260827 21:55:54.989 return: 100
20260827 21:55:54.989 DealQuery(F,F04,0129354,,*)
20260827 21:55:54.989 return: 100
20260827 21:55:54.990 UserDefinsFunc(Func=RA003|bhno=F04|acno=0129354|suba=|FC=N,RA003)
20260827 21:55:54.990 return: 100
20260827 21:55:55.020 ReportQuery(F,F04,0129354,,0,*,1)
20260827 21:55:55.020 return: 100
20260827 21:55:55.020 DealQuery(F,F04,0129354,,*)
20260827 21:55:55.021 return: 100
20260827 21:55:55.021 UserDefinsFunc(Func=RA003|bhno=F04|acno=0129354|suba=|FC=N,RA003)
20260827 21:55:55.021 return: 100
20260827 21:55:55.021 ReportQuery(F,F04,0129354,,0,*,1)
20260827 21:55:55.021 return: 100
20260827 21:55:55.021 DealQuery(F,F04,0129354,,*)
20260827 21:55:55.022 return: 100
20260827 21:55:55.022 UserDefinsFunc(Func=RA003|bhno=F04|acno=0129354|suba=|FC=N,RA003)
20260827 21:55:55.022 return: 100
20260827 21:55:55.052 ReportQuery(F,F04,0129354,,0,*,1)
20260827 21:55:55.052 return: 100
20260827 21:55:55.052 DealQuery(F,F04,0129354,,*)
20260827 21:55:55.052 return: 100
20260827 21:55:55.052 UserDefinsFunc(Func=RA003|bhno=F04|acno=0129354|suba=|FC=N,RA003)
20260827 21:55:55.052 return: 100
20260827 21:55:55.053 ReportQuery(F,F04,0129354,,0,*,1)
20260827 21:55:55.053 return: 100
20260827 21:55:55.053 DealQuery(F,F04,0129354,,*)
20260827 21:55:55.053 return: 100
20260827 21:55:55.053 UserDefinsFunc(Func=RA003|bhno=F04|acno=0129354|suba=|FC=N,RA003)
20260827 21:55:55.053 return: 100
20260827 21:55:55.081 ReportQuery(F,F04,0129354,,0,*,1)
20260827 21:55:55.081 return: 100
20260827 21:55:55.081 DealQuery(F,F04,0129354,,*)
20260827 21:55:55.081 return: 100
20260827 21:55:55.082 UserDefinsFunc(Func=RA003|bhno=F04|acno=0129354|suba=|FC=N,RA003)
20260827 21:55:55.082 return: 100
20260827 21:55:55.082 ReportQuery(F,F04,0129354,,0,*,1)
20260827 21:55:55.082 return: 100
20260827 21:55:55.082 DealQuery(F,F04,0129354,,*)
20260827 21:55:55.082 return: 100
20260827 21:55:55.082 UserDefinsFunc(Func=RA003|bhno=F04|acno=0129354|suba=|FC=N,RA003)
20260827 21:55:55.082 return: 100
20260827 21:55:55.110 ReportQuery(F,F04,0129354,,0,*,1)
20260827 21:55:55.110 return: 100
20260827 21:55:55.110 DealQuery(F,F04,0129354,,*)
20260827 21:55:55.110 return: 100
20260827 21:55:55.110 UserDefinsFunc(Func=RA003|bhno=F04|acno=0129354|suba=|FC=N,RA003)
20260827 21:55:55.111 return: 100
20260827 21:55:55.111 ReportQuery(F,F04,0129354,,0,*,1)
20260827 21:55:55.111 return: 100
20260827 21:55:55.112 DealQuery(F,F04,0129354,,*)
20260827 21:55:55.112 return: 100
20260827 21:55:55.112 UserDefinsFunc(Func=RA003|bhno=F04|acno=0129354|suba=|FC=N,RA003)
20260827 21:55:55.112 return: 100
20260827 21:55:55.135 ReportQuery(F,F04,0129354,,0,*,1)
20260827 21:55:55.135 return: 100
20260827 21:55:55.135 DealQuery(F,F04,0129354,,*)
20260827 21:55:55.135 return: 100
20260827 21:55:55.135 UserDefinsFunc(Func=RA003|bhno=F04|acno=0129354|suba=|FC=N,RA003)
20260827 21:55:55.135 return: 100
20260827 21:55:55.141 ReportQuery(F,F04,0129354,,0,*,1)
20260827 21:55:55.141 return: 100
20260827 21:55:55.141 DealQuery(F,F04,0129354,,*)
20260827 21:55:55.141 return: 100
20260827 21:55:55.142 UserDefinsFunc(Func=RA003|bhno=F04|acno=0129354|suba=|FC=N,RA003)
20260827 21:55:55.142 return: 100
20260827 21:55:55.162 ReportQuery(F,F04,0129354,,0,*,1)
20260827 21:55:55.162 return: 100
20260827 21:55:55.162 DealQuery(F,F04,0129354,,*)
20260827 21:55:55.162 return: 100
20260827 21:55:55.162 UserDefinsFunc(Func=RA003|bhno=F04|acno=0129354|suba=|FC=N,RA003)
20260827 21:55:55.162 return: 100
20260827 21:55:55.162 ReportQuery(F,F04,0129354,,0,*,1)
20260827 21:55:55.162 return: 100
20260827 21:55:55.162 DealQuery(F,F04,0129354,,*)
20260827 21:55:55.162 return: 100
20260827 21:55:55.162 UserDefinsFunc(Func=RA003|bhno=F04|acno=0129354|suba=|FC=N,RA003)
20260827 21:55:55.162 return: 100
20260827 21:55:55.198 ReportQuery(F,F04,0129354,,0,*,1)
20260827 21:55:55.198 return: 100
20260827 21:55:55.198 DealQuery(F,F04,0129354,,*)
20260827 21:55:55.198 return: 100
20260827 21:55:55.198 UserDefinsFunc(Func=RA003|bhno=F04|acno=0129354|suba=|FC=N,RA003)
20260827 21:55:55.198 return: 100
20260827 21:55:55.198 ReportQuery(F,F04,0129354,,0,*,1)
20260827 21:55:55.199 return: 100
20260827 21:55:55.199 DealQuery(F,F04,0129354,,*)
20260827 21:55:55.199 return: 100
20260827 21:55:55.199 UserDefinsFunc(Func=RA003|bhno=F04|acno=0129354|suba=|FC=N,RA003)
20260827 21:55:55.199 return: 100
20260827 21:55:55.230 ReportQuery(F,F04,0129354,,0,*,1)
20260827 21:55:55.230 return: 100
20260827 21:55:55.230 DealQuery(F,F04,0129354,,*)
20260827 21:55:55.230 return: 100
20260827 21:55:55.230 UserDefinsFunc(Func=RA003|bhno=F04|acno=0129354|suba=|FC=N,RA003)
20260827 21:55:55.230 return: 100
20260827 21:55:55.232 ReportQuery(F,F04,0129354,,0,*,1)
20260827 21:55:55.232 return: 100
20260827 21:55:55.232 DealQuery(F,F04,0129354,,*)
20260827 21:55:55.232 return: 100
20260827 21:55:55.232 UserDefinsFunc(Func=RA003|bhno=F04|acno=0129354|suba=|FC=N,RA003)
20260827 21:55:55.232 return: 100
20260827 21:55:55.265 ReportQuery(F,F04,0129354,,0,*,1)
20260827 21:55:55.265 return: 100
20260827 21:55:55.265 DealQuery(F,F04,0129354,,*)
20260827 21:55:55.266 return: 100
20260827 21:55:55.266 UserDefinsFunc(Func=RA003|bhno=F04|acno=0129354|suba=|FC=N,RA003)
20260827 21:55:55.266 return: 100
20260827 21:55:55.266 ReportQuery(F,F04,0129354,,0,*,1)
20260827 21:55:55.266 return: 100
20260827 21:55:55.266 DealQuery(F,F04,0129354,,*)
20260827 21:55:55.266 return: 100
20260827 21:55:55.266 UserDefinsFunc(Func=RA003|bhno=F04|acno=0129354|suba=|FC=N,RA003)
20260827 21:55:55.266 return: 100
20260827 21:55:55.287 ReportQuery(F,F04,0129354,,0,*,1)
20260827 21:55:55.287 return: 100
20260827 21:55:55.287 DealQuery(F,F04,0129354,,*)
20260827 21:55:55.287 return: 100
20260827 21:55:55.287 UserDefinsFunc(Func=RA003|bhno=F04|acno=0129354|suba=|FC=N,RA003)
20260827 21:55:55.287 return: 100
20260827 21:55:55.287 ReportQuery(F,F04,0129354,,0,*,1)
20260827 21:55:55.287 return: 100
20260827 21:55:55.287 DealQuery(F,F04,0129354,,*)
20260827 21:55:55.287 return: 100
20260827 21:55:55.287 UserDefinsFunc(Func=RA003|bhno=F04|acno=0129354|suba=|FC=N,RA003)
20260827 21:55:55.287 return: 100
20260827 21:55:55.321 ReportQuery(F,F04,0129354,,0,*,1)
20260827 21:55:55.321 return: 100
20260827 21:55:55.321 DealQuery(F,F04,0129354,,*)
20260827 21:55:55.321 return: 100
20260827 21:55:55.321 UserDefinsFunc(Func=RA003|bhno=F04|acno=0129354|suba=|FC=N,RA003)
20260827 21:55:55.321 return: 100
20260827 21:55:55.321 ReportQuery(F,F04,0129354,,0,*,1)
20260827 21:55:55.321 return: 100
20260827 21:55:55.321 DealQuery(F,F04,0129354,,*)
20260827 21:55:55.321 return: 100
20260827 21:55:55.322 UserDefinsFunc(Func=RA003|bhno=F04|acno=0129354|suba=|FC=N,RA003)
20260827 21:55:55.322 return: 100
20260827 21:55:55.347 ReportQuery(F,F04,0129354,,0,*,1)
20260827 21:55:55.347 return: 100
20260827 21:55:55.347 DealQuery(F,F04,0129354,,*)
20260827 21:55:55.347 return: 100
20260827 21:55:55.347 UserDefinsFunc(Func=RA003|bhno=F04|acno=0129354|suba=|FC=N,RA003)
20260827 21:55:55.347 return: 100
20260827 21:55:55.347 ReportQuery(F,F04,0129354,,0,*,1)
20260827 21:55:55.347 return: 100
20260827 21:55:55.347 DealQuery(F,F04,0129354,,*)
20260827 21:55:55.347 return: 100
20260827 21:55:55.347 UserDefinsFunc(Func=RA003|bhno=F04|acno=0129354|suba=|FC=N,RA003)
20260827 21:55:55.347 return: 100
20260827 21:55:55.372 ReportQuery(F,F04,0129354,,0,*,1)
20260827 21:55:55.372 return: 100
20260827 21:55:55.372 DealQuery(F,F04,0129354,,*)
20260827 21:55:55.372 return: 100
20260827 21:55:55.372 UserDefinsFunc(Func=RA003|bhno=F04|acno=0129354|suba=|FC=N,RA003)
20260827 21:55:55.372 return: 100
20260827 21:55:55.372 ReportQuery(F,F04,0129354,,0,*,1)
20260827 21:55:55.372 return: 100
20260827 21:55:55.372 DealQuery(F,F04,0129354,,*)
20260827 21:55:55.372 return: 100
20260827 21:55:55.372 UserDefinsFunc(Func=RA003|bhno=F04|acno=0129354|suba=|FC=N,RA003)
20260827 21:55:55.372 return: 100
20260827 21:55:55.405 ReportQuery(F,F04,0129354,,0,*,1)
20260827 21:55:55.406 return: 100
20260827 21:55:55.406 DealQuery(F,F04,0129354,,*)
20260827 21:55:55.406 return: 100
20260827 21:55:55.406 UserDefinsFunc(Func=RA003|bhno=F04|acno=0129354|suba=|FC=N,RA003)
20260827 21:55:55.406 return: 100
20260827 21:55:55.406 ReportQuery(F,F04,0129354,,0,*,1)
20260827 21:55:55.406 return: 100
20260827 21:55:55.406 DealQuery(F,F04,0129354,,*)
20260827 21:55:55.406 return: 100
20260827 21:55:55.406 UserDefinsFunc(Func=RA003|bhno=F04|acno=0129354|suba=|FC=N,RA003)
20260827 21:55:55.406 return: 100
20260827 21:55:55.435 ReportQuery(F,F04,0129354,,0,*,1)
20260827 21:55:55.435 return: 100
20260827 21:55:55.435 DealQuery(F,F04,0129354,,*)
20260827 21:55:55.435 return: 100
20260827 21:55:55.435 UserDefinsFunc(Func=RA003|bhno=F04|acno=0129354|suba=|FC=N,RA003)
20260827 21:55:55.435 return: 100
20260827 21:55:55.435 ReportQuery(F,F04,0129354,,0,*,1)
20260827 21:55:55.435 return: 100
20260827 21:55:55.435 DealQuery(F,F04,0129354,,*)
20260827 21:55:55.436 return: 100
20260827 21:55:55.436 UserDefinsFunc(Func=RA003|bhno=F04|acno=0129354|suba=|FC=N,RA003)
20260827 21:55:55.436 return: 100
20260827 21:55:55.463 ReportQuery(F,F04,0129354,,0,*,1)
20260827 21:55:55.463 return: 100
20260827 21:55:55.463 DealQuery(F,F04,0129354,,*)
20260827 21:55:55.463 return: 100
20260827 21:55:55.463 UserDefinsFunc(Func=RA003|bhno=F04|acno=0129354|suba=|FC=N,RA003)
20260827 21:55:55.463 return: 100
20260827 21:55:55.465 ReportQuery(F,F04,0129354,,0,*,1)
20260827 21:55:55.465 return: 100
20260827 21:55:55.465 DealQuery(F,F04,0129354,,*)
20260827 21:55:55.465 return: 100
20260827 21:55:55.465 UserDefinsFunc(Func=RA003|bhno=F04|acno=0129354|suba=|FC=N,RA003)
20260827 21:55:55.465 return: 100
20260827 21:55:55.492 ReportQuery(F,F04,0129354,,0,*,1)
20260827 21:55:55.492 return: 100
20260827 21:55:55.492 DealQuery(F,F04,0129354,,*)
20260827 21:55:55.492 return: 100
20260827 21:55:55.492 UserDefinsFunc(Func=RA003|bhno=F04|acno=0129354|suba=|FC=N,RA003)
20260827 21:55:55.492 return: 100
20260827 21:55:55.493 ReportQuery(F,F04,0129354,,0,*,1)
20260827 21:55:55.493 return: 100
20260827 21:55:55.493 DealQuery(F,F04,0129354,,*)
20260827 21:55:55.493 return: 100
20260827 21:55:55.493 UserDefinsFunc(Func=RA003|bhno=F04|acno=0129354|suba=|FC=N,RA003)
20260827 21:55:55.493 return: 100
20260827 21:55:55.521 ReportQuery(F,F04,0129354,,0,*,1)
20260827 21:55:55.521 return: 100
20260827 21:55:55.521 DealQuery(F,F04,0129354,,*)
20260827 21:55:55.521 return: 100
20260827 21:55:55.521 UserDefinsFunc(Func=RA003|bhno=F04|acno=0129354|suba=|FC=N,RA003)
20260827 21:55:55.523 return: 100
20260827 21:55:55.523 ReportQuery(F,F04,0129354,,0,*,1)
20260827 21:55:55.523 return: 100
20260827 21:55:55.523 DealQuery(F,F04,0129354,,*)
20260827 21:55:55.523 return: 100
20260827 21:55:55.523 UserDefinsFunc(Func=RA003|bhno=F04|acno=0129354|suba=|FC=N,RA003)
20260827 21:55:55.523 return: 100
20260827 21:55:55.549 ReportQuery(F,F04,0129354,,0,*,1)
20260827 21:55:55.549 return: 100
20260827 21:55:55.549 DealQuery(F,F04,0129354,,*)
20260827 21:55:55.549 return: 100
20260827 21:55:55.549 UserDefinsFunc(Func=RA003|bhno=F04|acno=0129354|suba=|FC=N,RA003)
20260827 21:55:55.549 return: 100
20260827 21:55:55.549 ReportQuery(F,F04,0129354,,0,*,1)
20260827 21:55:55.549 return: 100
20260827 21:55:55.549 DealQuery(F,F04,0129354,,*)
20260827 21:55:55.549 return: 100
20260827 21:55:55.549 UserDefinsFunc(Func=RA003|bhno=F04|acno=0129354|suba=|FC=N,RA003)
20260827 21:55:55.549 return: 100
20260827 21:55:55.577 ReportQuery(F,F04,0129354,,0,*,1)
20260827 21:55:55.577 return: 100
20260827 21:55:55.578 DealQuery(F,F04,0129354,,*)
20260827 21:55:55.578 return: 100
20260827 21:55:55.578 UserDefinsFunc(Func=RA003|bhno=F04|acno=0129354|suba=|FC=N,RA003)
20260827 21:55:55.578 return: 100
20260827 21:55:55.578 ReportQuery(F,F04,0129354,,0,*,1)
20260827 21:55:55.578 return: 100
20260827 21:55:55.578 DealQuery(F,F04,0129354,,*)
20260827 21:55:55.578 return: 100
20260827 21:55:55.578 UserDefinsFunc(Func=RA003|bhno=F04|acno=0129354|suba=|FC=N,RA003)
20260827 21:55:55.578 return: 100
20260827 21:55:55.606 ReportQuery(F,F04,0129354,,0,*,1)
20260827 21:55:55.606 return: 100
20260827 21:55:55.607 DealQuery(F,F04,0129354,,*)
20260827 21:55:55.607 return: 100
20260827 21:55:55.607 UserDefinsFunc(Func=RA003|bhno=F04|acno=0129354|suba=|FC=N,RA003)
20260827 21:55:55.607 return: 100
20260827 21:55:55.607 ReportQuery(F,F04,0129354,,0,*,1)
20260827 21:55:55.607 return: 100
20260827 21:55:55.607 DealQuery(F,F04,0129354,,*)
20260827 21:55:55.607 return: 100
20260827 21:55:55.607 UserDefinsFunc(Func=RA003|bhno=F04|acno=0129354|suba=|FC=N,RA003)
20260827 21:55:55.607 return: 100
20260827 21:55:55.634 ReportQuery(F,F04,0129354,,0,*,1)
20260827 21:55:55.634 return: 100
20260827 21:55:55.634 DealQuery(F,F04,0129354,,*)
20260827 21:55:55.634 return: 100
20260827 21:55:55.634 UserDefinsFunc(Func=RA003|bhno=F04|acno=0129354|suba=|FC=N,RA003)
20260827 21:55:55.634 return: 100
20260827 21:55:55.634 ReportQuery(F,F04,0129354,,0,*,1)
20260827 21:55:55.634 return: 100
20260827 21:55:55.634 DealQuery(F,F04,0129354,,*)
20260827 21:55:55.634 return: 100
20260827 21:55:55.634 UserDefinsFunc(Func=RA003|bhno=F04|acno=0129354|suba=|FC=N,RA003)
20260827 21:55:55.636 return: 100
20260827 21:55:55.662 ReportQuery(F,F04,0129354,,0,*,1)
20260827 21:55:55.663 return: 100
20260827 21:55:55.663 DealQuery(F,F04,0129354,,*)
20260827 21:55:55.663 return: 100
20260827 21:55:55.663 UserDefinsFunc(Func=RA003|bhno=F04|acno=0129354|suba=|FC=N,RA003)
20260827 21:55:55.663 return: 100
20260827 21:55:55.663 ReportQuery(F,F04,0129354,,0,*,1)
20260827 21:55:55.663 return: 100
20260827 21:55:55.663 DealQuery(F,F04,0129354,,*)
20260827 21:55:55.663 return: 100
20260827 21:55:55.663 UserDefinsFunc(Func=RA003|bhno=F04|acno=0129354|suba=|FC=N,RA003)
20260827 21:55:55.663 return: 100
20260827 21:55:55.693 ReportQuery(F,F04,0129354,,0,*,1)
20260827 21:55:55.693 return: 100
20260827 21:55:55.693 DealQuery(F,F04,0129354,,*)
20260827 21:55:55.693 return: 100
20260827 21:55:55.693 UserDefinsFunc(Func=RA003|bhno=F04|acno=0129354|suba=|FC=N,RA003)
20260827 21:55:55.694 return: 100
20260827 21:55:55.694 ReportQuery(F,F04,0129354,,0,*,1)
20260827 21:55:55.694 return: 100
20260827 21:55:55.694 DealQuery(F,F04,0129354,,*)
20260827 21:55:55.695 return: 100
20260827 21:55:55.695 UserDefinsFunc(Func=RA003|bhno=F04|acno=0129354|suba=|FC=N,RA003)
20260827 21:55:55.695 return: 100
20260827 21:55:55.724 ReportQuery(F,F04,0129354,,0,*,1)
20260827 21:55:55.724 return: 100
20260827 21:55:55.725 DealQuery(F,F04,0129354,,*)
20260827 21:55:55.725 return: 100
20260827 21:55:55.725 UserDefinsFunc(Func=RA003|bhno=F04|acno=0129354|suba=|FC=N,RA003)
20260827 21:55:55.725 return: 100
20260827 21:55:55.725 ReportQuery(F,F04,0129354,,0,*,1)
20260827 21:55:55.725 return: 100
20260827 21:55:55.725 DealQuery(F,F04,0129354,,*)
20260827 21:55:55.725 return: 100
20260827 21:55:55.726 UserDefinsFunc(Func=RA003|bhno=F04|acno=0129354|suba=|FC=N,RA003)
20260827 21:55:55.726 return: 100
20260827 21:55:55.754 ReportQuery(F,F04,0129354,,0,*,1)
20260827 21:55:55.754 return: 100
20260827 21:55:55.754 DealQuery(F,F04,0129354,,*)
20260827 21:55:55.754 return: 100
20260827 21:55:55.755 UserDefinsFunc(Func=RA003|bhno=F04|acno=0129354|suba=|FC=N,RA003)
20260827 21:55:55.755 return: 100
20260827 21:55:55.755 ReportQuery(F,F04,0129354,,0,*,1)
20260827 21:55:55.755 return: 100
20260827 21:55:55.755 DealQuery(F,F04,0129354,,*)
20260827 21:55:55.755 return: 100
20260827 21:55:55.755 UserDefinsFunc(Func=RA003|bhno=F04|acno=0129354|suba=|FC=N,RA003)
20260827 21:55:55.755 return: 100
20260827 21:55:55.785 ReportQuery(F,F04,0129354,,0,*,1)
20260827 21:55:55.785 return: 100
20260827 21:55:55.785 DealQuery(F,F04,0129354,,*)
20260827 21:55:55.785 return: 100
20260827 21:55:55.786 UserDefinsFunc(Func=RA003|bhno=F04|acno=0129354|suba=|FC=N,RA003)
20260827 21:55:55.786 return: 100
20260827 21:55:55.786 ReportQuery(F,F04,0129354,,0,*,1)
20260827 21:55:55.786 return: 100
20260827 21:55:55.786 DealQuery(F,F04,0129354,,*)
20260827 21:55:55.786 return: 100
20260827 21:55:55.787 UserDefinsFunc(Func=RA003|bhno=F04|acno=0129354|suba=|FC=N,RA003)
20260827 21:55:55.787 return: 100
20260827 21:55:55.815 ReportQuery(F,F04,0129354,,0,*,1)
20260827 21:55:55.815 return: 100
20260827 21:55:55.815 DealQuery(F,F04,0129354,,*)
20260827 21:55:55.816 return: 100
20260827 21:55:55.816 UserDefinsFunc(Func=RA003|bhno=F04|acno=0129354|suba=|FC=N,RA003)
20260827 21:55:55.816 return: 100
20260827 21:55:55.816 ReportQuery(F,F04,0129354,,0,*,1)
20260827 21:55:55.816 return: 100
20260827 21:55:55.816 DealQuery(F,F04,0129354,,*)
20260827 21:55:55.816 return: 100
20260827 21:55:55.816 UserDefinsFunc(Func=RA003|bhno=F04|acno=0129354|suba=|FC=N,RA003)
20260827 21:55:55.816 return: 100
20260827 21:55:55.842 ReportQuery(F,F04,0129354,,0,*,1)
20260827 21:55:55.842 return: 100
20260827 21:55:55.843 DealQuery(F,F04,0129354,,*)
20260827 21:55:55.843 return: 100
20260827 21:55:55.843 UserDefinsFunc(Func=RA003|bhno=F04|acno=0129354|suba=|FC=N,RA003)
20260827 21:55:55.843 return: 100
20260827 21:55:55.843 ReportQuery(F,F04,0129354,,0,*,1)
20260827 21:55:55.844 return: 100
20260827 21:55:55.844 DealQuery(F,F04,0129354,,*)
20260827 21:55:55.844 return: 100
20260827 21:55:55.844 UserDefinsFunc(Func=RA003|bhno=F04|acno=0129354|suba=|FC=N,RA003)
20260827 21:55:55.845 return: 100
20260827 21:55:55.875 ReportQuery(F,F04,0129354,,0,*,1)
20260827 21:55:55.875 return: 100
20260827 21:55:55.875 DealQuery(F,F04,0129354,,*)
20260827 21:55:55.881 return: 100
20260827 21:55:55.881 UserDefinsFunc(Func=RA003|bhno=F04|acno=0129354|suba=|FC=N,RA003)
20260827 21:55:55.881 return: 100
20260827 21:55:55.882 ReportQuery(F,F04,0129354,,0,*,1)
20260827 21:55:55.882 return: 100
20260827 21:55:55.882 DealQuery(F,F04,0129354,,*)
20260827 21:55:55.883 return: 100
20260827 21:55:55.883 UserDefinsFunc(Func=RA003|bhno=F04|acno=0129354|suba=|FC=N,RA003)
20260827 21:55:55.884 return: 100
20260827 21:55:55.924 ReportQuery(F,F04,0129354,,0,*,1)
20260827 21:55:55.924 return: 100
20260827 21:55:55.927 DealQuery(F,F04,0129354,,*)
20260827 21:55:55.929 return: 100
20260827 21:55:55.929 UserDefinsFunc(Func=RA003|bhno=F04|acno=0129354|suba=|FC=N,RA003)
20260827 21:55:55.929 return: 100
20260827 21:55:55.930 ReportQuery(F,F04,0129354,,0,*,1)
20260827 21:55:55.930 return: 100
20260827 21:55:55.930 DealQuery(F,F04,0129354,,*)
20260827 21:55:55.930 return: 100
20260827 21:55:55.930 UserDefinsFunc(Func=RA003|bhno=F04|acno=0129354|suba=|FC=N,RA003)
20260827 21:55:55.930 return: 100
20260827 21:55:55.969 ReportQuery(F,F04,0129354,,0,*,1)
20260827 21:55:55.969 return: 100
20260827 21:55:55.969 DealQuery(F,F04,0129354,,*)
20260827 21:55:55.969 return: 100
20260827 21:55:55.969 UserDefinsFunc(Func=RA003|bhno=F04|acno=0129354|suba=|FC=N,RA003)
20260827 21:55:55.971 return: 100
20260827 21:55:55.971 ReportQuery(F,F04,0129354,,0,*,1)
20260827 21:55:55.971 return: 100
20260827 21:55:55.972 DealQuery(F,F04,0129354,,*)
20260827 21:55:55.972 return: 100
20260827 21:55:55.972 UserDefinsFunc(Func=RA003|bhno=F04|acno=0129354|suba=|FC=N,RA003)
20260827 21:55:55.972 return: 100
20260827 21:55:56.008 ReportQuery(F,F04,0129354,,0,*,1)
20260827 21:55:56.008 return: 100
20260827 21:55:56.008 DealQuery(F,F04,0129354,,*)
20260827 21:55:56.008 return: 100
20260827 21:55:56.008 UserDefinsFunc(Func=RA003|bhno=F04|acno=0129354|suba=|FC=N,RA003)
20260827 21:55:56.008 return: 100
20260827 21:55:56.008 ReportQuery(F,F04,0129354,,0,*,1)
20260827 21:55:56.013 return: 100
20260827 21:55:56.013 DealQuery(F,F04,0129354,,*)
20260827 21:55:56.014 return: 100
20260827 21:55:56.014 UserDefinsFunc(Func=RA003|bhno=F04|acno=0129354|suba=|FC=N,RA003)
20260827 21:55:56.015 return: 100
20260827 21:55:56.054 ReportQuery(F,F04,0129354,,0,*,1)
20260827 21:55:56.055 return: 100
20260827 21:55:56.055 DealQuery(F,F04,0129354,,*)
20260827 21:55:56.056 return: 100
20260827 21:55:56.056 UserDefinsFunc(Func=RA003|bhno=F04|acno=0129354|suba=|FC=N,RA003)
20260827 21:55:56.057 return: 100
20260827 21:55:56.058 ReportQuery(F,F04,0129354,,0,*,1)
20260827 21:55:56.059 return: 100
20260827 21:55:56.059 DealQuery(F,F04,0129354,,*)
20260827 21:55:56.060 return: 100
20260827 21:55:56.060 UserDefinsFunc(Func=RA003|bhno=F04|acno=0129354|suba=|FC=N,RA003)
20260827 21:55:56.061 return: 100
20260827 21:55:56.108 ReportQuery(F,F04,0129354,,0,*,1)
20260827 21:55:56.109 return: 100
20260827 21:55:56.109 DealQuery(F,F04,0129354,,*)
20260827 21:55:56.109 return: 100
20260827 21:55:56.109 UserDefinsFunc(Func=RA003|bhno=F04|acno=0129354|suba=|FC=N,RA003)
20260827 21:55:56.109 return: 100
20260827 21:55:56.110 ReportQuery(F,F04,0129354,,0,*,1)
20260827 21:55:56.110 return: 100
20260827 21:55:56.110 DealQuery(F,F04,0129354,,*)
20260827 21:55:56.111 return: 100
20260827 21:55:56.111 UserDefinsFunc(Func=RA003|bhno=F04|acno=0129354|suba=|FC=N,RA003)
20260827 21:55:56.111 return: 100
20260827 21:55:56.150 ReportQuery(F,F04,0129354,,0,*,1)
20260827 21:55:56.151 return: 100
20260827 21:55:56.151 DealQuery(F,F04,0129354,,*)
20260827 21:55:56.151 return: 100
20260827 21:55:56.151 UserDefinsFunc(Func=RA003|bhno=F04|acno=0129354|suba=|FC=N,RA003)
20260827 21:55:56.151 return: 100
20260827 21:55:56.152 ReportQuery(F,F04,0129354,,0,*,1)
20260827 21:55:56.152 return: 100
20260827 21:55:56.152 DealQuery(F,F04,0129354,,*)
20260827 21:55:56.153 return: 100
20260827 21:55:56.153 UserDefinsFunc(Func=RA003|bhno=F04|acno=0129354|suba=|FC=N,RA003)
20260827 21:55:56.153 return: 100
20260827 21:55:56.191 ReportQuery(F,F04,0129354,,0,*,1)
20260827 21:55:56.191 return: 100
20260827 21:55:56.192 DealQuery(F,F04,0129354,,*)
20260827 21:55:56.192 return: 100
20260827 21:55:56.192 UserDefinsFunc(Func=RA003|bhno=F04|acno=0129354|suba=|FC=N,RA003)
20260827 21:55:56.192 return: 100
20260827 21:55:56.193 ReportQuery(F,F04,0129354,,0,*,1)
20260827 21:55:56.194 return: 100
20260827 21:55:56.194 DealQuery(F,F04,0129354,,*)
20260827 21:55:56.194 return: 100
20260827 21:55:56.195 UserDefinsFunc(Func=RA003|bhno=F04|acno=0129354|suba=|FC=N,RA003)
20260827 21:55:56.195 return: 100
20260827 21:55:56.233 ReportQuery(F,F04,0129354,,0,*,1)
20260827 21:55:56.233 return: 100
20260827 21:55:56.234 DealQuery(F,F04,0129354,,*)
20260827 21:55:56.234 return: 100
20260827 21:55:56.234 UserDefinsFunc(Func=RA003|bhno=F04|acno=0129354|suba=|FC=N,RA003)
20260827 21:55:56.234 return: 100
20260827 21:55:56.234 ReportQuery(F,F04,0129354,,0,*,1)
20260827 21:55:56.235 return: 100
20260827 21:55:56.235 DealQuery(F,F04,0129354,,*)
20260827 21:55:56.235 return: 100
20260827 21:55:56.235 UserDefinsFunc(Func=RA003|bhno=F04|acno=0129354|suba=|FC=N,RA003)
20260827 21:55:56.235 return: 100
20260827 21:55:56.272 ReportQuery(F,F04,0129354,,0,*,1)
20260827 21:55:56.272 return: 100
20260827 21:55:56.272 DealQuery(F,F04,0129354,,*)
20260827 21:55:56.272 return: 100
20260827 21:55:56.272 UserDefinsFunc(Func=RA003|bhno=F04|acno=0129354|suba=|FC=N,RA003)
20260827 21:55:56.272 return: 100
20260827 21:55:56.272 ReportQuery(F,F04,0129354,,0,*,1)
20260827 21:55:56.274 return: 100
20260827 21:55:56.274 DealQuery(F,F04,0129354,,*)
20260827 21:55:56.274 return: 100
20260827 21:55:56.274 UserDefinsFunc(Func=RA003|bhno=F04|acno=0129354|suba=|FC=N,RA003)
20260827 21:55:56.274 return: 100
20260827 21:55:56.310 ReportQuery(F,F04,0129354,,0,*,1)
20260827 21:55:56.310 return: 100
20260827 21:55:56.310 DealQuery(F,F04,0129354,,*)
20260827 21:55:56.310 return: 100
20260827 21:55:56.312 UserDefinsFunc(Func=RA003|bhno=F04|acno=0129354|suba=|FC=N,RA003)
20260827 21:55:56.312 return: 100
20260827 21:55:56.312 ReportQuery(F,F04,0129354,,0,*,1)
20260827 21:55:56.312 return: 100
20260827 21:55:56.312 DealQuery(F,F04,0129354,,*)
20260827 21:55:56.312 return: 100
20260827 21:55:56.312 UserDefinsFunc(Func=RA003|bhno=F04|acno=0129354|suba=|FC=N,RA003)
20260827 21:55:56.313 return: 100
20260827 21:55:56.347 ReportQuery(F,F04,0129354,,0,*,1)
20260827 21:55:56.347 return: 100
20260827 21:55:56.347 DealQuery(F,F04,0129354,,*)
20260827 21:55:56.347 return: 100
20260827 21:55:56.347 UserDefinsFunc(Func=RA003|bhno=F04|acno=0129354|suba=|FC=N,RA003)
20260827 21:55:56.348 return: 100
20260827 21:55:56.348 ReportQuery(F,F04,0129354,,0,*,1)
20260827 21:55:56.348 return: 100
20260827 21:55:56.348 DealQuery(F,F04,0129354,,*)
20260827 21:55:56.348 return: 100
20260827 21:55:56.349 UserDefinsFunc(Func=RA003|bhno=F04|acno=0129354|suba=|FC=N,RA003)
20260827 21:55:56.349 return: 100
20260827 21:55:56.384 ReportQuery(F,F04,0129354,,0,*,1)
20260827 21:55:56.384 return: 100
20260827 21:55:56.384 DealQuery(F,F04,0129354,,*)
20260827 21:55:56.384 return: 100
20260827 21:55:56.384 UserDefinsFunc(Func=RA003|bhno=F04|acno=0129354|suba=|FC=N,RA003)
20260827 21:55:56.385 return: 100
20260827 21:55:56.385 ReportQuery(F,F04,0129354,,0,*,1)
20260827 21:55:56.385 return: 100
20260827 21:55:56.385 DealQuery(F,F04,0129354,,*)
20260827 21:55:56.385 return: 100
20260827 21:55:56.385 UserDefinsFunc(Func=RA003|bhno=F04|acno=0129354|suba=|FC=N,RA003)
20260827 21:55:56.385 return: 100
20260827 21:55:56.424 ReportQuery(F,F04,0129354,,0,*,1)
20260827 21:55:56.426 return: 100
20260827 21:55:56.426 DealQuery(F,F04,0129354,,*)
20260827 21:55:56.427 return: 100
20260827 21:55:56.427 UserDefinsFunc(Func=RA003|bhno=F04|acno=0129354|suba=|FC=N,RA003)
20260827 21:55:56.427 return: 100
20260827 21:55:56.427 ReportQuery(F,F04,0129354,,0,*,1)
20260827 21:55:56.428 return: 100
20260827 21:55:56.428 DealQuery(F,F04,0129354,,*)
20260827 21:55:56.428 return: 100
20260827 21:55:56.428 UserDefinsFunc(Func=RA003|bhno=F04|acno=0129354|suba=|FC=N,RA003)
20260827 21:55:56.428 return: 100
20260827 21:55:56.465 ReportQuery(F,F04,0129354,,0,*,1)
20260827 21:55:56.465 return: 100
20260827 21:55:56.467 DealQuery(F,F04,0129354,,*)
20260827 21:55:56.467 return: 100
20260827 21:55:56.467 UserDefinsFunc(Func=RA003|bhno=F04|acno=0129354|suba=|FC=N,RA003)
20260827 21:55:56.467 return: 100
20260827 21:55:56.467 ReportQuery(F,F04,0129354,,0,*,1)
20260827 21:55:56.467 return: 100
20260827 21:55:56.467 DealQuery(F,F04,0129354,,*)
20260827 21:55:56.467 return: 100
20260827 21:55:56.468 UserDefinsFunc(Func=RA003|bhno=F04|acno=0129354|suba=|FC=N,RA003)
20260827 21:55:56.468 return: 100
20260827 21:55:56.509 ReportQuery(F,F04,0129354,,0,*,1)
20260827 21:55:56.509 return: 100
20260827 21:55:56.509 DealQuery(F,F04,0129354,,*)
20260827 21:55:56.510 return: 100
20260827 21:55:56.510 UserDefinsFunc(Func=RA003|bhno=F04|acno=0129354|suba=|FC=N,RA003)
20260827 21:55:56.510 return: 100
20260827 21:55:56.510 ReportQuery(F,F04,0129354,,0,*,1)
20260827 21:55:56.510 return: 100
20260827 21:55:56.511 DealQuery(F,F04,0129354,,*)
20260827 21:55:56.511 return: 100
20260827 21:55:56.511 UserDefinsFunc(Func=RA003|bhno=F04|acno=0129354|suba=|FC=N,RA003)
20260827 21:55:56.511 return: 100
20260827 21:55:56.553 ReportQuery(F,F04,0129354,,0,*,1)
20260827 21:55:56.553 return: 100
20260827 21:55:56.553 DealQuery(F,F04,0129354,,*)
20260827 21:55:56.553 return: 100
20260827 21:55:56.553 UserDefinsFunc(Func=RA003|bhno=F04|acno=0129354|suba=|FC=N,RA003)
20260827 21:55:56.554 return: 100
20260827 21:55:56.554 ReportQuery(F,F04,0129354,,0,*,1)
20260827 21:55:56.554 return: 100
20260827 21:55:56.554 DealQuery(F,F04,0129354,,*)
20260827 21:55:56.554 return: 100
20260827 21:55:56.554 UserDefinsFunc(Func=RA003|bhno=F04|acno=0129354|suba=|FC=N,RA003)
20260827 21:55:56.555 return: 100
20260827 21:55:56.589 ReportQuery(F,F04,0129354,,0,*,1)
20260827 21:55:56.590 return: 100
20260827 21:55:56.590 DealQuery(F,F04,0129354,,*)
20260827 21:55:56.590 return: 100
20260827 21:55:56.590 UserDefinsFunc(Func=RA003|bhno=F04|acno=0129354|suba=|FC=N,RA003)
20260827 21:55:56.590 return: 100
20260827 21:55:56.590 ReportQuery(F,F04,0129354,,0,*,1)
20260827 21:55:56.591 return: 100
20260827 21:55:56.591 DealQuery(F,F04,0129354,,*)
20260827 21:55:56.591 return: 100
20260827 21:55:56.591 UserDefinsFunc(Func=RA003|bhno=F04|acno=0129354|suba=|FC=N,RA003)
20260827 21:55:56.591 return: 100
20260827 21:55:56.627 ReportQuery(F,F04,0129354,,0,*,1)
20260827 21:55:56.627 return: 100
20260827 21:55:56.627 DealQuery(F,F04,0129354,,*)
20260827 21:55:56.628 return: 100
20260827 21:55:56.628 UserDefinsFunc(Func=RA003|bhno=F04|acno=0129354|suba=|FC=N,RA003)
20260827 21:55:56.628 return: 100
20260827 21:55:56.628 ReportQuery(F,F04,0129354,,0,*,1)
20260827 21:55:56.629 return: 100
20260827 21:55:56.629 DealQuery(F,F04,0129354,,*)
20260827 21:55:56.629 return: 100
20260827 21:55:56.629 UserDefinsFunc(Func=RA003|bhno=F04|acno=0129354|suba=|FC=N,RA003)
20260827 21:55:56.629 return: 100
20260827 21:55:56.663 ReportQuery(F,F04,0129354,,0,*,1)
20260827 21:55:56.664 return: 100
20260827 21:55:56.664 DealQuery(F,F04,0129354,,*)
20260827 21:55:56.664 return: 100
20260827 21:55:56.664 UserDefinsFunc(Func=RA003|bhno=F04|acno=0129354|suba=|FC=N,RA003)
20260827 21:55:56.664 return: 100
20260827 21:55:56.664 ReportQuery(F,F04,0129354,,0,*,1)
20260827 21:55:56.665 return: 100
20260827 21:55:56.665 DealQuery(F,F04,0129354,,*)
20260827 21:55:56.665 return: 100
20260827 21:55:56.665 UserDefinsFunc(Func=RA003|bhno=F04|acno=0129354|suba=|FC=N,RA003)
20260827 21:55:56.665 return: 100
20260827 21:55:56.701 ReportQuery(F,F04,0129354,,0,*,1)
20260827 21:55:56.701 return: 100
20260827 21:55:56.702 DealQuery(F,F04,0129354,,*)
20260827 21:55:56.702 return: 100
20260827 21:55:56.702 UserDefinsFunc(Func=RA003|bhno=F04|acno=0129354|suba=|FC=N,RA003)
20260827 21:55:56.702 return: 100
20260827 21:55:56.702 ReportQuery(F,F04,0129354,,0,*,1)
20260827 21:55:56.703 return: 100
20260827 21:55:56.703 DealQuery(F,F04,0129354,,*)
20260827 21:55:56.703 return: 100
20260827 21:55:56.703 UserDefinsFunc(Func=RA003|bhno=F04|acno=0129354|suba=|FC=N,RA003)
20260827 21:55:56.703 return: 100
20260827 21:55:56.738 ReportQuery(F,F04,0129354,,0,*,1)
20260827 21:55:56.738 return: 100
20260827 21:55:56.739 DealQuery(F,F04,0129354,,*)
20260827 21:55:56.739 return: 100
20260827 21:55:56.739 UserDefinsFunc(Func=RA003|bhno=F04|acno=0129354|suba=|FC=N,RA003)
20260827 21:55:56.739 return: 100
20260827 21:55:56.739 ReportQuery(F,F04,0129354,,0,*,1)
20260827 21:55:56.739 return: 100
20260827 21:55:56.740 DealQuery(F,F04,0129354,,*)
20260827 21:55:56.740 return: 100
20260827 21:55:56.740 UserDefinsFunc(Func=RA003|bhno=F04|acno=0129354|suba=|FC=N,RA003)
20260827 21:55:56.740 return: 100
20260827 21:55:56.777 ReportQuery(F,F04,0129354,,0,*,1)
20260827 21:55:56.777 return: 100
20260827 21:55:56.777 DealQuery(F,F04,0129354,,*)
20260827 21:55:56.779 return: 100
20260827 21:55:56.779 UserDefinsFunc(Func=RA003|bhno=F04|acno=0129354|suba=|FC=N,RA003)
20260827 21:55:56.780 return: 100
20260827 21:55:56.780 ReportQuery(F,F04,0129354,,0,*,1)
20260827 21:55:56.780 return: 100
20260827 21:55:56.780 DealQuery(F,F04,0129354,,*)
20260827 21:55:56.780 return: 100
20260827 21:55:56.781 UserDefinsFunc(Func=RA003|bhno=F04|acno=0129354|suba=|FC=N,RA003)
20260827 21:55:56.781 return: 100
20260827 21:55:56.819 ReportQuery(F,F04,0129354,,0,*,1)
20260827 21:55:56.819 return: 100
20260827 21:55:56.819 DealQuery(F,F04,0129354,,*)
20260827 21:55:56.819 return: 100
20260827 21:55:56.820 UserDefinsFunc(Func=RA003|bhno=F04|acno=0129354|suba=|FC=N,RA003)
20260827 21:55:56.820 return: 100
20260827 21:55:56.820 ReportQuery(F,F04,0129354,,0,*,1)
20260827 21:55:56.821 return: 100
20260827 21:55:56.821 DealQuery(F,F04,0129354,,*)
20260827 21:55:56.821 return: 100
20260827 21:55:56.821 UserDefinsFunc(Func=RA003|bhno=F04|acno=0129354|suba=|FC=N,RA003)
20260827 21:55:56.821 return: 100
20260827 21:55:56.860 ReportQuery(F,F04,0129354,,0,*,1)
20260827 21:55:56.860 return: 100
20260827 21:55:56.860 DealQuery(F,F04,0129354,,*)
20260827 21:55:56.860 return: 100
20260827 21:55:56.861 UserDefinsFunc(Func=RA003|bhno=F04|acno=0129354|suba=|FC=N,RA003)
20260827 21:55:56.861 return: 100
20260827 21:55:56.861 ReportQuery(F,F04,0129354,,0,*,1)
20260827 21:55:56.861 return: 100
20260827 21:55:56.861 DealQuery(F,F04,0129354,,*)
20260827 21:55:56.861 return: 100
20260827 21:55:56.862 UserDefinsFunc(Func=RA003|bhno=F04|acno=0129354|suba=|FC=N,RA003)
20260827 21:55:56.862 return: 100
20260827 21:55:56.901 ReportQuery(F,F04,0129354,,0,*,1)
20260827 21:55:56.902 return: 100
20260827 21:55:56.902 DealQuery(F,F04,0129354,,*)
20260827 21:55:56.902 return: 100
20260827 21:55:56.902 UserDefinsFunc(Func=RA003|bhno=F04|acno=0129354|suba=|FC=N,RA003)
20260827 21:55:56.903 return: 100
20260827 21:55:56.903 ReportQuery(F,F04,0129354,,0,*,1)
20260827 21:55:56.903 return: 100
20260827 21:55:56.903 DealQuery(F,F04,0129354,,*)
20260827 21:55:56.904 return: 100
20260827 21:55:56.904 UserDefinsFunc(Func=RA003|bhno=F04|acno=0129354|suba=|FC=N,RA003)
20260827 21:55:56.904 return: 100
20260827 21:55:56.959 ReportQuery(F,F04,0129354,,0,*,1)
20260827 21:55:56.959 return: 100
20260827 21:55:56.959 DealQuery(F,F04,0129354,,*)
20260827 21:55:56.960 return: 100
20260827 21:55:56.960 UserDefinsFunc(Func=RA003|bhno=F04|acno=0129354|suba=|FC=N,RA003)
20260827 21:55:56.960 return: 100
20260827 21:55:56.960 ReportQuery(F,F04,0129354,,0,*,1)
20260827 21:55:56.960 return: 100
20260827 21:55:56.961 DealQuery(F,F04,0129354,,*)
20260827 21:55:56.961 return: 100
20260827 21:55:56.961 UserDefinsFunc(Func=RA003|bhno=F04|acno=0129354|suba=|FC=N,RA003)
20260827 21:55:56.961 return: 100
20260827 21:55:56.995 ReportQuery(F,F04,0129354,,0,*,1)
20260827 21:55:56.995 return: 100
20260827 21:55:56.995 DealQuery(F,F04,0129354,,*)
20260827 21:55:56.995 return: 100
20260827 21:55:56.995 UserDefinsFunc(Func=RA003|bhno=F04|acno=0129354|suba=|FC=N,RA003)
20260827 21:55:56.997 return: 100
20260827 21:55:56.997 ReportQuery(F,F04,0129354,,0,*,1)
20260827 21:55:56.997 return: 100
20260827 21:55:56.997 DealQuery(F,F04,0129354,,*)
20260827 21:55:56.997 return: 100
20260827 21:55:56.997 UserDefinsFunc(Func=RA003|bhno=F04|acno=0129354|suba=|FC=N,RA003)
20260827 21:55:56.997 return: 100
20260827 21:55:57.036 ReportQuery(F,F04,0129354,,0,*,1)
20260827 21:55:57.036 return: 100
20260827 21:55:57.036 DealQuery(F,F04,0129354,,*)
20260827 21:55:57.036 return: 100
20260827 21:55:57.036 UserDefinsFunc(Func=RA003|bhno=F04|acno=0129354|suba=|FC=N,RA003)
20260827 21:55:57.037 return: 100
20260827 21:55:57.037 ReportQuery(F,F04,0129354,,0,*,1)
20260827 21:55:57.037 return: 100
20260827 21:55:57.037 DealQuery(F,F04,0129354,,*)
20260827 21:55:57.037 return: 100
20260827 21:55:57.038 UserDefinsFunc(Func=RA003|bhno=F04|acno=0129354|suba=|FC=N,RA003)
20260827 21:55:57.038 return: 100
20260827 21:55:57.047 OnDealQuery(0):
20260827 21:55:57.047 OnReportQuery(0):
20260827 21:55:57.047 OnDealQuery(0):
20260827 21:55:57.047 OnReportQuery(0):
20260827 21:55:57.047 OnUserDefinsFuncResult(0):retc=00001|time=215554|emsg=查無資料 (0)|caltime=2026/08/27 21:55:54
WorkID=RA003
20260827 21:55:57.047 OnReportQuery(0):
20260827 21:55:57.047 OnUserDefinsFuncResult(0):retc=00001|time=215554|emsg=查無資料 (0)|caltime=2026/08/27 21:55:54
WorkID=RA003
20260827 21:55:57.047 OnDealQuery(0):
20260827 21:55:57.047 OnUserDefinsFuncResult(0):retc=00001|time=215554|emsg=查無資料 (0)|caltime=2026/08/27 21:55:54
WorkID=RA003
20260827 21:55:57.047 OnUserDefinsFuncResult(0):retc=00001|time=215554|emsg=查無資料 (0)|caltime=2026/08/27 21:55:54
WorkID=RA003
20260827 21:55:57.047 OnUserDefinsFuncResult(0):retc=00001|time=215554|emsg=查無資料 (0)|caltime=2026/08/27 21:55:54
WorkID=RA003
20260827 21:55:57.047 OnUserDefinsFuncResult(0):retc=00001|time=215554|emsg=查無資料 (0)|caltime=2026/08/27 21:55:54
WorkID=RA003
20260827 21:55:57.050 OnReportQuery(0):
20260827 21:55:57.050 OnDealQuery(0):
20260827 21:55:57.050 OnReportQuery(0):
20260827 21:55:57.050 OnDealQuery(0):
20260827 21:55:57.050 OnUserDefinsFuncResult(0):retc=00001|time=215554|emsg=查無資料 (0)|caltime=2026/08/27 21:55:54
WorkID=RA003
20260827 21:55:57.051 OnDealQuery(0):
20260827 21:55:57.074 ReportQuery(F,F04,0129354,,0,*,1)
20260827 21:55:57.075 return: 100
20260827 21:55:57.075 DealQuery(F,F04,0129354,,*)
20260827 21:55:57.075 return: 100
20260827 21:55:57.075 UserDefinsFunc(Func=RA003|bhno=F04|acno=0129354|suba=|FC=N,RA003)
20260827 21:55:57.075 return: 100
20260827 21:55:57.075 ReportQuery(F,F04,0129354,,0,*,1)
20260827 21:55:57.075 return: 100
20260827 21:55:57.075 DealQuery(F,F04,0129354,,*)
20260827 21:55:57.075 return: 100
20260827 21:55:57.075 UserDefinsFunc(Func=RA003|bhno=F04|acno=0129354|suba=|FC=N,RA003)
20260827 21:55:57.077 return: 100
20260827 21:55:57.108 ReportQuery(F,F04,0129354,,0,*,1)
20260827 21:55:57.108 return: 100
20260827 21:55:57.108 DealQuery(F,F04,0129354,,*)
20260827 21:55:57.108 return: 100
20260827 21:55:57.108 UserDefinsFunc(Func=RA003|bhno=F04|acno=0129354|suba=|FC=N,RA003)
20260827 21:55:57.108 return: 100
20260827 21:55:57.110 ReportQuery(F,F04,0129354,,0,*,1)
20260827 21:55:57.111 return: 100
20260827 21:55:57.111 DealQuery(F,F04,0129354,,*)
20260827 21:55:57.111 return: 100
20260827 21:55:57.111 UserDefinsFunc(Func=RA003|bhno=F04|acno=0129354|suba=|FC=N,RA003)
20260827 21:55:57.111 return: 100
20260827 21:55:57.141 ReportQuery(F,F04,0129354,,0,*,1)
20260827 21:55:57.142 return: 100
20260827 21:55:57.142 DealQuery(F,F04,0129354,,*)
20260827 21:55:57.142 return: 100
20260827 21:55:57.142 UserDefinsFunc(Func=RA003|bhno=F04|acno=0129354|suba=|FC=N,RA003)
20260827 21:55:57.142 return: 100
20260827 21:55:57.143 ReportQuery(F,F04,0129354,,0,*,1)
20260827 21:55:57.143 return: 100
20260827 21:55:57.143 DealQuery(F,F04,0129354,,*)
20260827 21:55:57.143 return: 100
20260827 21:55:57.143 UserDefinsFunc(Func=RA003|bhno=F04|acno=0129354|suba=|FC=N,RA003)
20260827 21:55:57.143 return: 100
20260827 21:55:57.176 ReportQuery(F,F04,0129354,,0,*,1)
20260827 21:55:57.176 return: 100
20260827 21:55:57.176 DealQuery(F,F04,0129354,,*)
20260827 21:55:57.176 return: 100
20260827 21:55:57.176 UserDefinsFunc(Func=RA003|bhno=F04|acno=0129354|suba=|FC=N,RA003)
20260827 21:55:57.176 return: 100
20260827 21:55:57.177 ReportQuery(F,F04,0129354,,0,*,1)
20260827 21:55:57.177 return: 100
20260827 21:55:57.177 DealQuery(F,F04,0129354,,*)
20260827 21:55:57.177 return: 100
20260827 21:55:57.177 UserDefinsFunc(Func=RA003|bhno=F04|acno=0129354|suba=|FC=N,RA003)
20260827 21:55:57.177 return: 100
20260827 21:55:57.206 ReportQuery(F,F04,0129354,,0,*,1)
20260827 21:55:57.207 return: 100
20260827 21:55:57.207 DealQuery(F,F04,0129354,,*)
20260827 21:55:57.207 return: 100
20260827 21:55:57.207 UserDefinsFunc(Func=RA003|bhno=F04|acno=0129354|suba=|FC=N,RA003)
20260827 21:55:57.208 return: 100
20260827 21:55:57.208 ReportQuery(F,F04,0129354,,0,*,1)
20260827 21:55:57.208 return: 100
20260827 21:55:57.208 DealQuery(F,F04,0129354,,*)
20260827 21:55:57.208 return: 100
20260827 21:55:57.208 UserDefinsFunc(Func=RA003|bhno=F04|acno=0129354|suba=|FC=N,RA003)
20260827 21:55:57.208 return: 100
20260827 21:55:57.239 ReportQuery(F,F04,0129354,,0,*,1)
20260827 21:55:57.239 return: 100
20260827 21:55:57.239 DealQuery(F,F04,0129354,,*)
20260827 21:55:57.239 return: 100
20260827 21:55:57.239 UserDefinsFunc(Func=RA003|bhno=F04|acno=0129354|suba=|FC=N,RA003)
20260827 21:55:57.239 return: 100
20260827 21:55:57.239 ReportQuery(F,F04,0129354,,0,*,1)
20260827 21:55:57.239 return: 100
20260827 21:55:57.239 DealQuery(F,F04,0129354,,*)
20260827 21:55:57.239 return: 100
20260827 21:55:57.239 UserDefinsFunc(Func=RA003|bhno=F04|acno=0129354|suba=|FC=N,RA003)
20260827 21:55:57.239 return: 100
20260827 21:55:57.270 ReportQuery(F,F04,0129354,,0,*,1)
20260827 21:55:57.270 return: 100
20260827 21:55:57.270 DealQuery(F,F04,0129354,,*)
20260827 21:55:57.270 return: 100
20260827 21:55:57.270 UserDefinsFunc(Func=RA003|bhno=F04|acno=0129354|suba=|FC=N,RA003)
20260827 21:55:57.270 return: 100
20260827 21:55:57.274 ReportQuery(F,F04,0129354,,0,*,1)
20260827 21:55:57.274 return: 100
20260827 21:55:57.274 DealQuery(F,F04,0129354,,*)
20260827 21:55:57.274 return: 100
20260827 21:55:57.274 UserDefinsFunc(Func=RA003|bhno=F04|acno=0129354|suba=|FC=N,RA003)
20260827 21:55:57.274 return: 100
20260827 21:55:57.278 OnDealQuery(0):
20260827 21:55:57.278 OnReportQuery(0):
20260827 21:55:57.278 OnReportQuery(0):
20260827 21:55:57.278 OnUserDefinsFuncResult(0):retc=00001|time=215554|emsg=查無資料 (0)|caltime=2026/08/27 21:55:54
WorkID=RA003
20260827 21:55:57.278 OnDealQuery(0):
20260827 21:55:57.278 OnUserDefinsFuncResult(0):retc=00001|time=215554|emsg=查無資料 (0)|caltime=2026/08/27 21:55:54
WorkID=RA003
20260827 21:55:57.278 OnDealQuery(0):
20260827 21:55:57.278 OnReportQuery(0):
20260827 21:55:57.280 OnReportQuery(0):
20260827 21:55:57.280 OnDealQuery(0):
20260827 21:55:57.280 OnReportQuery(0):
20260827 21:55:57.280 OnUserDefinsFuncResult(0):retc=00001|time=215554|emsg=查無資料 (0)|caltime=2026/08/27 21:55:54
WorkID=RA003
20260827 21:55:57.280 OnUserDefinsFuncResult(0):retc=00001|time=215554|emsg=查無資料 (0)|caltime=2026/08/27 21:55:54
WorkID=RA003
20260827 21:55:57.280 OnDealQuery(0):
20260827 21:55:57.280 OnUserDefinsFuncResult(0):retc=00001|time=215554|emsg=查無資料 (0)|caltime=2026/08/27 21:55:54
WorkID=RA003
20260827 21:55:57.280 OnUserDefinsFuncResult(0):retc=00001|time=215554|emsg=查無資料 (0)|caltime=2026/08/27 21:55:54
WorkID=RA003
20260827 21:55:57.280 OnUserDefinsFuncResult(0):retc=00001|time=215554|emsg=查無資料 (0)|caltime=2026/08/27 21:55:54
WorkID=RA003
20260827 21:55:57.281 OnUserDefinsFuncResult(0):retc=00001|time=215554|emsg=查無資料 (0)|caltime=2026/08/27 21:55:54
WorkID=RA003
20260827 21:55:57.281 OnUserDefinsFuncResult(0):retc=00001|time=215554|emsg=查無資料 (0)|caltime=2026/08/27 21:55:54
WorkID=RA003
20260827 21:55:57.281 OnUserDefinsFuncResult(0):retc=00001|time=215554|emsg=查無資料 (0)|caltime=2026/08/27 21:55:54
WorkID=RA003
20260827 21:55:57.281 OnUserDefinsFuncResult(0):retc=00001|time=215554|emsg=查無資料 (0)|caltime=2026/08/27 21:55:54
WorkID=RA003
20260827 21:55:57.281 OnUserDefinsFuncResult(0):retc=00001|time=215554|emsg=查無資料 (0)|caltime=2026/08/27 21:55:54
WorkID=RA003
20260827 21:55:57.281 OnUserDefinsFuncResult(0):retc=00001|time=215554|emsg=查無資料 (0)|caltime=2026/08/27 21:55:54
WorkID=RA003
20260827 21:55:57.281 OnUserDefinsFuncResult(0):retc=00001|time=215554|emsg=查無資料 (0)|caltime=2026/08/27 21:55:54
WorkID=RA003
20260827 21:55:57.282 OnUserDefinsFuncResult(0):retc=00001|time=215554|emsg=查無資料 (0)|caltime=2026/08/27 21:55:54
WorkID=RA003
20260827 21:55:57.282 OnUserDefinsFuncResult(0):retc=00001|time=215554|emsg=查無資料 (0)|caltime=2026/08/27 21:55:54
WorkID=RA003
20260827 21:55:57.304 OnDealQuery(0):
20260827 21:55:57.304 OnReportQuery(0):
20260827 21:55:57.304 OnReportQuery(0):
20260827 21:55:57.304 OnDealQuery(0):
20260827 21:55:57.304 OnDealQuery(0):
20260827 21:55:57.304 OnReportQuery(0):
20260827 21:55:57.306 ReportQuery(F,F04,0129354,,0,*,1)
20260827 21:55:57.306 OnDealQuery(0):
20260827 21:55:57.306 OnDealQuery(0):
20260827 21:55:57.306 OnReportQuery(0):
20260827 21:55:57.306 OnReportQuery(0):
20260827 21:55:57.306 OnReportQuery(0):
20260827 21:55:57.306 OnReportQuery(0):
20260827 21:55:57.306 OnDealQuery(0):
20260827 21:55:57.306 OnDealQuery(0):
20260827 21:55:57.307 OnReportQuery(0):
20260827 21:55:57.307 OnDealQuery(0):
20260827 21:55:57.307 OnReportQuery(0):
20260827 21:55:57.307 OnDealQuery(0):
20260827 21:55:57.307 OnUserDefinsFuncResult(0):retc=00001|time=215554|emsg=查無資料 (0)|caltime=2026/08/27 21:55:54
WorkID=RA003
20260827 21:55:57.307 OnUserDefinsFuncResult(0):retc=00001|time=215554|emsg=查無資料 (0)|caltime=2026/08/27 21:55:54
WorkID=RA003
20260827 21:55:57.307 OnUserDefinsFuncResult(0):retc=00001|time=215554|emsg=查無資料 (0)|caltime=2026/08/27 21:55:54
WorkID=RA003
20260827 21:55:57.307 OnUserDefinsFuncResult(0):retc=00001|time=215554|emsg=查無資料 (0)|caltime=2026/08/27 21:55:54
WorkID=RA003
20260827 21:55:57.307 OnUserDefinsFuncResult(0):retc=00001|time=215554|emsg=查無資料 (0)|caltime=2026/08/27 21:55:54
WorkID=RA003
20260827 21:55:57.308 OnUserDefinsFuncResult(0):retc=00001|time=215554|emsg=查無資料 (0)|caltime=2026/08/27 21:55:54
WorkID=RA003
20260827 21:55:57.308 OnUserDefinsFuncResult(0):retc=00001|time=215554|emsg=查無資料 (0)|caltime=2026/08/27 21:55:54
WorkID=RA003
20260827 21:55:57.308 OnUserDefinsFuncResult(0):retc=00001|time=215554|emsg=查無資料 (0)|caltime=2026/08/27 21:55:54
WorkID=RA003
20260827 21:55:57.319 return: 100
20260827 21:55:57.319 DealQuery(F,F04,0129354,,*)
20260827 21:55:57.327 OnDealQuery(0):
20260827 21:55:57.327 OnReportQuery(0):
20260827 21:55:57.327 return: 100
20260827 21:55:57.327 OnDealQuery(0):
20260827 21:55:57.327 UserDefinsFunc(Func=RA003|bhno=F04|acno=0129354|suba=|FC=N,RA003)
20260827 21:55:57.327 OnReportQuery(0):
20260827 21:55:57.328 OnReportQuery(0):
20260827 21:55:57.328 return: 100
20260827 21:55:57.328 OnReportQuery(0):
20260827 21:55:57.328 ReportQuery(F,F04,0129354,,0,*,1)
20260827 21:55:57.328 OnReportQuery(0):
20260827 21:55:57.328 OnDealQuery(0):
20260827 21:55:57.328 return: 100
20260827 21:55:57.328 OnDealQuery(0):
20260827 21:55:57.329 OnDealQuery(0):
20260827 21:55:57.329 DealQuery(F,F04,0129354,,*)
20260827 21:55:57.329 OnDealQuery(0):
20260827 21:55:57.329 OnReportQuery(0):
20260827 21:55:57.329 OnDealQuery(0):
20260827 21:55:57.329 OnReportQuery(0):
20260827 21:55:57.329 OnReportQuery(0):
20260827 21:55:57.329 OnDealQuery(0):
20260827 21:55:57.329 OnUserDefinsFuncResult
20260827 21:55:57.329 return: =查無資料 (0)|caltime=2026/08/27 21:55:54
WorkID=RA003100
20260827 21:55:57.330 OnUserDefinsFuncResult(0):retc=00001|time=215554|emsg=查無資料 (0)|caltime=2026/08/27 21:55:54
WorkID=RA003
20260827 21:55:57.330 OnUserDefinsFuncResult(0):retc=00001|time=215554|emsg=查無資料 (0)|caltime=2026/08/27 21:55:54
WorkID=RA003
20260827 21:55:57.330 UserDefinsFunc(Func=RA003|bhno=F04|acno=0129354|suba=|FC=N,RA003)
20260827 21:55:57.330 OnUserDefinsFuncResult(0):retc=00001|time=215554|emsg=查無資料 (0)|caltime=2026/08/27 21:55:54
WorkID=RA003
20260827 21:55:57.330 return: 100
20260827 21:55:57.330 OnUserDefinsFuncResult(0):retc=00001|time=215554|emsg=查無資料 (0)|caltime=2026/08/27 21:55:54
WorkID=RA003
20260827 21:55:57.330 OnReportQuery(0):
20260827 21:55:57.330 OnDealQuery(0):
20260827 21:55:57.330 OnUserDefinsFuncResult(0):retc=00001|time=215554|emsg=查無資料 (0)|caltime=2026/08/27 21:55:54
WorkID=RA003
20260827 21:55:57.331 OnReportQuery(0):
20260827 21:55:57.331 OnReportQuery(0):
20260827 21:55:57.331 OnDealQuery(0):
20260827 21:55:57.331 OnDealQuery(0):
20260827 21:55:57.332 OnDealQuery(0):
20260827 21:55:57.332 OnReportQuery(0):
20260827 21:55:57.332 OnReportQuery(0):
20260827 21:55:57.332 OnDealQuery(0):
20260827 21:55:57.332 OnReportQuery(0):
20260827 21:55:57.332 OnReportQuery(0):
20260827 21:55:57.332 OnDealQuery(0):
20260827 21:55:57.332 OnReportQuery(0):
20260827 21:55:57.333 OnDealQuery(0):
20260827 21:55:57.333 OnDealQuery(0):
20260827 21:55:57.333 OnDealQuery(0):
20260827 21:55:57.333 OnDealQuery(0):
20260827 21:55:57.333 OnReportQuery(0):
20260827 21:55:57.333 OnReportQuery(0):
20260827 21:55:57.333 OnUserDefinsFuncResult(0):retc=00001|time=215555|emsg=查無資料 (0)|caltime=2026/08/27 21:55:54
WorkID=RA003
20260827 21:55:57.334 OnUserDefinsFuncResult(0):retc=00001|time=215555|emsg=查無資料 (0)|caltime=2026/08/27 21:55:54
WorkID=RA003
20260827 21:55:57.334 OnUserDefinsFuncResult(0):retc=00001|time=215555|emsg=查無資料 (0)|caltime=2026/08/27 21:55:54
WorkID=RA003
20260827 21:55:57.334 OnUserDefinsFuncResult(0):retc=00001|time=215555|emsg=查無資料 (0)|caltime=2026/08/27 21:55:54
WorkID=RA003
20260827 21:55:57.341 OnDealQuery(0):
20260827 21:55:57.341 OnReportQuery(0):
20260827 21:55:57.342 OnReportQuery(0):
20260827 21:55:57.342 OnUserDefinsFuncResult(0):retc=00001|time=215555|emsg=查無資料 (0)|caltime=2026/08/27 21:55:54
WorkID=RA003
20260827 21:55:57.342 OnDealQuery(0):
20260827 21:55:57.343 OnReportQuery(0):
20260827 21:55:57.343 OnDealQuery(0):
20260827 21:55:57.343 OnUserDefinsFuncResult(0):retc=00001|time=215555|emsg=查無資料 (0)|caltime=2026/08/27 21:55:54
WorkID=RA003
20260827 21:55:57.343 OnReportQuery(0):
20260827 21:55:57.343 OnDealQuery(0):
20260827 21:55:57.343 OnReportQuery(0):
20260827 21:55:57.343 OnDealQuery(0):
20260827 21:55:57.343 OnDealQuery(0):
20260827 21:55:57.344 OnReportQuery(0):
20260827 21:55:57.344 OnReportQuery(0):
20260827 21:55:57.344 OnUserDefinsFuncResult(0):retc=00001|time=215555|emsg=查無資料 (0)|caltime=2026/08/27 21:55:54
WorkID=RA003
20260827 21:55:57.344 OnDealQuery(0):
20260827 21:55:57.344 OnReportQuery(0):
20260827 21:55:57.344 OnDealQuery(0):
20260827 21:55:57.344 OnUserDefinsFuncResult(0):retc=00001|time=215555|emsg=查無資料 (0)|caltime=2026/08/27 21:55:54
WorkID=RA003
20260827 21:55:57.344 OnReportQuery(0):
20260827 21:55:57.345 OnUserDefinsFuncResult(0):retc=00001|time=215555|emsg=查無資料 (0)|caltime=2026/08/27 21:55:54
WorkID=RA003
20260827 21:55:57.345 OnUserDefinsFuncResult(0):retc=00001|time=215555|emsg=查無資料 (0)|caltime=2026/08/27 21:55:54
WorkID=RA003
20260827 21:55:57.345 OnUserDefinsFuncResult(0):retc=00001|time=215555|emsg=查無資料 (0)|caltime=2026/08/27 21:55:54
WorkID=RA003
20260827 21:55:57.345 OnUserDefinsFuncResult(0):retc=00001|time=215555|emsg=查無資料 (0)|caltime=2026/08/27 21:55:54
WorkID=RA003
20260827 21:55:57.345 OnUserDefinsFuncResult(0):retc=00001|time=215555|emsg=查無資料 (0)|caltime=2026/08/27 21:55:54
WorkID=RA003
20260827 21:55:57.345 OnUserDefinsFuncResult(0):retc=00001|time=215555|emsg=查無資料 (0)|caltime=2026/08/27 21:55:54
WorkID=RA003
20260827 21:55:57.346 OnDealQuery(0):
20260827 21:55:57.346 OnReportQuery(0):
20260827 21:55:57.346 OnDealQuery(0):
20260827 21:55:57.346 OnReportQuery(0):
20260827 21:55:57.347 OnDealQuery(0):
20260827 21:55:57.347 OnDealQuery(0):
20260827 21:55:57.347 OnReportQuery(0):
20260827 21:55:57.347 OnReportQuery(0):
20260827 21:55:57.347 OnDealQuery(0):
20260827 21:55:57.347 OnUserDefinsFuncResult(0):retc=00001|time=215555|emsg=查無資料 (0)|caltime=2026/08/27 21:55:54
WorkID=RA003
20260827 21:55:57.348 OnUserDefinsFuncResult(0):retc=00001|time=215555|emsg=查無資料 (0)|caltime=2026/08/27 21:55:54
WorkID=RA003
20260827 21:55:57.348 OnUserDefinsFuncResult(0):retc=00001|time=215555|emsg=查無資料 (0)|caltime=2026/08/27 21:55:54
WorkID=RA003
20260827 21:55:57.348 OnUserDefinsFuncResult(0):retc=00001|time=215555|emsg=查無資料 (0)|caltime=2026/08/27 21:55:54
WorkID=RA003
20260827 21:55:57.348 OnReportQuery(0):
20260827 21:55:57.348 OnUserDefinsFuncResult(0):retc=00001|time=215555|emsg=查無資料 (0)|caltime=2026/08/27 21:55:54
WorkID=RA003
20260827 21:55:57.348 OnDealQuery(0):
20260827 21:55:57.348 OnUserDefinsFuncResult(0):retc=00001|time=215555|emsg=查無資料 (0)|caltime=2026/08/27 21:55:54
WorkID=RA003
20260827 21:55:57.348 OnReportQuery(0):
20260827 21:55:57.348 OnDealQuery(0):
20260827 21:55:57.348 OnReportQuery(0):
20260827 21:55:57.348 OnDealQuery(0):
20260827 21:55:57.348 OnUserDefinsFuncResult(0):retc=00001|time=215555|emsg=查無資料 (0)|caltime=2026/08/27 21:55:54
WorkID=RA003
20260827 21:55:57.348 OnDealQuery(0):
20260827 21:55:57.349 OnReportQuery(0):
20260827 21:55:57.349 OnReportQuery(0):
20260827 21:55:57.349 OnUserDefinsFuncResult(0):retc=00001|time=215555|emsg=查無資料 (0)|caltime=2026/08/27 21:55:54
WorkID=RA003
20260827 21:55:57.349 OnDealQuery(0):
20260827 21:55:57.349 OnReportQuery(0):
20260827 21:55:57.349 OnDealQuery(0):
20260827 21:55:57.349 OnUserDefinsFuncResult(0):retc=00001|time=215555|emsg=查無資料 (0)|caltime=2026/08/27 21:55:54
WorkID=RA003
20260827 21:55:57.349 OnReportQuery(0):
20260827 21:55:57.349 OnDealQuery(0):
20260827 21:55:57.349 OnUserDefinsFuncResult(0):retc=00001|time=215555|emsg=查無資料 (0)|caltime=2026/08/27 21:55:54
WorkID=RA003
20260827 21:55:57.350 OnUserDefinsFuncResult(0):retc=00001|time=215555|emsg=查無資料 (0)|caltime=2026/08/27 21:55:54
WorkID=RA003
20260827 21:55:57.350 OnReportQuery(0):
20260827 21:55:57.350 OnReportQuery(0):
20260827 21:55:57.350 OnDealQuery(0):
20260827 21:55:57.350 OnDealQuery(0):
20260827 21:55:57.350 OnDealQuery(0):
20260827 21:55:57.350 OnReportQuery(0):
20260827 21:55:57.350 OnReportQuery(0):
20260827 21:55:57.350 OnUserDefinsFuncResult(0):retc=00001|time=215555|emsg=查無資料 (0)|caltime=2026/08/27 21:55:54
WorkID=RA003
20260827 21:55:57.350 OnDealQuery(0):
20260827 21:55:57.350 OnReportQuery(0):
20260827 21:55:57.351 OnDealQuery(0):
20260827 21:55:57.351 OnUserDefinsFuncResult(0):retc=00001|time=215555|emsg=查無資料 (0)|caltime=2026/08/27 21:55:54
WorkID=RA003
20260827 21:55:57.351 OnUserDefinsFuncResult(0):retc=00001|time=215555|emsg=查無資料 (0)|caltime=2026/08/27 21:55:54
WorkID=RA003
20260827 21:55:57.351 OnUserDefinsFuncResult(0):retc=00001|time=215555|emsg=查無資料 (0)|caltime=2026/08/27 21:55:54
WorkID=RA003
20260827 21:55:57.351 OnReportQuery(0):
20260827 21:55:57.351 OnDealQuery(0):
20260827 21:55:57.351 OnDealQuery(0):
20260827 21:55:57.351 OnReportQuery(0):
20260827 21:55:57.351 OnDealQuery(0):
20260827 21:55:57.351 OnReportQuery(0):
20260827 21:55:57.351 OnReportQuery(0):
20260827 21:55:57.352 OnDealQuery(0):
20260827 21:55:57.352 OnUserDefinsFuncResult(0):retc=00001|time=215555|emsg=查無資料 (0)|caltime=2026/08/27 21:55:54
WorkID=RA003
20260827 21:55:57.352 OnReportQuery(0):
20260827 21:55:57.352 OnUserDefinsFuncResult(0):retc=00001|time=215555|emsg=查無資料 (0)|caltime=2026/08/27 21:55:54
WorkID=RA003
20260827 21:55:57.353 OnUserDefinsFuncResult(0):retc=00001|time=215555|emsg=查無資料 (0)|caltime=2026/08/27 21:55:54
WorkID=RA003
20260827 21:55:57.353 OnDealQuery(0):
20260827 21:55:57.353 OnDealQuery(0):
20260827 21:55:57.353 OnReportQuery(0):
20260827 21:55:57.353 OnReportQuery(0):
20260827 21:55:57.353 OnDealQuery(0):
20260827 21:55:57.353 OnUserDefinsFuncResult(0):retc=00001|time=215555|emsg=查無資料 (0)|caltime=2026/08/27 21:55:54
WorkID=RA003
20260827 21:55:57.353 OnUserDefinsFuncResult(0):retc=00001|time=215555|emsg=查無資料 (0)|caltime=2026/08/27 21:55:54
WorkID=RA003
20260827 21:55:57.354 OnReportQuery(0):
20260827 21:55:57.354 OnUserDefinsFuncResult(0):retc=00001|time=215555|emsg=查無資料 (0)|caltime=2026/08/27 21:55:55
WorkID=RA003
20260827 21:55:57.354 OnUserDefinsFuncResult(0):retc=00001|time=215555|emsg=查無資料 (0)|caltime=2026/08/27 21:55:54
WorkID=RA003
20260827 21:55:57.354 OnUserDefinsFuncResult(0):retc=00001|time=215555|emsg=查無資料 (0)|caltime=2026/08/27 21:55:55
WorkID=RA003
20260827 21:55:57.354 OnUserDefinsFuncResult(0):retc=00001|time=215555|emsg=查無資料 (0)|caltime=2026/08/27 21:55:54
WorkID=RA003
20260827 21:55:57.354 OnDealQuery(0):
20260827 21:55:57.357 OnUserDefinsFuncResult(0):retc=00001|time=215555|emsg=查無資料 (0)|caltime=2026/08/27 21:55:54
WorkID=RA003
20260827 21:55:57.358 OnReportQuery(0):
20260827 21:55:57.358 OnDealQuery(0):
20260827 21:55:57.358 OnReportQuery(0):
20260827 21:55:57.358 OnDealQuery(0):
20260827 21:55:57.358 OnDealQuery(0):
20260827 21:55:57.358 OnReportQuery(0):
20260827 21:55:57.358 OnReportQuery(0):
20260827 21:55:57.358 OnDealQuery(0):
20260827 21:55:57.359 OnReportQuery(0):
20260827 21:55:57.359 OnUserDefinsFuncResult(0):retc=00001|time=215555|emsg=查無資料 (0)|caltime=2026/08/27 21:55:55
WorkID=RA003
20260827 21:55:57.359 OnDealQuery(0):
20260827 21:55:57.359 OnReportQuery(0):
20260827 21:55:57.359 OnDealQuery(0):
20260827 21:55:57.359 OnReportQuery(0):
20260827 21:55:57.360 OnDealQuery(0):
20260827 21:55:57.360 OnDealQuery(0):
20260827 21:55:57.360 OnReportQuery(0):
20260827 21:55:57.360 OnUserDefinsFuncResult(0):retc=00001|time=215555|emsg=查無資料 (0)|caltime=2026/08/27 21:55:55
WorkID=RA003
20260827 21:55:57.360 OnUserDefinsFuncResult(0):retc=00001|time=215555|emsg=查無資料 (0)|caltime=2026/08/27 21:55:55
WorkID=RA003
20260827 21:55:57.360 OnUserDefinsFuncResult(0):retc=00001|time=215555|emsg=查無資料 (0)|caltime=2026/08/27 21:55:55
WorkID=RA003
20260827 21:55:57.360 OnUserDefinsFuncResult(0):retc=00001|time=215555|emsg=查無資料 (0)|caltime=2026/08/27 21:55:55
WorkID=RA003
20260827 21:55:57.360 OnReportQuery(0):
20260827 21:55:57.360 OnUserDefinsFuncResult(0):retc=00001|time=215555|emsg=查無資料 (0)|caltime=2026/08/27 21:55:55
WorkID=RA003
20260827 21:55:57.360 OnUserDefinsFuncResult(0):retc=00001|time=215555|emsg=查無資料 (0)|caltime=2026/08/27 21:55:55
WorkID=RA003
20260827 21:55:57.360 OnUserDefinsFuncResult(0):retc=00001|time=215555|emsg=查無資料 (0)|caltime=2026/08/27 21:55:55
WorkID=RA003
20260827 21:55:57.360 OnUserDefinsFuncResult(0):retc=00001|time=215555|emsg=查無資料 (0)|caltime=2026/08/27 21:55:55
WorkID=RA003
20260827 21:55:57.360 OnUserDefinsFuncResult(0):retc=00001|time=215555|emsg=查無資料 (0)|caltime=2026/08/27 21:55:55
WorkID=RA003
20260827 21:55:57.360 OnUserDefinsFuncResult(0):retc=00001|time=215555|emsg=查無資料 (0)|caltime=2026/08/27 21:55:55
WorkID=RA003
20260827 21:55:57.360 OnUserDefinsFuncResult(0):retc=00001|time=215555|emsg=查無資料 (0)|caltime=2026/08/27 21:55:55
WorkID=RA003
20260827 21:55:57.360 OnUserDefinsFuncResult(0):retc=00001|time=215555|emsg=查無資料 (0)|caltime=2026/08/27 21:55:55
WorkID=RA003
20260827 21:55:57.360 OnUserDefinsFuncResult(0):retc=00001|time=215555|emsg=查無資料 (0)|caltime=2026/08/27 21:55:55
WorkID=RA003
20260827 21:55:57.360 OnUserDefinsFuncResult(0):retc=00001|time=215555|emsg=查無資料 (0)|caltime=2026/08/27 21:55:55
WorkID=RA003
20260827 21:55:57.360 OnReportQuery(0):
20260827 21:55:57.360 OnDealQuery(0):
20260827 21:55:57.360 OnDealQuery(0):
20260827 21:55:57.360 OnReportQuery(0):
20260827 21:55:57.360 OnDealQuery(0):
20260827 21:55:57.360 OnReportQuery(0):
20260827 21:55:57.360 OnReportQuery(0):
20260827 21:55:57.360 OnDealQuery(0):
20260827 21:55:57.360 OnDealQuery(0):
20260827 21:55:57.360 OnDealQuery(0):
20260827 21:55:57.360 OnReportQuery(0):
20260827 21:55:57.360 OnUserDefinsFuncResult(0):retc=00001|time=215555|emsg=查無資料 (0)|caltime=2026/08/27 21:55:55
WorkID=RA003
20260827 21:55:57.360 OnUserDefinsFuncResult(0):retc=00001|time=215555|emsg=查無資料 (0)|caltime=2026/08/27 21:55:55
WorkID=RA003
20260827 21:55:57.360 OnUserDefinsFuncResult(0):retc=00001|time=215555|emsg=查無資料 (0)|caltime=2026/08/27 21:55:55
WorkID=RA003
20260827 21:55:57.360 OnUserDefinsFuncResult(0):retc=00001|time=215555|emsg=查無資料 (0)|caltime=2026/08/27 21:55:55
WorkID=RA003
20260827 21:55:57.360 OnUserDefinsFuncResult(0):retc=00001|time=215555|emsg=查無資料 (0)|caltime=2026/08/27 21:55:55
WorkID=RA003
20260827 21:55:57.365 ReportQuery(F,F04,0129354,,0,*,1)
20260827 21:55:57.368 return: 100
20260827 21:55:57.368 DealQuery(F,F04,0129354,,*)
20260827 21:55:57.369 OnReportQuery(0):
20260827 21:55:57.369 OnDealQuery(0):
20260827 21:55:57.369 OnReportQuery(0):
20260827 21:55:57.369 OnDealQuery(0):
20260827 21:55:57.369 OnDealQuery(0):
20260827 21:55:57.370 OnReportQuery(0):
20260827 21:55:57.370 OnUserDefinsFuncResult(0):retc=00001|time=215557|emsg=查無資料 (0)|caltime=2026/08/27 21:55:57
WorkID=RA003
20260827 21:55:57.370 OnUserDefinsFuncResult(0):retc=00001|time=215557|emsg=查無資料 (0)|caltime=2026/08/27 21:55:57
WorkID=RA003
20260827 21:55:57.370 OnUserDefinsFuncResult(0):retc=00001|time=215557|emsg=查無資料 (0)|caltime=2026/08/27 21:55:57
WorkID=RA003
20260827 21:55:57.390 OnReportQuery(0):
20260827 21:55:57.391 OnDealQuery(0):
20260827 21:55:57.391 OnDealQuery(0):
20260827 21:55:57.391 return: 100
20260827 21:55:57.391 OnReportQuery(0):
20260827 21:55:57.391 UserDefinsFunc(Func=RA003|bhno=F04|acno=0129354|suba=|FC=N,RA003)
20260827 21:55:57.391 OnDealQuery(0):
20260827 21:55:57.391 OnReportQuery(0):
20260827 21:55:57.391 OnDealQuery(0):
20260827 21:55:57.391 OnReportQuery(0):
20260827 21:55:57.392 OnReportQuery(0):
20260827 21:55:57.392 OnReportQuery(0):
20260827 21:55:57.392 OnReportQuery(0):
20260827 21:55:57.392 return: 100
20260827 21:55:57.392 OnDealQuery(0):
20260827 21:55:57.392 OnDealQuery(0):
20260827 21:55:57.392 ReportQuery(F,F04,0129354,,0,*,1)
20260827 21:55:57.392 OnReportQuery(0):
20260827 21:55:57.392 OnReportQuery(0):
20260827 21:55:57.392 OnDealQuery(0):
20260827 21:55:57.392 OnDealQuery(0):
20260827 21:55:57.392 return: 100
20260827 21:55:57.392 OnUserDefinsFuncResult(0):retc=00001|time=215557|emsg=查無資料 (0)|caltime=2026/08/27 21:55:57
WorkID=RA003
20260827 21:55:57.392 DealQuery(F,F04,0129354,,*)
20260827 21:55:57.393 OnDealQuery(0):
20260827 21:55:57.393 OnUserDefinsFuncResult(0):retc=00001|time=215557|emsg=查無資料 (0)|caltime=2026/08/27 21:55:57
WorkID=RA003
20260827 21:55:57.393 OnDealQuery(0):
20260827 21:55:57.393 return: 100
20260827 21:55:57.393 OnUserDefinsFuncResult(0):retc=00001|time=215557|emsg=查無資料 (0)|caltime=2026/08/27 21:55:57
WorkID=RA003
20260827 21:55:57.393 UserDefinsFunc(Func=RA003|bhno=F04|acno=0129354|suba=|FC=N,RA003)
20260827 21:55:57.393 OnReportQuery(0):
20260827 21:55:57.393 OnUserDefinsFuncResult(0):retc=00001|time=215557|emsg=查無資料 (0)|caltime=2026/08/27 21:55:57
WorkID=RA003
20260827 21:55:57.393 OnDealQuery(0):
20260827 21:55:57.393 return: 100
20260827 21:55:57.393 OnUserDefinsFuncResult(0):retc=00001|time=215557|emsg=查無資料 (0)|caltime=2026/08/27 21:55:57
WorkID=RA003
20260827 21:55:57.393 OnReportQuery(0):
20260827 21:55:57.394 OnReportQuery(0):
20260827 21:55:57.394 OnDealQuery(0):
20260827 21:55:57.394 OnReportQuery(0):
20260827 21:55:57.395 OnUserDefinsFuncResult(0):retc=00001|time=215557|emsg=查無資料 (0)|caltime=2026/08/27 21:55:57
WorkID=RA003
20260827 21:55:57.395 OnReportQuery(0):
20260827 21:55:57.395 OnDealQuery(0):
20260827 21:55:57.395 OnDealQuery(0):
20260827 21:55:57.396 OnDealQuery(0):
20260827 21:55:57.396 OnReportQuery(0):
20260827 21:55:57.396 OnDealQuery(0):
20260827 21:55:57.396 OnUserDefinsFuncResult(0):retc=00001|time=215557|emsg=查無資料 (0)|caltime=2026/08/27 21:55:57
WorkID=RA003
20260827 21:55:57.396 OnDealQuery(0):
20260827 21:55:57.397 OnUserDefinsFuncResult(0):retc=00001|time=215557|emsg=查無資料 (0)|caltime=2026/08/27 21:55:57
WorkID=RA003
20260827 21:55:57.397 OnReportQuery(0):
20260827 21:55:57.397 OnReportQuery(0):
20260827 21:55:57.397 OnUserDefinsFuncResult(0):retc=00001|time=215557|emsg=查無資料 (0)|caltime=2026/08/27 21:55:57
WorkID=RA003
20260827 21:55:57.398 OnDealQuery(0):
20260827 21:55:57.398 OnReportQuery(0):
20260827 21:55:57.398 OnDealQuery(0):
20260827 21:55:57.398 OnReportQuery(0):
20260827 21:55:57.398 OnDealQuery(0):
20260827 21:55:57.398 OnReportQuery(0):
20260827 21:55:57.398 OnReportQuery(0):
20260827 21:55:57.399 OnReportQuery(0):
20260827 21:55:57.399 OnUserDefinsFuncResult(0):retc=00001|time=215557|emsg=查無資料 (0)|caltime=2026/08/27 21:55:57
WorkID=RA003
20260827 21:55:57.399 OnDealQuery(0):
20260827 21:55:57.399 OnUserDefinsFuncResult(0):retc=00001|time=215557|emsg=查無資料 (0)|caltime=2026/08/27 21:55:57
WorkID=RA003
20260827 21:55:57.399 OnDealQuery(0):
20260827 21:55:57.399 OnReportQuery(0):
20260827 21:55:57.399 OnUserDefinsFuncResult(0):retc=00001|time=215557|emsg=查無資料 (0)|caltime=2026/08/27 21:55:57
WorkID=RA003
20260827 21:55:57.399 OnUserDefinsFuncResult(0):retc=00001|time=215557|emsg=查無資料 (0)|caltime=2026/08/27 21:55:57
WorkID=RA003
20260827 21:55:57.399 OnUserDefinsFuncResult(0):retc=00001|time=215557|emsg=查無資料 (0)|caltime=2026/08/27 21:55:57
WorkID=RA003
20260827 21:55:57.399 OnUserDefinsFuncResult(0):retc=00001|time=215557|emsg=查無資料 (0)|caltime=2026/08/27 21:55:57
WorkID=RA003
20260827 21:55:57.399 OnUserDefinsFuncResult(0):retc=00001|time=215557|emsg=查無資料 (0)|caltime=2026/08/27 21:55:57
WorkID=RA003
20260827 21:55:57.399 OnUserDefinsFuncResult(0):retc=00001|time=215557|emsg=查無資料 (0)|caltime=2026/08/27 21:55:57
WorkID=RA003
20260827 21:55:57.399 OnUserDefinsFuncResult(0):retc=00001|time=215557|emsg=查無資料 (0)|caltime=2026/08/27 21:55:57
WorkID=RA003
20260827 21:55:57.400 OnDealQuery(0):
20260827 21:55:57.400 OnDealQuery(0):
20260827 21:55:57.400 OnReportQuery(0):
20260827 21:55:57.400 OnReportQuery(0):
20260827 21:55:57.400 OnUserDefinsFuncResult(0):retc=00001|time=215557|emsg=查無資料 (0)|caltime=2026/08/27 21:55:57
WorkID=RA003
20260827 21:55:57.400 OnUserDefinsFuncResult(0):retc=00001|time=215557|emsg=查無資料 (0)|caltime=2026/08/27 21:55:57
WorkID=RA003
20260827 21:55:57.400 OnUserDefinsFuncResult(0):retc=00001|time=215557|emsg=查無資料 (0)|caltime=2026/08/27 21:55:57
WorkID=RA003
20260827 21:55:57.400 OnDealQuery(0):
20260827 21:55:57.400 OnUserDefinsFuncResult(0):retc=00001|time=215557|emsg=查無資料 (0)|caltime=2026/08/27 21:55:57
WorkID=RA003
20260827 21:55:57.400 OnUserDefinsFuncResult(0):retc=00001|time=215557|emsg=查無資料 (0)|caltime=2026/08/27 21:55:57
WorkID=RA003
20260827 21:55:57.400 OnDealQuery(0):
20260827 21:55:57.400 OnDealQuery(0):
20260827 21:55:57.400 OnDealQuery(0):
20260827 21:55:57.400 OnReportQuery(0):
20260827 21:55:57.401 OnReportQuery(0):
20260827 21:55:57.401 OnReportQuery(0):
20260827 21:55:57.401 OnReportQuery(0):
20260827 21:55:57.401 OnUserDefinsFuncResult(0):retc=00001|time=215557|emsg=查無資料 (0)|caltime=2026/08/27 21:55:57
WorkID=RA003
20260827 21:55:57.401 OnDealQuery(0):
20260827 21:55:57.401 OnReportQuery(0):
20260827 21:55:57.401 OnDealQuery(0):
20260827 21:55:57.401 OnDealQuery(0):
20260827 21:55:57.401 OnReportQuery(0):
20260827 21:55:57.401 OnReportQuery(0):
20260827 21:55:57.401 OnDealQuery(0):
20260827 21:55:57.401 OnDealQuery(0):
20260827 21:55:57.401 OnReportQuery(0):
20260827 21:55:57.401 OnDealQuery(0):
20260827 21:55:57.401 OnDealQuery(0):
20260827 21:55:57.401 OnReportQuery(0):
20260827 21:55:57.401 OnReportQuery(0):
20260827 21:55:57.401 OnReportQuery(0):
20260827 21:55:57.401 OnUserDefinsFuncResult(0):retc=00001|time=215557|emsg=查無資料 (0)|caltime=2026/08/27 21:55:57
WorkID=RA003
20260827 21:55:57.401 OnUserDefinsFuncResult(0):retc=00001|time=215557|emsg=查無資料 (0)|caltime=2026/08/27 21:55:57
WorkID=RA003
20260827 21:55:57.401 OnDealQuery(0):
20260827 21:55:57.401 OnUserDefinsFuncResult(0):retc=00001|time=215557|emsg=查無資料 (0)|caltime=2026/08/27 21:55:57
WorkID=RA003
20260827 21:55:57.401 OnReportQuery(0):
20260827 21:55:57.401 OnUserDefinsFuncResult(0):retc=00001|time=215557|emsg=查無資料 (0)|caltime=2026/08/27 21:55:57
WorkID=RA003
20260827 21:55:57.401 OnDealQuery(0):
20260827 21:55:57.401 OnDealQuery(0):
20260827 21:55:57.401 OnReportQuery(0):
20260827 21:55:57.401 OnReportQuery(0):
20260827 21:55:57.401 OnReportQuery(0):
20260827 21:55:57.401 OnDealQuery(0):
20260827 21:55:57.401 OnDealQuery(0):
20260827 21:55:57.401 OnUserDefinsFuncResult(0):retc=00001|time=215557|emsg=查無資料 (0)|caltime=2026/08/27 21:55:57
WorkID=RA003
20260827 21:55:57.401 OnReportQuery(0):
20260827 21:55:57.401 OnDealQuery(0):
20260827 21:55:57.401 OnReportQuery(0):
20260827 21:55:57.401 OnUserDefinsFuncResult(0):retc=00001|time=215557|emsg=查無資料 (0)|caltime=2026/08/27 21:55:57
WorkID=RA003
20260827 21:55:57.401 OnDealQuery(0):
20260827 21:55:57.401 OnUserDefinsFuncResult(0):retc=00001|time=215557|emsg=查無資料 (0)|caltime=2026/08/27 21:55:57
WorkID=RA003
20260827 21:55:57.401 OnUserDefinsFuncResult(0):retc=00001|time=215557|emsg=查無資料 (0)|caltime=2026/08/27 21:55:57
WorkID=RA003
20260827 21:55:57.401 OnUserDefinsFuncResult(0):retc=00001|time=215557|emsg=查無資料 (0)|caltime=2026/08/27 21:55:57
WorkID=RA003
20260827 21:55:57.401 OnUserDefinsFuncResult(0):retc=00001|time=215557|emsg=查無資料 (0)|caltime=2026/08/27 21:55:57
WorkID=RA003
20260827 21:55:57.401 OnDealQuery(0):
20260827 21:55:57.401 OnDealQuery(0):
20260827 21:55:57.401 OnReportQuery(0):
20260827 21:55:57.401 OnReportQuery(0):
20260827 21:55:57.401 OnDealQuery(0):
20260827 21:55:57.401 OnReportQuery(0):
20260827 21:55:57.401 OnDealQuery(0):
20260827 21:55:57.401 OnUserDefinsFuncResult(0):retc=00001|time=215557|emsg=查無資料 (0)|caltime=2026/08/27 21:55:57
WorkID=RA003
20260827 21:55:57.401 OnReportQuery(0):
20260827 21:55:57.401 OnDealQuery(0):
20260827 21:55:57.401 OnReportQuery(0):
20260827 21:55:57.401 OnReportQuery(0):
20260827 21:55:57.401 OnDealQuery(0):
20260827 21:55:57.407 OnDealQuery(0):
20260827 21:55:57.407 OnDealQuery(0):
20260827 21:55:57.407 OnUserDefinsFuncResult(0):retc=00001|time=215557|emsg=查無資料 (0)|caltime=2026/08/27 21:55:57
WorkID=RA003
20260827 21:55:57.407 OnUserDefinsFuncResult(0):retc=00001|time=215557|emsg=查無資料 (0)|caltime=2026/08/27 21:55:57
WorkID=RA003
20260827 21:55:57.407 OnReportQuery(0):
20260827 21:55:57.407 OnReportQuery(0):
20260827 21:55:57.407 OnUserDefinsFuncResult(0):retc=00001|time=215557|emsg=查無資料 (0)|caltime=2026/08/27 21:55:57
WorkID=RA003
20260827 21:55:57.408 OnUserDefinsFuncResult(0):retc=00001|time=215557|emsg=查無資料 (0)|caltime=2026/08/27 21:55:57
WorkID=RA003
20260827 21:55:57.408 OnUserDefinsFuncResult(0):retc=00001|time=215557|emsg=查無資料 (0)|caltime=2026/08/27 21:55:57
WorkID=RA003
20260827 21:55:57.408 OnUserDefinsFuncResult(0):retc=00001|time=215557|emsg=查無資料 (0)|caltime=2026/08/27 21:55:57
WorkID=RA003
20260827 21:55:57.408 OnUserDefinsFuncResult(0):retc=00001|time=215557|emsg=查無資料 (0)|caltime=2026/08/27 21:55:57
WorkID=RA003
20260827 21:55:57.408 OnUserDefinsFuncResult(0):retc=00001|time=215557|emsg=查無資料 (0)|caltime=2026/08/27 21:55:57
WorkID=RA003
20260827 21:55:57.408 OnReportQuery(0):
20260827 21:55:57.408 OnDealQuery(0):
20260827 21:55:57.408 OnReportQuery(0):
20260827 21:55:57.409 OnReportQuery(0):
20260827 21:55:57.428 ReportQuery(F,F04,0129354,,0,*,1)
20260827 21:55:57.428 return: 100
20260827 21:55:57.428 DealQuery(F,F04,0129354,,*)
20260827 21:55:57.429 return: 100
20260827 21:55:57.431 UserDefinsFunc(Func=RA003|bhno=F04|acno=0129354|suba=|FC=N,RA003)
20260827 21:55:57.432 return: 100
20260827 21:55:57.432 ReportQuery(F,F04,0129354,,0,*,1)
20260827 21:55:57.432 return: 100
20260827 21:55:57.432 DealQuery(F,F04,0129354,,*)
20260827 21:55:57.432 return: 100
20260827 21:55:57.432 UserDefinsFunc(Func=RA003|bhno=F04|acno=0129354|suba=|FC=N,RA003)
20260827 21:55:57.433 return: 100
20260827 21:55:57.464 ReportQuery(F,F04,0129354,,0,*,1)
20260827 21:55:57.464 return: 100
20260827 21:55:57.465 DealQuery(F,F04,0129354,,*)
20260827 21:55:57.465 return: 100
20260827 21:55:57.465 UserDefinsFunc(Func=RA003|bhno=F04|acno=0129354|suba=|FC=N,RA003)
20260827 21:55:57.465 return: 100
20260827 21:55:57.465 ReportQuery(F,F04,0129354,,0,*,1)
20260827 21:55:57.465 return: 100
20260827 21:55:57.465 DealQuery(F,F04,0129354,,*)
20260827 21:55:57.465 return: 100
20260827 21:55:57.465 UserDefinsFunc(Func=RA003|bhno=F04|acno=0129354|suba=|FC=N,RA003)
20260827 21:55:57.466 return: 100
20260827 21:55:57.496 ReportQuery(F,F04,0129354,,0,*,1)
20260827 21:55:57.496 return: 100
20260827 21:55:57.496 DealQuery(F,F04,0129354,,*)
20260827 21:55:57.496 return: 100
20260827 21:55:57.497 UserDefinsFunc(Func=RA003|bhno=F04|acno=0129354|suba=|FC=N,RA003)
20260827 21:55:57.497 return: 100
20260827 21:55:57.497 ReportQuery(F,F04,0129354,,0,*,1)
20260827 21:55:57.497 return: 100
20260827 21:55:57.497 DealQuery(F,F04,0129354,,*)
20260827 21:55:57.498 return: 100
20260827 21:55:57.498 UserDefinsFunc(Func=RA003|bhno=F04|acno=0129354|suba=|FC=N,RA003)
20260827 21:55:57.498 return: 100
20260827 21:55:57.528 ReportQuery(F,F04,0129354,,0,*,1)
20260827 21:55:57.529 return: 100
20260827 21:55:57.529 DealQuery(F,F04,0129354,,*)
20260827 21:55:57.529 return: 100
20260827 21:55:57.529 UserDefinsFunc(Func=RA003|bhno=F04|acno=0129354|suba=|FC=N,RA003)
20260827 21:55:57.529 return: 100
20260827 21:55:57.529 ReportQuery(F,F04,0129354,,0,*,1)
20260827 21:55:57.529 return: 100
20260827 21:55:57.529 DealQuery(F,F04,0129354,,*)
20260827 21:55:57.529 return: 100
20260827 21:55:57.529 UserDefinsFunc(Func=RA003|bhno=F04|acno=0129354|suba=|FC=N,RA003)
20260827 21:55:57.529 return: 100
20260827 21:55:57.560 ReportQuery(F,F04,0129354,,0,*,1)
20260827 21:55:57.560 return: 100
20260827 21:55:57.560 DealQuery(F,F04,0129354,,*)
20260827 21:55:57.560 return: 100
20260827 21:55:57.560 UserDefinsFunc(Func=RA003|bhno=F04|acno=0129354|suba=|FC=N,RA003)
20260827 21:55:57.560 return: 100
20260827 21:55:57.561 ReportQuery(F,F04,0129354,,0,*,1)
20260827 21:55:57.561 return: 100
20260827 21:55:57.561 DealQuery(F,F04,0129354,,*)
20260827 21:55:57.561 return: 100
20260827 21:55:57.561 UserDefinsFunc(Func=RA003|bhno=F04|acno=0129354|suba=|FC=N,RA003)
20260827 21:55:57.561 return: 100
20260827 21:55:57.589 ReportQuery(F,F04,0129354,,0,*,1)
20260827 21:55:57.589 return: 100
20260827 21:55:57.589 DealQuery(F,F04,0129354,,*)
20260827 21:55:57.589 return: 100
20260827 21:55:57.589 UserDefinsFunc(Func=RA003|bhno=F04|acno=0129354|suba=|FC=N,RA003)
20260827 21:55:57.589 return: 100
20260827 21:55:57.589 ReportQuery(F,F04,0129354,,0,*,1)
20260827 21:55:57.589 return: 100
20260827 21:55:57.589 DealQuery(F,F04,0129354,,*)
20260827 21:55:57.589 return: 100
20260827 21:55:57.589 UserDefinsFunc(Func=RA003|bhno=F04|acno=0129354|suba=|FC=N,RA003)
20260827 21:55:57.589 return: 100
20260827 21:55:57.619 OnUserDefinsFuncResult(0):retc=00001|time=215557|emsg=查無資料 (0)|caltime=2026/08/27 21:55:57
WorkID=RA003
20260827 21:55:57.619 OnDealQuery(0):
20260827 21:55:57.619 OnDealQuery(0):
20260827 21:55:57.619 OnUserDefinsFuncResult(0):retc=00001|time=215557|emsg=查無資料 (0)|caltime=2026/08/27 21:55:57
WorkID=RA003
20260827 21:55:57.619 OnDealQuery(0):
20260827 21:55:57.619 OnReportQuery(0):
20260827 21:55:57.619 OnUserDefinsFuncResult(0):retc=00001|time=215557|emsg=查無資料 (0)|caltime=2026/08/27 21:55:57
WorkID=RA003
20260827 21:55:57.619 OnReportQuery(0):
20260827 21:55:57.619 OnUserDefinsFuncResult(0):retc=00001|time=215557|emsg=查無資料 (0)|caltime=2026/08/27 21:55:57
WorkID=RA003
20260827 21:55:57.620 OnDealQuery(0):
20260827 21:55:57.620 OnReportQuery(0):
20260827 21:55:57.620 OnDealQuery(0):
20260827 21:55:57.621 OnReportQuery(0):
20260827 21:55:57.621 OnDealQuery(0):
20260827 21:55:57.621 OnReportQuery(0):
20260827 21:55:57.621 OnDealQuery(0):
20260827 21:55:57.621 OnUserDefinsFuncResult(0):retc=00001|time=215557|emsg=查無資料 (0)|caltime=2026/08/27 21:55:57
WorkID=RA003
20260827 21:55:57.621 OnDealQuery(0):
20260827 21:55:57.621 OnUserDefinsFuncResult(0):retc=00001|time=215557|emsg=查無資料 (0)|caltime=2026/08/27 21:55:57
WorkID=RA003
20260827 21:55:57.621 OnReportQuery(0):
20260827 21:55:57.621 OnReportQuery(0):
20260827 21:55:57.622 OnDealQuery(0):
20260827 21:55:57.622 OnDealQuery(0):
20260827 21:55:57.622 OnReportQuery(0):
20260827 21:55:57.622 OnUserDefinsFuncResult(0):retc=00001|time=215557|emsg=查無資料 (0)|caltime=2026/08/27 21:55:57
WorkID=RA003
20260827 21:55:57.622 OnUserDefinsFuncResult(0):retc=00001|time=215557|emsg=查無資料 (0)|caltime=2026/08/27 21:55:57
WorkID=RA003
20260827 21:55:57.622 OnUserDefinsFuncResult(0):retc=00001|time=215557|emsg=查無資料 (0)|caltime=2026/08/27 21:55:57
WorkID=RA003
20260827 21:55:57.627 ReportQuery(F,F04,0129354,,0,*,1)
20260827 21:55:57.627 return: 100
20260827 21:55:57.627 DealQuery(F,F04,0129354,,*)
20260827 21:55:57.627 return: 100
20260827 21:55:57.627 UserDefinsFunc(Func=RA003|bhno=F04|acno=0129354|suba=|FC=N,RA003)
20260827 21:55:57.627 return: 100
20260827 21:55:57.628 ReportQuery(F,F04,0129354,,0,*,1)
20260827 21:55:57.628 return: 100
20260827 21:55:57.628 DealQuery(F,F04,0129354,,*)
20260827 21:55:57.628 return: 100
20260827 21:55:57.628 UserDefinsFunc(Func=RA003|bhno=F04|acno=0129354|suba=|FC=N,RA003)
20260827 21:55:57.628 return: 100
20260827 21:55:57.659 ReportQuery(F,F04,0129354,,0,*,1)
20260827 21:55:57.659 return: 100
20260827 21:55:57.660 DealQuery(F,F04,0129354,,*)
20260827 21:55:57.660 return: 100
20260827 21:55:57.660 UserDefinsFunc(Func=RA003|bhno=F04|acno=0129354|suba=|FC=N,RA003)
20260827 21:55:57.660 return: 100
20260827 21:55:57.660 ReportQuery(F,F04,0129354,,0,*,1)
20260827 21:55:57.660 return: 100
20260827 21:55:57.661 DealQuery(F,F04,0129354,,*)
20260827 21:55:57.661 return: 100
20260827 21:55:57.661 UserDefinsFunc(Func=RA003|bhno=F04|acno=0129354|suba=|FC=N,RA003)
20260827 21:55:57.661 return: 100
20260827 21:55:57.694 ReportQuery(F,F04,0129354,,0,*,1)
20260827 21:55:57.694 return: 100
20260827 21:55:57.694 DealQuery(F,F04,0129354,,*)
20260827 21:55:57.694 return: 100
20260827 21:55:57.695 UserDefinsFunc(Func=RA003|bhno=F04|acno=0129354|suba=|FC=N,RA003)
20260827 21:55:57.695 return: 100
20260827 21:55:57.695 ReportQuery(F,F04,0129354,,0,*,1)
20260827 21:55:57.695 return: 100
20260827 21:55:57.695 DealQuery(F,F04,0129354,,*)
20260827 21:55:57.695 return: 100
20260827 21:55:57.695 UserDefinsFunc(Func=RA003|bhno=F04|acno=0129354|suba=|FC=N,RA003)
20260827 21:55:57.695 return: 100
20260827 21:55:57.717 OnDealQuery(0):
20260827 21:55:57.717 OnUserDefinsFuncResult(0):retc=00001|time=215557|emsg=查無資料 (0)|caltime=2026/08/27 21:55:57
WorkID=RA003
20260827 21:55:57.720 OnReportQuery(0):
20260827 21:55:57.720 OnUserDefinsFuncResult(0):retc=00001|time=215557|emsg=查無資料 (0)|caltime=2026/08/27 21:55:57
WorkID=RA003
20260827 21:55:57.720 OnDealQuery(0):
20260827 21:55:57.720 OnUserDefinsFuncResult(0):retc=00001|time=215557|emsg=查無資料 (0)|caltime=2026/08/27 21:55:57
WorkID=RA003
20260827 21:55:57.720 OnUserDefinsFuncResult(0):retc=00001|time=215557|emsg=查無資料 (0)|caltime=2026/08/27 21:55:57
WorkID=RA003
20260827 21:55:57.720 OnReportQuery(0):
20260827 21:55:57.720 OnReportQuery(0):
20260827 21:55:57.722 OnReportQuery(0):
20260827 21:55:57.722 OnDealQuery(0):
20260827 21:55:57.722 OnDealQuery(0):
20260827 21:55:57.722 OnReportQuery(0):
20260827 21:55:57.723 OnReportQuery(0):
20260827 21:55:57.723 OnDealQuery(0):
20260827 21:55:57.723 OnDealQuery(0):
20260827 21:55:57.723 OnReportQuery(0):
20260827 21:55:57.723 OnDealQuery(0):
20260827 21:55:57.723 OnDealQuery(0):
20260827 21:55:57.723 OnReportQuery(0):
20260827 21:55:57.723 OnReportQuery(0):
20260827 21:55:57.723 OnUserDefinsFuncResult(0):retc=00001|time=215557|emsg=查無資料 (0)|caltime=2026/08/27 21:55:57
WorkID=RA003
20260827 21:55:57.724 OnUserDefinsFuncResult(0):retc=00001|time=215557|emsg=查無資料 (0)|caltime=2026/08/27 21:55:57
WorkID=RA003
20260827 21:55:57.724 OnUserDefinsFuncResult(0):retc=00001|time=215557|emsg=查無資料 (0)|caltime=2026/08/27 21:55:57
WorkID=RA003
20260827 21:55:57.724 OnUserDefinsFuncResult(0):retc=00001|time=215557|emsg=查無資料 (0)|caltime=2026/08/27 21:55:57
WorkID=RA003
20260827 21:55:57.724 OnUserDefinsFuncResult(0):retc=00001|time=215557|emsg=查無資料 (0)|caltime=2026/08/27 21:55:57
WorkID=RA003
20260827 21:55:57.724 OnUserDefinsFuncResult(0):retc=00001|time=215557|emsg=查無資料 (0)|caltime=2026/08/27 21:55:57
WorkID=RA003
20260827 21:55:57.725 OnUserDefinsFuncResult(0):retc=00001|time=215557|emsg=查無資料 (0)|caltime=2026/08/27 21:55:57
WorkID=RA003
20260827 21:55:57.725 OnUserDefinsFuncResult(0):retc=00001|time=215557|emsg=查無資料 (0)|caltime=2026/08/27 21:55:57
WorkID=RA003
20260827 21:55:57.725 OnUserDefinsFuncResult(0):retc=00001|time=215557|emsg=查無資料 (0)|caltime=2026/08/27 21:55:57
WorkID=RA003
20260827 21:55:57.725 OnUserDefinsFuncResult(0):retc=00001|time=215557|emsg=查無資料 (0)|caltime=2026/08/27 21:55:57
WorkID=RA003
20260827 21:55:57.725 OnUserDefinsFuncResult(0):retc=00001|time=215557|emsg=查無資料 (0)|caltime=2026/08/27 21:55:57
WorkID=RA003
20260827 21:55:57.725 OnUserDefinsFuncResult(0):retc=00001|time=215557|emsg=查無資料 (0)|caltime=2026/08/27 21:55:57
WorkID=RA003
20260827 21:55:57.725 OnUserDefinsFuncResult(0):retc=00001|time=215557|emsg=查無資料 (0)|caltime=2026/08/27 21:55:57
WorkID=RA003
20260827 21:55:57.725 OnUserDefinsFuncResult(0):retc=00001|time=215557|emsg=查無資料 (0)|caltime=2026/08/27 21:55:57
WorkID=RA003
20260827 21:55:57.728 ReportQuery(F,F04,0129354,,0,*,1)
20260827 21:55:57.732 OnDealQuery(0):
20260827 21:55:57.733 OnDealQuery(0):
20260827 21:55:57.733 OnDealQuery(0):
20260827 21:55:57.733 OnDealQuery(0):
20260827 21:55:57.733 OnReportQuery(0):
20260827 21:55:57.733 OnReportQuery(0):
20260827 21:55:57.733 OnDealQuery(0):
20260827 21:55:57.733 OnDealQuery(0):
20260827 21:55:57.733 OnReportQuery(0):
20260827 21:55:57.733 OnReportQuery(0):
20260827 21:55:57.734 OnReportQuery(0):
20260827 21:55:57.734 OnReportQuery(0):
20260827 21:55:57.734 OnDealQuery(0):
20260827 21:55:57.734 OnReportQuery(0):
20260827 21:55:57.734 OnDealQuery(0):
20260827 21:55:57.736 OnReportQuery(0):
20260827 21:55:57.739 OnDealQuery(0):
20260827 21:55:57.739 OnReportQuery(0):
20260827 21:55:57.739 return: 100
20260827 21:55:57.739 OnDealQuery(0):
20260827 21:55:57.739 DealQuery(F,F04,0129354,,*)
20260827 21:55:57.740 OnDealQuery(0):
20260827 21:55:57.740 OnReportQuery(0):
20260827 21:55:57.740 OnUserDefinsFuncResult(0):retc=00001|time=215557|emsg=查無資料 (0)|caltime=2026/08/27 21:55:57
WorkID=RA003
20260827 21:55:57.740 OnReportQuery(0):
20260827 21:55:57.740 OnUserDefinsFuncResult(0):retc=00001|time=215557|emsg=查無資料 (0)|caltime=2026/08/27 21:55:57
WorkID=RA003
20260827 21:55:57.740 OnUserDefinsFuncResult(0):retc=00001|time=215557|emsg=查無資料 (0)|caltime=2026/08/27 21:55:57
WorkID=RA003
20260827 21:55:57.740 OnUserDefinsFuncResult(0):retc=00001|time=215557|emsg=查無資料 (0)|caltime=2026/08/27 21:55:57
WorkID=RA003
20260827 21:55:57.740 OnReportQuery(0):
20260827 21:55:57.740 OnDealQuery(0):
20260827 21:55:57.740 OnDealQuery(0):
20260827 21:55:57.740 OnUserDefinsFuncResult(0):retc=00001|time=215557|emsg=查無資料 (0)|caltime=2026/08/27 21:55:57
WorkID=RA003
20260827 21:55:57.740 OnUserDefinsFuncResult(0):retc=00001|time=215557|emsg=查無資料 (0)|caltime=2026/08/27 21:55:57
WorkID=RA003
20260827 21:55:57.740 OnReportQuery(0):
20260827 21:55:57.740 OnUserDefinsFuncResult(0):retc=00001|time=215557|emsg=查無資料 (0)|caltime=2026/08/27 21:55:57
WorkID=RA003
20260827 21:55:57.740 OnReportQuery(0):
20260827 21:55:57.740 OnReportQuery(0):
20260827 21:55:57.740 OnDealQuery(0):
20260827 21:55:57.740 OnDealQuery(0):
20260827 21:55:57.740 OnDealQuery(0):
20260827 21:55:57.740 return: 
20260827 21:55:57.740 OnDealQuery(0):100
20260827 21:55:57.740 OnReportQuery(0):
20260827 21:55:57.740 UserDefinsFunc(Func=RA003|bhno=F04|acno=0129354|suba=|FC=N,RA003)
20260827 21:55:57.740 OnUserDefinsFuncResult(0):retc=00001|time=215557|emsg=查無資料 (0)|caltime=2026/08/27 21:55:57
WorkID=RA003
20260827 21:55:57.740 OnUserDefinsFuncResult(0):retc=00001|time=215557|emsg=查無資料 (0)|caltime=2026/08/27 21:55:57
WorkID=RA003
20260827 21:55:57.740 OnDealQuery(0):
20260827 21:55:57.740 OnReportQuery(0):
20260827 21:55:57.740 OnDealQuery(0):
20260827 21:55:57.740 OnReportQuery(0):
20260827 21:55:57.740 OnReportQuery(0):
20260827 21:55:57.740 OnDealQuery(0):
20260827 21:55:57.740 OnDealQuery(0):
20260827 21:55:57.740 OnReportQuery(0):
20260827 21:55:57.740 OnDealQuery(0):
20260827 21:55:57.740 OnReportQuery(0):
20260827 21:55:57.740 OnUserDefinsFuncResult(0):retc=00001|time=215557|emsg=查無資料 (0)|caltime=2026/08/27 21:55:57
WorkID=RA003
20260827 21:55:57.744 OnReportQuery(0):
20260827 21:55:57.744 OnDealQuery(0):
20260827 21:55:57.744 OnUserDefinsFuncResult(0):retc=00001|time=215557|emsg=查無資料 (0)|caltime=2026/08/27 21:55:57
WorkID=RA003
20260827 21:55:57.744 OnDealQuery(0):
20260827 21:55:57.744 OnUserDefinsFuncResult(0):retc=00001|time=215557|emsg=查無資料 (0)|caltime=2026/08/27 21:55:57
WorkID=RA003
20260827 21:55:57.744 OnUserDefinsFuncResult(0):retc=00001|time=215557|emsg=查無資料 (0)|caltime=2026/08/27 21:55:57
WorkID=RA003
20260827 21:55:57.744 OnUserDefinsFuncResult(0):retc=00001|time=215557|emsg=查無資料 (0)|caltime=2026/08/27 21:55:57
WorkID=RA003
20260827 21:55:57.744 OnReportQuery(0):
20260827 21:55:57.744 OnDealQuery(0):
20260827 21:55:57.744 OnReportQuery(0):
20260827 21:55:57.744 OnUserDefinsFuncResult(0):retc=00001|time=215557|emsg=查無資料 (0)|caltime=2026/08/27 21:55:57
WorkID=RA003
20260827 21:55:57.744 OnUserDefinsFuncResult(0):retc=00001|time=215557|emsg=查無資料 (0)|caltime=2026/08/27 21:55:57
WorkID=RA003
20260827 21:55:57.744 OnReportQuery(0):
20260827 21:55:57.744 OnUserDefinsFuncResult(0):retc=00001|time=215557|emsg=查無資料 (0)|caltime=2026/08/27 21:55:57
WorkID=RA003
20260827 21:55:57.744 OnDealQuery(0):
20260827 21:55:57.744 OnUserDefinsFuncResult(0):retc=00001|time=215557|emsg=查無資料 (0)|caltime=2026/08/27 21:55:57
WorkID=RA003
20260827 21:55:57.744 OnUserDefinsFuncResult(0):retc=00001|time=215557|emsg=查無資料 (0)|caltime=2026/08/27 21:55:57
WorkID=RA003
20260827 21:55:57.744 OnUserDefinsFuncResult(0):retc=00001|time=215557|emsg=查無資料 (0)|caltime=2026/08/27 21:55:57
WorkID=RA003
20260827 21:55:57.744 OnUserDefinsFuncResult(0):retc=00001|time=215557|emsg=查無資料 (0)|caltime=2026/08/27 21:55:57
WorkID=RA003
20260827 21:55:57.744 OnUserDefinsFuncResult(0):retc=00001|time=215557|emsg=查無資料 (0)|caltime=2026/08/27 21:55:57
WorkID=RA003
20260827 21:55:57.744 OnUserDefinsFuncResult(0):retc=00001|time=215557|emsg=查無資料 (0)|caltime=2026/08/27 21:55:57
WorkID=RA003
20260827 21:55:57.744 OnUserDefinsFuncResult(0):retc=00001|time=215557|emsg=查無資料 (0)|caltime=2026/08/27 21:55:57
WorkID=RA003
20260827 21:55:57.744 OnUserDefinsFuncResult(0):retc=00001|time=215557|emsg=查無資料 (0)|caltime=2026/08/27 21:55:57
WorkID=RA003
20260827 21:55:57.746 OnUserDefinsFuncResult(0):retc=00001|time=215557|emsg=查無資料 (0)|caltime=2026/08/27 21:55:57
WorkID=RA003
20260827 21:55:57.747 OnReportQuery(0):
20260827 21:55:57.748 OnDealQuery(0):
20260827 21:55:57.748 OnDealQuery(0):
20260827 21:55:57.748 OnReportQuery(0):
20260827 21:55:57.748 OnReportQuery(0):
20260827 21:55:57.748 OnReportQuery(0):
20260827 21:55:57.748 OnDealQuery(0):
20260827 21:55:57.748 OnUserDefinsFuncResult(0):retc=00001|time=215557|emsg=查無資料 (0)|caltime=2026/08/27 21:55:57
WorkID=RA003
20260827 21:55:57.748 OnUserDefinsFuncResult(0):retc=00001|time=215557|emsg=查無資料 (0)|caltime=2026/08/27 21:55:57
WorkID=RA003
20260827 21:55:57.757 OnDealQuery(0):
20260827 21:55:57.757 return: 100
20260827 21:55:57.757 OnDealQuery(0):
20260827 21:55:57.757 OnReportQuery(0):
20260827 21:55:57.757 ReportQuery(F,F04,0129354,,0,*,1)
20260827 21:55:57.757 OnDealQuery(0):
20260827 21:55:57.757 OnReportQuery(0):
20260827 21:55:57.757 return: 100
20260827 21:55:57.758 OnDealQuery(0):
20260827 21:55:57.758 OnReportQuery(0):
20260827 21:55:57.758 DealQuery(F,F04,0129354,,*)
20260827 21:55:57.758 OnDealQuery(0):
20260827 21:55:57.758 OnReportQuery(0):
20260827 21:55:57.758 OnDealQuery(0):
20260827 21:55:57.758 OnDealQuery(0):
20260827 21:55:57.758 OnReportQuery(0):
20260827 21:55:57.758 OnUserDefinsFuncResult(0):retc=00001|time=215557|emsg=查無資料 (0)|caltime=2026/08/27 21:55:57
WorkID=RA003
20260827 21:55:57.758 OnReportQuery(0):
20260827 21:55:57.758 OnDealQuery(0):
20260827 21:55:57.758 OnDealQuery(0):
20260827 21:55:57.758 OnReportQuery(0):
20260827 21:55:57.759 OnReportQuery(0):
20260827 21:55:57.759 OnDealQuery(0):
20260827 21:55:57.759 OnReportQuery(0):
20260827 21:55:57.759 return: 100
20260827 21:55:57.759 OnUserDefinsFuncResult(0):retc=00001|time=215557|emsg=查無資料 (0)|caltime=2026/08/27 21:55:57
WorkID=RA003
20260827 21:55:57.759 UserDefinsFunc(Func=RA003|bhno=F04|acno=0129354|suba=|FC=N,RA003)
20260827 21:55:57.759 OnUserDefinsFuncResult(0):retc=00001|time=215557|emsg=查無資料 (0)|caltime=2026/08/27 21:55:57
WorkID=RA003
20260827 21:55:57.759 OnUserDefinsFuncResult(0):retc=00001|time=215557|emsg=查無資料 (0)|caltime=2026/08/27 21:55:57
WorkID=RA003
20260827 21:55:57.759 OnReportQuery(0):
20260827 21:55:57.759 OnUserDefinsFuncResult(0):retc=00001|time=215557|emsg=查無資料 (0)|caltime=2026/08/27 21:55:57
WorkID=RA003
20260827 21:55:57.759 OnDealQuery(0):
20260827 21:55:57.759 OnReportQuery(0):
20260827 21:55:57.760 OnReportQuery(0):
20260827 21:55:57.760 OnDealQuery(0):
20260827 21:55:57.760 OnUserDefinsFuncResult(0):retc=00001|time=215557|emsg=查無資料 (0)|caltime=2026/08/27 21:55:57
WorkID=RA003
20260827 21:55:57.760 OnReportQuery(0):
20260827 21:55:57.760 OnDealQuery(0):
20260827 21:55:57.760 OnDealQuery(0):
20260827 21:55:57.760 OnReportQuery(0):
20260827 21:55:57.760 OnDealQuery(0):
20260827 21:55:57.760 OnReportQuery(0):
20260827 21:55:57.760 OnDealQuery(0):
20260827 21:55:57.760 OnDealQuery(0):
20260827 21:55:57.761 OnUserDefinsFuncResult(0):retc=00001|time=215557|emsg=查無資料 (0)|caltime=2026/08/27 21:55:57
WorkID=RA003
20260827 21:55:57.761 OnReportQuery(0):
20260827 21:55:57.761 OnReportQuery(0):
20260827 21:55:57.761 OnReportQuery(0):
20260827 21:55:57.761 OnUserDefinsFuncResult(0):retc=00001|time=215557|emsg=查無資料 (0)|caltime=2026/08/27 21:55:57
WorkID=RA003
20260827 21:55:57.761 OnUserDefinsFuncResult(0):retc=00001|time=215557|emsg=查無資料 (0)|caltime=2026/08/27 21:55:57
WorkID=RA003
20260827 21:55:57.761 OnUserDefinsFuncResult(0):retc=00001|time=215557|emsg=查無資料 (0)|caltime=2026/08/27 21:55:57
WorkID=RA003
20260827 21:55:57.761 OnDealQuery(0):
20260827 21:55:57.761 OnUserDefinsFuncResult(0):retc=00001|time=215557|emsg=查無資料 (0)|caltime=2026/08/27 21:55:57
WorkID=RA003
20260827 21:55:57.762 OnDealQuery(0):
20260827 21:55:57.762 OnUserDefinsFuncResult(0):retc=00001|time=215557|emsg=查無資料 (0)|caltime=2026/08/27 21:55:57
WorkID=RA003
20260827 21:55:57.762 OnUserDefinsFuncResult(0):retc=00001|time=215557|emsg=查無資料 (0)|caltime=2026/08/27 21:55:57
WorkID=RA003
20260827 21:55:57.762 OnReportQuery(0):
20260827 21:55:57.762 OnUserDefinsFuncResult(0):retc=00001|time=215557|emsg=查無資料 (0)|caltime=2026/08/27 21:55:57
WorkID=RA003
20260827 21:55:57.762 OnDealQuery(0):
20260827 21:55:57.762 OnReportQuery(0):
20260827 21:55:57.762 OnDealQuery(0):
20260827 21:55:57.762 OnUserDefinsFuncResult(0):retc=00001|time=215557|emsg=查無資料 (0)|caltime=2026/08/27 21:55:57
WorkID=RA003
20260827 21:55:57.762 OnUserDefinsFuncResult(0):retc=00001|time=215557|emsg=查無資料 (0)|caltime=2026/08/27 21:55:57
WorkID=RA003
20260827 21:55:57.763 OnUserDefinsFuncResult(0):retc=00001|time=215557|emsg=查無資料 (0)|caltime=2026/08/27 21:55:57
WorkID=RA003
20260827 21:55:57.763 OnUserDefinsFuncResult(0):retc=00001|time=215557|emsg=查無資料 (0)|caltime=2026/08/27 21:55:57
WorkID=RA003
20260827 21:55:57.763 OnUserDefinsFuncResult(0):retc=00001|time=215557|emsg=查無資料 (0)|caltime=2026/08/27 21:55:57
WorkID=RA003
20260827 21:55:57.763 OnUserDefinsFuncResult(0):retc=00001|time=215557|emsg=查無資料 (0)|caltime=2026/08/27 21:55:57
WorkID=RA003
20260827 21:55:57.763 OnUserDefinsFuncResult(0):retc=00001|time=215557|emsg=查無資料 (0)|caltime=2026/08/27 21:55:57
WorkID=RA003
20260827 21:55:57.763 OnUserDefinsFuncResult(0):retc=00001|time=215557|emsg=查無資料 (0)|caltime=2026/08/27 21:55:57
WorkID=RA003
20260827 21:55:57.764 OnReportQuery(0):
20260827 21:55:57.764 OnDealQuery(0):
20260827 21:55:57.764 return: ery(0):100
20260827 21:55:57.764 OnReportQuery(0):
20260827 21:55:57.764 OnDealQuery(0):
20260827 21:55:57.764 OnReportQuery(0):
20260827 21:55:57.764 OnReportQuery(0):
20260827 21:55:57.764 OnReportQuery(0):
20260827 21:55:57.764 OnDealQuery(0):
20260827 21:55:57.764 OnDealQuery(0):
20260827 21:55:57.764 OnReportQuery(0):
20260827 21:55:57.764 OnReportQuery(0):
20260827 21:55:57.764 OnReportQuery(0):
20260827 21:55:57.764 OnDealQuery(0):
20260827 21:55:57.764 OnDealQuery(0):
20260827 21:55:57.764 OnDealQuery(0):
20260827 21:55:57.764 OnReportQuery(0):
20260827 21:55:57.764 OnReportQuery(0):
20260827 21:55:57.764 OnDealQuery(0):
20260827 21:55:57.764 OnReportQuery(0):
20260827 21:55:57.764 OnDealQuery(0):
20260827 21:55:57.764 OnDealQuery(0):
20260827 21:55:57.771 OnReportQuery(0):
20260827 21:55:57.771 OnDealQuery(0):
20260827 21:55:57.771 OnUserDefinsFuncResult(0):retc=00001|time=215557|emsg=查無資料 (0)|caltime=2026/08/27 21:55:57
WorkID=RA003
20260827 21:55:57.771 OnReportQuery(0):
20260827 21:55:57.771 OnUserDefinsFuncResult(0):retc=00001|time=215557|emsg=查無資料 (0)|caltime=2026/08/27 21:55:57
WorkID=RA003
20260827 21:55:57.771 OnUserDefinsFuncResult(0):retc=00001|time=215557|emsg=查無資料 (0)|caltime=2026/08/27 21:55:57
WorkID=RA003
20260827 21:55:57.771 OnUserDefinsFuncResult(0):retc=00001|time=215557|emsg=查無資料 (0)|caltime=2026/08/27 21:55:57
WorkID=RA003
20260827 21:55:57.771 OnUserDefinsFuncResult(0):retc=00001|time=215557|emsg=查無資料 (0)|caltime=2026/08/27 21:55:57
WorkID=RA003
20260827 21:55:57.771 OnDealQuery(0):
20260827 21:55:57.771 OnDealQuery(0):
20260827 21:55:57.771 OnReportQuery(0):
20260827 21:55:57.771 OnUserDefinsFuncResult(0):retc=00001|time=215557|emsg=查無資料 (0)|caltime=2026/08/27 21:55:57
WorkID=RA003
20260827 21:55:57.772 OnUserDefinsFuncResult(0):retc=00001|time=215557|emsg=查無資料 (0)|caltime=2026/08/27 21:55:57
WorkID=RA003
20260827 21:55:57.772 OnUserDefinsFuncResult(0):retc=00001|time=215557|emsg=查無資料 (0)|caltime=2026/08/27 21:55:57
WorkID=RA003
20260827 21:55:57.772 OnUserDefinsFuncResult(0):retc=00001|time=215557|emsg=查無資料 (0)|caltime=2026/08/27 21:55:57
WorkID=RA003
20260827 21:55:57.772 OnUserDefinsFuncResult(0):retc=00001|time=215557|emsg=查無資料 (0)|caltime=2026/08/27 21:55:57
WorkID=RA003
20260827 21:55:57.772 OnUserDefinsFuncResult(0):retc=00001|time=215557|emsg=查無資料 (0)|caltime=2026/08/27 21:55:57
WorkID=RA003
20260827 21:55:57.772 OnUserDefinsFuncResult(0):retc=00001|time=215557|emsg=查無資料 (0)|caltime=2026/08/27 21:55:57
WorkID=RA003
20260827 21:55:57.772 OnUserDefinsFuncResult(0):retc=00001|time=215557|emsg=查無資料 (0)|caltime=2026/08/27 21:55:57
WorkID=RA003
20260827 21:55:57.772 OnUserDefinsFuncResult(0):retc=00001|time=215557|emsg=查無資料 (0)|caltime=2026/08/27 21:55:57
WorkID=RA003
20260827 21:55:57.785 OnReportQuery(0):
20260827 21:55:57.785 OnDealQuery(0):
20260827 21:55:57.786 OnReportQuery(0):
20260827 21:55:57.786 OnDealQuery(0):
20260827 21:55:57.786 OnReportQuery(0):
20260827 21:55:57.786 OnDealQuery(0):
20260827 21:55:57.786 OnReportQuery(0):
20260827 21:55:57.786 OnDealQuery(0):
20260827 21:55:57.786 OnReportQuery(0):
20260827 21:55:57.786 OnReportQuery(0):
20260827 21:55:57.786 OnDealQuery(0):
20260827 21:55:57.786 OnReportQuery(0):
20260827 21:55:57.786 OnDealQuery(0):
20260827 21:55:57.786 OnDealQuery(0):
20260827 21:55:57.786 OnReportQuery(0):
20260827 21:55:57.786 OnDealQuery(0):
20260827 21:55:57.786 OnReportQuery(0):
20260827 21:55:57.786 OnDealQuery(0):
20260827 21:55:57.786 OnDealQuery(0):
20260827 21:55:57.786 OnDealQuery(0):
20260827 21:55:57.786 OnReportQuery(0):
20260827 21:55:57.786 OnReportQuery(0):
20260827 21:55:57.786 OnReportQuery(0):
20260827 21:55:57.786 OnDealQuery(0):
20260827 21:55:57.786 OnDealQuery(0):
20260827 21:55:57.786 OnUserDefinsFuncResult(0):retc=00001|time=215557|emsg=查無資料 (0)|caltime=2026/08/27 21:55:57
WorkID=RA003
20260827 21:55:57.789 OnUserDefinsFuncResult(0):retc=00001|time=215557|emsg=查無資料 (0)|caltime=2026/08/27 21:55:57
WorkID=RA003
20260827 21:55:57.789 OnUserDefinsFuncResult(0):retc=00001|time=215557|emsg=查無資料 (0)|caltime=2026/08/27 21:55:57
WorkID=RA003
20260827 21:55:57.789 OnReportQuery(0):
20260827 21:55:57.789 OnDealQuery(0):
20260827 21:55:57.789 OnDealQuery(0):
20260827 21:55:57.789 OnReportQuery(0):
20260827 21:55:57.789 OnReportQuery(0):
20260827 21:55:57.789 OnReportQuery(0):
20260827 21:55:57.789 OnDealQuery(0):
20260827 21:55:57.789 OnUserDefinsFuncResult(0):retc=00001|time=215557|emsg=查無資料 (0)|caltime=2026/08/27 21:55:57
WorkID=RA003
20260827 21:55:57.789 OnDealQuery(0):
20260827 21:55:57.789 OnUserDefinsFuncResult(0):retc=00001|time=215557|emsg=查無資料 (0)|caltime=2026/08/27 21:55:57
WorkID=RA003
20260827 21:55:57.789 OnReportQuery(0):
20260827 21:55:57.789 OnDealQuery(0):
20260827 21:55:57.789 OnReportQuery(0):
20260827 21:55:57.789 OnUserDefinsFuncResult(0):retc=00001|time=215557|emsg=查無資料 (0)|caltime=2026/08/27 21:55:57
WorkID=RA003
20260827 21:55:57.789 OnReportQuery(0):
20260827 21:55:57.789 OnDealQuery(0):
20260827 21:55:57.789 OnDealQuery(0):
20260827 21:55:57.789 OnReportQuery(0):
20260827 21:55:57.794 OnDealQuery(0):
20260827 21:55:57.794 OnUserDefinsFuncResult(0):retc=00001|time=215557|emsg=查無資料 (0)|caltime=2026/08/27 21:55:57
WorkID=RA003
20260827 21:55:57.795 OnUserDefinsFuncResult(0):retc=00001|time=215557|emsg=查無資料 (0)|caltime=2026/08/27 21:55:57
WorkID=RA003
20260827 21:55:57.795 OnReportQuery(0):
20260827 21:55:57.795 OnUserDefinsFuncResult(0):retc=00001|time=215557|emsg=查無資料 (0)|caltime=2026/08/27 21:55:57
WorkID=RA003
20260827 21:55:57.795 OnReportQuery(0):
20260827 21:55:57.795 OnDealQuery(0):
20260827 21:55:57.795 OnUserDefinsFuncResult(0):retc=00001|time=215557|emsg=查無資料 (0)|caltime=2026/08/27 21:55:57
WorkID=RA003
20260827 21:55:57.795 OnUserDefinsFuncResult(0):retc=00001|time=215557|emsg=查無資料 (0)|caltime=2026/08/27 21:55:57
WorkID=RA003
20260827 21:55:57.796 OnUserDefinsFuncResult(0):retc=00001|time=215557|emsg=查無資料 (0)|caltime=2026/08/27 21:55:57
WorkID=RA003
20260827 21:55:57.796 OnReportQuery(0):
20260827 21:55:57.796 OnUserDefinsFuncResult(0):retc=00001|time=215557|emsg=查無資料 (0)|caltime=2026/08/27 21:55:57
WorkID=RA003
20260827 21:55:57.796 OnDealQuery(0):
20260827 21:55:57.796 OnReportQuery(0):
20260827 21:55:57.796 OnReportQuery(0):
20260827 21:55:57.800 ReportQuery(F,F04,0129354,,0,*,1)
20260827 21:55:57.800 return: 100
20260827 21:55:57.800 DealQuery(F,F04,0129354,,*)
20260827 21:55:57.800 return: 100
20260827 21:55:57.801 UserDefinsFunc(Func=RA003|bhno=F04|acno=0129354|suba=|FC=N,RA003)
20260827 21:55:57.801 return: 100
20260827 21:55:57.801 OnUserDefinsFuncResult
20260827 21:55:57.801 ReportQuery(F,F04,0129354,,0,*,1)(0):retc=00001|time=215557|emsg=查無資料 (0)|caltime=2026/08/27 21:55:57
WorkID=RA003
20260827 21:55:57.802 OnDealQuery(0):
20260827 21:55:57.802 OnDealQuery(0):
20260827 21:55:57.802 OnUserDefinsFuncResult(0):retc=00001|time=215557|emsg=查無資料 (0)|caltime=2026/08/27 21:55:57
WorkID=RA003
20260827 21:55:57.802 OnUserDefinsFuncResult(0):retc=00001|time=215557|emsg=查無資料 (0)|caltime=2026/08/27 21:55:57
WorkID=RA003
20260827 21:55:57.802 return: 100
20260827 21:55:57.802 OnUserDefinsFuncResult(0):retc=00001|time=215557|emsg=查無資料 (0)|caltime=2026/08/27 21:55:57
WorkID=RA003
20260827 21:55:57.802 DealQuery(F,F04,0129354,,*)
20260827 21:55:57.802 OnUserDefinsFuncResult(0):retc=00001|time=215557|emsg=查無資料 (0)|caltime=2026/08/27 21:55:57
WorkID=RA003
20260827 21:55:57.802 return: 100
20260827 21:55:57.802 OnUserDefinsFuncResult(0):retc=00001|time=215557|emsg=查無資料 (0)|caltime=2026/08/27 21:55:57
WorkID=RA003
20260827 21:55:57.802 UserDefinsFunc(Func=RA003|bhno=F04|acno=0129354|suba=|FC=N,RA003)
20260827 21:55:57.802 OnUserDefinsFuncResult(0):retc=00001|time=215557|emsg=查無資料 (0)|caltime=2026/08/27 21:55:57
WorkID=RA003
20260827 21:55:57.802 return: 100
20260827 21:55:57.802 OnUserDefinsFuncResult(0):retc=00001|time=215557|emsg=查無資料 (0)|caltime=2026/08/27 21:55:57
WorkID=RA003
20260827 21:55:57.802 OnUserDefinsFuncResult(0):retc=00001|time=215557|emsg=查無資料 (0)|caltime=2026/08/27 21:55:57
WorkID=RA003
20260827 21:55:57.802 OnUserDefinsFuncResult(0):retc=00001|time=215557|emsg=查無資料 (0)|caltime=2026/08/27 21:55:57
WorkID=RA003
20260827 21:55:57.802 OnUserDefinsFuncResult(0):retc=00001|time=215557|emsg=查無資料 (0)|caltime=2026/08/27 21:55:57
WorkID=RA003
20260827 21:55:57.834 ReportQuery(F,F04,0129354,,0,*,1)
20260827 21:55:57.843 OnReportQuery(0):
20260827 21:55:57.843 OnDealQuery(0):
20260827 21:55:57.843 OnReportQuery(0):
20260827 21:55:57.843 OnDealQuery(0):
20260827 21:55:57.844 OnReportQuery(0):
20260827 21:55:57.844 OnDealQuery(0):
20260827 21:55:57.844 OnDealQuery(0):
20260827 21:55:57.844 OnReportQuery(0):
20260827 21:55:57.844 return: 100
20260827 21:55:57.844 OnReportQuery(0):
20260827 21:55:57.844 OnDealQuery(0):
20260827 21:55:57.845 OnReportQuery(0):
20260827 21:55:57.845 OnDealQuery(0):
20260827 21:55:57.845 OnDealQuery(0):
20260827 21:55:57.845 OnReportQuery(0):
20260827 21:55:57.845 DealQuery(F,F04,0129354,,*)
20260827 21:55:57.845 OnReportQuery(0):
20260827 21:55:57.845 return: 100
20260827 21:55:57.845 OnReportQuery(0):
20260827 21:55:57.845 UserDefinsFunc(Func=RA003|bhno=F04|acno=0129354|suba=|FC=N,RA003)
20260827 21:55:57.846 return: 100
20260827 21:55:57.846 OnDealQuery(0):
20260827 21:55:57.846 ReportQuery(F,F04,0129354,,0,*,1)
20260827 21:55:57.846 OnUserDefinsFuncResult(0):retc=00001|time=215557|emsg=查無資料 (0)|caltime=2026/08/27 21:55:57
WorkID=RA003
20260827 21:55:57.846 return: 100
20260827 21:55:57.846 OnUserDefinsFuncResult(0):retc=00001|time=215557|emsg=查無資料 (0)|caltime=2026/08/27 21:55:57
WorkID=RA003
20260827 21:55:57.846 DealQuery(F,F04,0129354,,*)
20260827 21:55:57.846 OnDealQuery(0):
20260827 21:55:57.846 return: 100
20260827 21:55:57.846 OnUserDefinsFuncResult(0):retc=00001|time=215557|emsg=查無資料 (0)|caltime=2026/08/27 21:55:57
WorkID=RA003
20260827 21:55:57.846 UserDefinsFunc(Func=RA003|bhno=F04|acno=0129354|suba=|FC=N,RA003)
20260827 21:55:57.846 OnReportQuery(0):
20260827 21:55:57.846 return: 100
20260827 21:55:57.846 OnReportQuery(0):
20260827 21:55:57.846 OnDealQuery(0):
20260827 21:55:57.846 OnDealQuery(0):
20260827 21:55:57.846 OnReportQuery(0):
20260827 21:55:57.846 OnReportQuery(0):
20260827 21:55:57.848 OnDealQuery(0):
20260827 21:55:57.848 OnDealQuery(0):
20260827 21:55:57.848 OnDealQuery(0):
20260827 21:55:57.848 OnReportQuery(0):
20260827 21:55:57.848 OnReportQuery(0):
20260827 21:55:57.848 OnDealQuery(0):
20260827 21:55:57.848 OnUserDefinsFuncResult(0):retc=00001|time=215557|emsg=查無資料 (0)|caltime=2026/08/27 21:55:57
WorkID=RA003
20260827 21:55:57.848 OnUserDefinsFuncResult(0):retc=00001|time=215557|emsg=查無資料 (0)|caltime=2026/08/27 21:55:57
WorkID=RA003
20260827 21:55:57.849 OnUserDefinsFuncResult(0):retc=00001|time=215557|emsg=查無資料 (0)|caltime=2026/08/27 21:55:57
WorkID=RA003
20260827 21:55:57.849 OnUserDefinsFuncResult(0):retc=00001|time=215557|emsg=查無資料 (0)|caltime=2026/08/27 21:55:57
WorkID=RA003
20260827 21:55:57.849 OnDealQuery(0):
20260827 21:55:57.849 OnDealQuery(0):
20260827 21:55:57.849 OnReportQuery(0):
20260827 21:55:57.849 OnUserDefinsFuncResult(0):retc=00001|time=215557|emsg=查無資料 (0)|caltime=2026/08/27 21:55:57
WorkID=RA003
20260827 21:55:57.850 OnReportQuery(0):
20260827 21:55:57.850 OnReportQuery(0):
20260827 21:55:57.850 OnDealQuery(0):
20260827 21:55:57.850 OnDealQuery(0):
20260827 21:55:57.851 OnDealQuery(0):
20260827 21:55:57.852 OnReportQuery(0):
20260827 21:55:57.853 OnReportQuery(0):
20260827 21:55:57.853 OnUserDefinsFuncResult(0):retc=00001|time=215557|emsg=查無資料 (0)|caltime=2026/08/27 21:55:57
WorkID=RA003
20260827 21:55:57.853 OnDealQuery(0):
20260827 21:55:57.856 OnReportQuery(0):
20260827 21:55:57.857 OnUserDefinsFuncResult(0):retc=00001|time=215557|emsg=查無資料 (0)|caltime=2026/08/27 21:55:57
WorkID=RA003
20260827 21:55:57.857 OnUserDefinsFuncResult(0):retc=00001|time=215557|emsg=查無資料 (0)|caltime=2026/08/27 21:55:57
WorkID=RA003
20260827 21:55:57.857 OnUserDefinsFuncResult(0):retc=00001|time=215557|emsg=查無資料 (0)|caltime=2026/08/27 21:55:57
WorkID=RA003
20260827 21:55:57.859 OnUserDefinsFuncResult(0):retc=00001|time=215557|emsg=查無資料 (0)|caltime=2026/08/27 21:55:57
WorkID=RA003
20260827 21:55:57.859 OnDealQuery(0):
20260827 21:55:57.860 OnReportQuery(0):
20260827 21:55:57.860 OnReportQuery(0):
20260827 21:55:57.860 OnReportQuery(0):
20260827 21:55:57.861 OnDealQuery(0):
20260827 21:55:57.862 OnDealQuery(0):
20260827 21:55:57.866 OnReportQuery(0):
20260827 21:55:57.870 OnDealQuery(0):
20260827 21:55:57.870 OnDealQuery(0):
20260827 21:55:57.870 OnUserDefinsFuncResult(0):retc=00001|time=215557|emsg=查無資料 (0)|caltime=2026/08/27 21:55:57
WorkID=RA003
20260827 21:55:57.870 OnReportQuery(0):
20260827 21:55:57.870 OnReportQuery(0):
20260827 21:55:57.877 ReportQuery(F,F04,0129354,,0,*,1)
20260827 21:55:57.877 return: 100
20260827 21:55:57.877 DealQuery(F,F04,0129354,,*)
20260827 21:55:57.877 return: 100
20260827 21:55:57.877 UserDefinsFunc(Func=RA003|bhno=F04|acno=0129354|suba=|FC=N,RA003)
20260827 21:55:57.878 return: 100
20260827 21:55:57.879 ReportQuery(F,F04,0129354,,0,*,1)
20260827 21:55:57.879 OnDealQuery(0):
20260827 21:55:57.879 return: 100
20260827 21:55:57.880 DealQuery(F,F04,0129354,,*)
20260827 21:55:57.880 return: 100
20260827 21:55:57.880 UserDefinsFunc(Func=RA003|bhno=F04|acno=0129354|suba=|FC=N,RA003)
20260827 21:55:57.880 return: 100
20260827 21:55:57.881 OnUserDefinsFuncResult(0):retc=00001|time=215557|emsg=查無資料 (0)|caltime=2026/08/27 21:55:57
WorkID=RA003
20260827 21:55:57.883 OnDealQuery(0):
20260827 21:55:57.884 OnUserDefinsFuncResult(0):retc=00001|time=215557|emsg=查無資料 (0)|caltime=2026/08/27 21:55:57
WorkID=RA003
20260827 21:55:57.884 OnDealQuery(0):
20260827 21:55:57.884 OnReportQuery(0):
20260827 21:55:57.885 OnUserDefinsFuncResult(0):retc=00001|time=215557|emsg=查無資料 (0)|caltime=2026/08/27 21:55:57
WorkID=RA003
20260827 21:55:57.885 OnUserDefinsFuncResult(0):retc=00001|time=215557|emsg=查無資料 (0)|caltime=2026/08/27 21:55:57
WorkID=RA003
20260827 21:55:57.885 OnUserDefinsFuncResult(0):retc=00001|time=215557|emsg=查無資料 (0)|caltime=2026/08/27 21:55:57
WorkID=RA003
20260827 21:55:57.885 OnUserDefinsFuncResult(0):retc=00001|time=215557|emsg=查無資料 (0)|caltime=2026/08/27 21:55:57
WorkID=RA003
20260827 21:55:57.885 OnUserDefinsFuncResult(0):retc=00001|time=215557|emsg=查無資料 (0)|caltime=2026/08/27 21:55:57
WorkID=RA003
20260827 21:55:57.887 OnUserDefinsFuncResult(0):retc=00001|time=215557|emsg=查無資料 (0)|caltime=2026/08/27 21:55:57
WorkID=RA003
20260827 21:55:57.887 OnReportQuery(0):
20260827 21:55:57.887 OnUserDefinsFuncResult(0):retc=00001|time=215557|emsg=查無資料 (0)|caltime=2026/08/27 21:55:57
WorkID=RA003
20260827 21:55:57.888 OnUserDefinsFuncResult(0):retc=00001|time=215557|emsg=查無資料 (0)|caltime=2026/08/27 21:55:57
WorkID=RA003
20260827 21:55:57.888 OnReportQuery(0):
20260827 21:55:57.888 OnDealQuery(0):
20260827 21:55:57.888 OnUserDefinsFuncResult(0):retc=00001|time=215557|emsg=查無資料 (0)|caltime=2026/08/27 21:55:57
WorkID=RA003
20260827 21:55:57.888 OnReportQuery(0):
20260827 21:55:57.889 OnUserDefinsFuncResult(0):retc=00001|time=215557|emsg=查無資料 (0)|caltime=2026/08/27 21:55:57
WorkID=RA003
20260827 21:55:57.892 OnUserDefinsFuncResult(0):retc=00001|time=215557|emsg=查無資料 (0)|caltime=2026/08/27 21:55:57
WorkID=RA003
20260827 21:55:57.892 OnUserDefinsFuncResult(0):retc=00001|time=215557|emsg=查無資料 (0)|caltime=2026/08/27 21:55:57
WorkID=RA003
20260827 21:55:57.904 OnUserDefinsFuncResult(0):retc=00001|time=215557|emsg=查無資料 (0)|caltime=2026/08/27 21:55:57
WorkID=RA003
20260827 21:55:57.904 OnUserDefinsFuncResult(0):retc=00001|time=215557|emsg=查無資料 (0)|caltime=2026/08/27 21:55:57
WorkID=RA003
20260827 21:55:57.904 OnReportQuery(0):
20260827 21:55:57.905 OnDealQuery(0):
20260827 21:55:57.905 OnReportQuery(0):
20260827 21:55:57.919 OnReportQuery(0):
20260827 21:55:57.920 OnDealQuery(0):
20260827 21:55:57.920 OnDealQuery(0):
20260827 21:55:57.920 OnDealQuery(0):
20260827 21:55:57.920 OnReportQuery(0):
20260827 21:55:57.920 OnDealQuery(0):
20260827 21:55:57.921 OnReportQuery(0):
20260827 21:55:57.921 OnDealQuery(0):
20260827 21:55:57.921 OnDealQuery(0):
20260827 21:55:57.921 OnReportQuery(0):
20260827 21:55:57.921 OnUserDefinsFuncResult(0):retc=00001|time=215557|emsg=查無資料 (0)|caltime=2026/08/27 21:55:57
WorkID=RA003
20260827 21:55:57.921 OnDealQuery(0):
20260827 21:55:57.922 OnReportQuery(0):
20260827 21:55:57.923 OnReportQuery(0):
20260827 21:55:57.923 OnDealQuery(0):
20260827 21:55:57.923 OnDealQuery(0):
20260827 21:55:57.923 OnReportQuery(0):
20260827 21:55:57.923 OnUserDefinsFuncResult(0):retc=00001|time=215557|emsg=查無資料 (0)|caltime=2026/08/27 21:55:57
WorkID=RA003
20260827 21:55:57.924 OnDealQuery(0):
20260827 21:55:57.924 OnUserDefinsFuncResult(0):retc=00001|time=215557|emsg=查無資料 (0)|caltime=2026/08/27 21:55:57
WorkID=RA003
20260827 21:55:57.924 OnReportQuery(0):
20260827 21:55:57.924 OnReportQuery(0):
20260827 21:55:57.925 OnDealQuery(0):
20260827 21:55:57.925 OnReportQuery(0):
20260827 21:55:57.925 OnDealQuery(0):
20260827 21:55:57.925 OnDealQuery(0):
20260827 21:55:57.925 OnReportQuery(0):
20260827 21:55:57.925 OnUserDefinsFuncResult(0):retc=00001|time=215557|emsg=查無資料 (0)|caltime=2026/08/27 21:55:57
WorkID=RA003
20260827 21:55:57.926 OnUserDefinsFuncResult(0):retc=00001|time=215557|emsg=查無資料 (0)|caltime=2026/08/27 21:55:57
WorkID=RA003
20260827 21:55:57.926 OnReportQuery(0):
20260827 21:55:57.926 OnUserDefinsFuncResult(0):retc=00001|time=215557|emsg=查無資料 (0)|caltime=2026/08/27 21:55:57
WorkID=RA003
20260827 21:55:57.926 OnDealQuery(0):
20260827 21:55:57.926 OnUserDefinsFuncResult(0):retc=00001|time=215557|emsg=查無資料 (0)|caltime=2026/08/27 21:55:57
WorkID=RA003
20260827 21:55:57.927 OnUserDefinsFuncResult(0):retc=00001|time=215557|emsg=查無資料 (0)|caltime=2026/08/27 21:55:57
WorkID=RA003
20260827 21:55:57.927 OnUserDefinsFuncResult(0):retc=00001|time=215557|emsg=查無資料 (0)|caltime=2026/08/27 21:55:57
WorkID=RA003
20260827 21:55:57.927 OnReportQuery(0):
20260827 21:55:57.927 OnDealQuery(0):
20260827 21:55:57.927 OnUserDefinsFuncResult(0):retc=00001|time=215557|emsg=查無資料 (0)|caltime=2026/08/27 21:55:57
WorkID=RA003
20260827 21:55:57.928 OnReportQuery(0):
20260827 21:55:57.928 OnDealQuery(0):
20260827 21:55:57.928 OnUserDefinsFuncResult(0):retc=00001|time=215557|emsg=查無資料 (0)|caltime=2026/08/27 21:55:57
WorkID=RA003
20260827 21:55:57.928 OnUserDefinsFuncResult(0):retc=00001|time=215557|emsg=查無資料 (0)|caltime=2026/08/27 21:55:57
WorkID=RA003
20260827 21:55:57.928 OnUserDefinsFuncResult(0):retc=00001|time=215557|emsg=查無資料 (0)|caltime=2026/08/27 21:55:57
WorkID=RA003
20260827 21:55:57.929 OnUserDefinsFuncResult(0):retc=00001|time=215557|emsg=查無資料 (0)|caltime=2026/08/27 21:55:57
WorkID=RA003
20260827 21:55:57.929 ReportQuery(F,F04,0129354,,0,*,1)
20260827 21:55:57.929 OnUserDefinsFuncResult(0):retc=00001|time=215557|emsg=查無資料 (0)|caltime=2026/08/27 21:55:57
WorkID=RA003
20260827 21:55:57.930 DealQuery(F,F04,0129354,,*)
20260827 21:55:57.930 OnUserDefinsFuncResult(0):retc=00001|time=215557|emsg=查無資料 (0)|caltime=2026/08/27 21:55:57
WorkID=RA003100
20260827 21:55:57.930 OnUserDefinsFuncResult(0):retc=00001|time=215557|emsg=查無資料 (0)|caltime=2026/08/27 21:55:57
WorkID=RA003
20260827 21:55:57.930 UserDefinsFunc(Func=RA003|bhno=F04|acno=0129354|suba=|FC=N,RA003)
20260827 21:55:57.930 OnDealQuery(0):
20260827 21:55:57.932 OnReportQuery(0):
20260827 21:55:57.932 return: 100
20260827 21:55:57.932 OnReportQuery(0):
20260827 21:55:57.932 OnReportQuery
20260827 21:55:57.932 ReportQuery(F,F04,0129354,,0,*,1)(0):
20260827 21:55:57.932 return: 100
20260827 21:55:57.932 OnDealQuery(0):
20260827 21:55:57.932 DealQuery(F,F04,0129354,,*)
20260827 21:55:57.932 OnDealQuery(0):
20260827 21:55:57.932 return: 100
20260827 21:55:57.932 OnUserDefinsFuncResult(0):retc=00001|time=215557|emsg=查無資料 (0)|caltime=2026/08/27 21:55:57
WorkID=RA003
20260827 21:55:57.932 UserDefinsFunc(Func=RA003|bhno=F04|acno=0129354|suba=|FC=N,RA003)
20260827 21:55:57.932 OnUserDefinsFuncResult(0):retc=00001|time=215557|emsg=查無資料 (0)|caltime=2026/08/27 21:55:57
WorkID=RA003
20260827 21:55:57.932 return: 100
20260827 21:55:57.933 OnUserDefinsFuncResult(0):retc=00001|time=215557|emsg=查無資料 (0)|caltime=2026/08/27 21:55:57
WorkID=RA003
20260827 21:55:57.951 OnReportQuery(0):
20260827 21:55:57.951 OnDealQuery(0):
20260827 21:55:57.951 OnReportQuery(0):
20260827 21:55:57.951 OnReportQuery(0):
20260827 21:55:57.953 OnReportQuery(0):
20260827 21:55:57.953 OnDealQuery(0):
20260827 21:55:57.953 OnDealQuery(0):
20260827 21:55:57.953 OnDealQuery(0):
20260827 21:55:57.953 OnReportQuery(0):
20260827 21:55:57.954 OnDealQuery(0):
20260827 21:55:57.954 OnReportQuery(0):
20260827 21:55:57.954 OnDealQuery(0):
20260827 21:55:57.954 OnDealQuery(0):
20260827 21:55:57.954 OnReportQuery(0):
20260827 21:55:57.955 OnReportQuery(0):
20260827 21:55:57.955 OnReportQuery(0):
20260827 21:55:57.955 OnUserDefinsFuncResult(0):retc=00001|time=215557|emsg=查無資料 (0)|caltime=2026/08/27 21:55:57
WorkID=RA003
20260827 21:55:57.955 OnUserDefinsFuncResult(0):retc=00001|time=215557|emsg=查無資料 (0)|caltime=2026/08/27 21:55:57
WorkID=RA003
20260827 21:55:57.955 OnUserDefinsFuncResult(0):retc=00001|time=215557|emsg=查無資料 (0)|caltime=2026/08/27 21:55:57
WorkID=RA003
20260827 21:55:57.955 OnUserDefinsFuncResult(0):retc=00001|time=215557|emsg=查無資料 (0)|caltime=2026/08/27 21:55:57
WorkID=RA003
20260827 21:55:57.956 OnDealQuery(0):
20260827 21:55:57.956 OnReportQuery(0):
20260827 21:55:57.956 OnReportQuery(0):
20260827 21:55:57.956 OnDealQuery(0):
20260827 21:55:57.957 OnDealQuery(0):
20260827 21:55:57.957 OnReportQuery(0):
20260827 21:55:57.957 OnDealQuery(0):
20260827 21:55:57.957 OnDealQuery(0):
20260827 21:55:57.957 OnDealQuery(0):
20260827 21:55:57.957 OnReportQuery(0):
20260827 21:55:57.974 OnUserDefinsFuncResult(0):retc=00001|time=215557|emsg=查無資料 (0)|caltime=2026/08/27 21:55:57
WorkID=RA003
20260827 21:55:57.974 OnUserDefinsFuncResult(0):retc=00001|time=215557|emsg=查無資料 (0)|caltime=2026/08/27 21:55:57
WorkID=RA003
20260827 21:55:57.974 OnUserDefinsFuncResult(0):retc=00001|time=215557|emsg=查無資料 (0)|caltime=2026/08/27 21:55:57
WorkID=RA003
20260827 21:55:57.974 OnUserDefinsFuncResult(0):retc=00001|time=215557|emsg=查無資料 (0)|caltime=2026/08/27 21:55:57
WorkID=RA003
20260827 21:55:57.975 OnUserDefinsFuncResult(0):retc=00001|time=215557|emsg=查無資料 (0)|caltime=2026/08/27 21:55:57
WorkID=RA003
20260827 21:55:57.975 OnUserDefinsFuncResult(0):retc=00001|time=215557|emsg=查無資料 (0)|caltime=2026/08/27 21:55:57
WorkID=RA003
20260827 21:55:57.975 OnUserDefinsFuncResult(0):retc=00001|time=215557|emsg=查無資料 (0)|caltime=2026/08/27 21:55:57
WorkID=RA003
20260827 21:55:57.975 OnUserDefinsFuncResult(0):retc=00001|time=215557|emsg=查無資料 (0)|caltime=2026/08/27 21:55:57
WorkID=RA003
20260827 21:55:57.975 OnUserDefinsFuncResult(0):retc=00001|time=215557|emsg=查無資料 (0)|caltime=2026/08/27 21:55:57
WorkID=RA003
20260827 21:55:57.976 ReportQuery(F,F04,0129354,,0,*,1)
20260827 21:55:57.977 return: 100
20260827 21:55:57.977 DealQuery(F,F04,0129354,,*)
20260827 21:55:57.977 return: 100
20260827 21:55:57.978 UserDefinsFunc(Func=RA003|bhno=F04|acno=0129354|suba=|FC=N,RA003)
20260827 21:55:57.978 return: 100
20260827 21:55:57.978 ReportQuery(F,F04,0129354,,0,*,1)
20260827 21:55:57.978 return: 100
20260827 21:55:57.978 DealQuery(F,F04,0129354,,*)
20260827 21:55:57.979 return: 100
20260827 21:55:57.979 UserDefinsFunc(Func=RA003|bhno=F04|acno=0129354|suba=|FC=N,RA003)
20260827 21:55:57.979 return: 100
20260827 21:55:57.984 OnReportQuery(0):
20260827 21:55:57.985 OnReportQuery(0):
20260827 21:55:57.985 OnDealQuery(0):
20260827 21:55:57.985 OnReportQuery(0):
20260827 21:55:57.985 OnDealQuery(0):
20260827 21:55:57.985 OnReportQuery(0):
20260827 21:55:57.986 OnDealQuery(0):
20260827 21:55:57.986 OnReportQuery(0):
20260827 21:55:57.986 OnReportQuery(0):
20260827 21:55:57.986 OnDealQuery(0):
20260827 21:55:57.986 OnDealQuery(0):
20260827 21:55:57.986 OnDealQuery(0):
20260827 21:55:58.010 OnReportQuery(0):
20260827 21:55:58.010 OnReportQuery(0):
20260827 21:55:58.010 OnDealQuery(0):
20260827 21:55:58.011 OnDealQuery(0):
20260827 21:55:58.011 OnUserDefinsFuncResult(0):retc=00001|time=215557|emsg=查無資料 (0)|caltime=2026/08/27 21:55:57
WorkID=RA003
20260827 21:55:58.011 OnUserDefinsFuncResult(0):retc=00001|time=215557|emsg=查無資料 (0)|caltime=2026/08/27 21:55:57
WorkID=RA003
20260827 21:55:58.011 OnUserDefinsFuncResult(0):retc=00001|time=215557|emsg=查無資料 (0)|caltime=2026/08/27 21:55:57
WorkID=RA003
20260827 21:55:58.012 OnUserDefinsFuncResult(0):retc=00001|time=215557|emsg=查無資料 (0)|caltime=2026/08/27 21:55:57
WorkID=RA003
20260827 21:55:58.012 OnUserDefinsFuncResult(0):retc=00001|time=215557|emsg=查無資料 (0)|caltime=2026/08/27 21:55:57
WorkID=RA003
20260827 21:55:58.012 OnUserDefinsFuncResult(0):retc=00001|time=215557|emsg=查無資料 (0)|caltime=2026/08/27 21:55:57
WorkID=RA003
20260827 21:55:58.012 OnUserDefinsFuncResult(0):retc=00001|time=215557|emsg=查無資料 (0)|caltime=2026/08/27 21:55:57
WorkID=RA003
20260827 21:55:58.012 OnUserDefinsFuncResult(0):retc=00001|time=215557|emsg=查無資料 (0)|caltime=2026/08/27 21:55:57
WorkID=RA003
20260827 21:55:58.012 OnUserDefinsFuncResult(0):retc=00001|time=215557|emsg=查無資料 (0)|caltime=2026/08/27 21:55:57
WorkID=RA003
20260827 21:55:58.019 ReportQuery(F,F04,0129354,,0,*,1)
20260827 21:55:58.019 return: 100
20260827 21:55:58.019 DealQuery(F,F04,0129354,,*)
20260827 21:55:58.019 OnDealQuery(0):
20260827 21:55:58.019 return: 100
20260827 21:55:58.019 OnDealQuery(0):
20260827 21:55:58.021 UserDefinsFunc(Func=RA003|bhno=F04|acno=0129354|suba=|FC=N,RA003)
20260827 21:55:58.021 OnDealQuery(0):
20260827 21:55:58.021 return: 100
20260827 21:55:58.021 OnDealQuery(0):
20260827 21:55:58.021 ReportQuery(F,F04,0129354,,0,*,1)
20260827 21:55:58.021 return: 100
20260827 21:55:58.022 DealQuery(F,F04,0129354,,*)
20260827 21:55:58.022 return: 100
20260827 21:55:58.022 UserDefinsFunc(Func=RA003|bhno=F04|acno=0129354|suba=|FC=N,RA003)
20260827 21:55:58.022 return: 100
20260827 21:55:58.022 OnReportQuery(0):
20260827 21:55:58.022 OnReportQuery(0):
20260827 21:55:58.023 OnReportQuery(0):
20260827 21:55:58.023 OnDealQuery(0):
20260827 21:55:58.023 OnReportQuery(0):
20260827 21:55:58.024 OnDealQuery(0):
20260827 21:55:58.024 OnReportQuery(0):
20260827 21:55:58.024 OnReportQuery(0):
20260827 21:55:58.024 OnDealQuery(0):
20260827 21:55:58.024 OnReportQuery(0):
20260827 21:55:58.024 OnDealQuery(0):
20260827 21:55:58.024 OnReportQuery(0):
20260827 21:55:58.024 OnReportQuery(0):
20260827 21:55:58.025 OnReportQuery(0):
20260827 21:55:58.025 OnDealQuery(0):
20260827 21:55:58.025 OnDealQuery(0):
20260827 21:55:58.025 OnUserDefinsFuncResult(0):retc=00001|time=215558|emsg=查無資料 (0)|caltime=2026/08/27 21:55:57
WorkID=RA003
20260827 21:55:58.025 OnUserDefinsFuncResult(0):retc=00001|time=215558|emsg=查無資料 (0)|caltime=2026/08/27 21:55:57
WorkID=RA003
20260827 21:55:58.025 OnUserDefinsFuncResult(0):retc=00001|time=215558|emsg=查無資料 (0)|caltime=2026/08/27 21:55:57
WorkID=RA003
20260827 21:55:58.025 OnUserDefinsFuncResult(0):retc=00001|time=215558|emsg=查無資料 (0)|caltime=2026/08/27 21:55:57
WorkID=RA003
20260827 21:55:58.026 OnUserDefinsFuncResult(0):retc=00001|time=215558|emsg=查無資料 (0)|caltime=2026/08/27 21:55:57
WorkID=RA003
20260827 21:55:58.026 OnReportQuery(0):
20260827 21:55:58.026 OnReportQuery(0):
20260827 21:55:58.026 OnDealQuery(0):
20260827 21:55:58.026 OnDealQuery(0):
20260827 21:55:58.026 OnDealQuery(0):
20260827 21:55:58.026 OnReportQuery(0):
20260827 21:55:58.026 OnReportQuery(0):
20260827 21:55:58.027 OnDealQuery(0):
20260827 21:55:58.027 OnReportQuery(0):
20260827 21:55:58.027 OnDealQuery(0):
20260827 21:55:58.027 OnReportQuery(0):
20260827 21:55:58.028 OnDealQuery(0):
20260827 21:55:58.028 OnDealQuery(0):
20260827 21:55:58.029 OnReportQuery(0):
20260827 21:55:58.029 OnDealQuery(0):
20260827 21:55:58.034 OnDealQuery(0):
20260827 21:55:58.035 OnReportQuery(0):
20260827 21:55:58.035 OnReportQuery(0):
20260827 21:55:58.035 OnDealQuery(0):
20260827 21:55:58.035 OnUserDefinsFuncResult(0):retc=00001|time=215558|emsg=查無資料 (0)|caltime=2026/08/27 21:55:57
WorkID=RA003
20260827 21:55:58.036 OnReportQuery(0):
20260827 21:55:58.036 OnUserDefinsFuncResult(0):retc=00001|time=215558|emsg=查無資料 (0)|caltime=2026/08/27 21:55:57
WorkID=RA003
20260827 21:55:58.036 OnUserDefinsFuncResult(0):retc=00001|time=215558|emsg=查無資料 (0)|caltime=2026/08/27 21:55:57
WorkID=RA003
20260827 21:55:58.036 OnUserDefinsFuncResult(0):retc=00001|time=215558|emsg=查無資料 (0)|caltime=2026/08/27 21:55:57
WorkID=RA003
20260827 21:55:58.036 OnUserDefinsFuncResult(0):retc=00001|time=215558|emsg=查無資料 (0)|caltime=2026/08/27 21:55:57
WorkID=RA003
20260827 21:55:58.037 OnUserDefinsFuncResult(0):retc=00001|time=215558|emsg=查無資料 (0)|caltime=2026/08/27 21:55:57
WorkID=RA003
20260827 21:55:58.037 OnUserDefinsFuncResult(0):retc=00001|time=215558|emsg=查無資料 (0)|caltime=2026/08/27 21:55:57
WorkID=RA003
20260827 21:55:58.037 OnUserDefinsFuncResult(0):retc=00001|time=215558|emsg=查無資料 (0)|caltime=2026/08/27 21:55:57
WorkID=RA003
20260827 21:55:58.038 OnReportQuery(0):
20260827 21:55:58.038 OnDealQuery(0):
20260827 21:55:58.038 OnDealQuery(0):
20260827 21:55:58.038 OnReportQuery(0):
20260827 21:55:58.038 OnDealQuery(0):
20260827 21:55:58.038 OnReportQuery(0):
20260827 21:55:58.038 OnReportQuery(0):
20260827 21:55:58.039 OnDealQuery(0):
20260827 21:55:58.039 OnReportQuery(0):
20260827 21:55:58.039 OnDealQuery(0):
20260827 21:55:58.039 OnUserDefinsFuncResult(0):retc=00001|time=215558|emsg=查無資料 (0)|caltime=2026/08/27 21:55:57
WorkID=RA003
20260827 21:55:58.040 OnUserDefinsFuncResult(0):retc=00001|time=215558|emsg=查無資料 (0)|caltime=2026/08/27 21:55:57
WorkID=RA003
20260827 21:55:58.040 OnUserDefinsFuncResult(0):retc=00001|time=215558|emsg=查無資料 (0)|caltime=2026/08/27 21:55:57
WorkID=RA003
20260827 21:55:58.042 OnUserDefinsFuncResult(0):retc=00001|time=215558|emsg=查無資料 (0)|caltime=2026/08/27 21:55:57
WorkID=RA003
20260827 21:55:58.042 OnUserDefinsFuncResult(0):retc=00001|time=215558|emsg=查無資料 (0)|caltime=2026/08/27 21:55:57
WorkID=RA003
20260827 21:55:58.043 OnUserDefinsFuncResult(0):retc=00001|time=215558|emsg=查無資料 (0)|caltime=2026/08/27 21:55:57
WorkID=RA003
20260827 21:55:58.043 OnUserDefinsFuncResult(0):retc=00001|time=215558|emsg=查無資料 (0)|caltime=2026/08/27 21:55:57
WorkID=RA003
20260827 21:55:58.052 OnUserDefinsFuncResult(0):retc=00001|time=215558|emsg=查無資料 (0)|caltime=2026/08/27 21:55:57
WorkID=RA003
20260827 21:55:58.054 OnUserDefinsFuncResult(0):retc=00001|time=215558|emsg=查無資料 (0)|caltime=2026/08/27 21:55:57
WorkID=RA003
20260827 21:55:58.054 OnUserDefinsFuncResult(0):retc=00001|time=215558|emsg=查無資料 (0)|caltime=2026/08/27 21:55:57
WorkID=RA003
20260827 21:55:58.054 OnUserDefinsFuncResult(0):retc=00001|time=215558|emsg=查無資料 (0)|caltime=2026/08/27 21:55:57
WorkID=RA003
20260827 21:55:58.061 ReportQuery(F,F04,0129354,,0,*,1)
20260827 21:55:58.065 return: 100
20260827 21:55:58.066 DealQuery(F,F04,0129354,,*)
20260827 21:55:58.066 return: 100
20260827 21:55:58.066 UserDefinsFunc(Func=RA003|bhno=F04|acno=0129354|suba=|FC=N,RA003)
20260827 21:55:58.067 return: 100
20260827 21:55:58.067 ReportQuery(F,F04,0129354,,0,*,1)
20260827 21:55:58.068 return: 100
20260827 21:55:58.068 DealQuery(F,F04,0129354,,*)
20260827 21:55:58.068 return: 100
20260827 21:55:58.068 UserDefinsFunc(Func=RA003|bhno=F04|acno=0129354|suba=|FC=N,RA003)
20260827 21:55:58.069 return: 100
20260827 21:55:58.112 ReportQuery(F,F04,0129354,,0,*,1)
20260827 21:55:58.113 return: 100
20260827 21:55:58.113 DealQuery(F,F04,0129354,,*)
20260827 21:55:58.113 return: 100
20260827 21:55:58.114 UserDefinsFunc(Func=RA003|bhno=F04|acno=0129354|suba=|FC=N,RA003)
20260827 21:55:58.114 return: 100
20260827 21:55:58.114 ReportQuery(F,F04,0129354,,0,*,1)
20260827 21:55:58.114 return: 100
20260827 21:55:58.114 DealQuery(F,F04,0129354,,*)
20260827 21:55:58.114 return: 100
20260827 21:55:58.115 UserDefinsFunc(Func=RA003|bhno=F04|acno=0129354|suba=|FC=N,RA003)
20260827 21:55:58.115 return: 100
20260827 21:55:58.152 ReportQuery(F,F04,0129354,,0,*,1)
20260827 21:55:58.153 return: 100
20260827 21:55:58.153 DealQuery(F,F04,0129354,,*)
20260827 21:55:58.153 return: 100
20260827 21:55:58.153 UserDefinsFunc(Func=RA003|bhno=F04|acno=0129354|suba=|FC=N,RA003)
20260827 21:55:58.153 return: 100
20260827 21:55:58.153 ReportQuery(F,F04,0129354,,0,*,1)
20260827 21:55:58.153 return: 100
20260827 21:55:58.153 DealQuery(F,F04,0129354,,*)
20260827 21:55:58.154 return: 100
20260827 21:55:58.154 UserDefinsFunc(Func=RA003|bhno=F04|acno=0129354|suba=|FC=N,RA003)
20260827 21:55:58.154 return: 100
20260827 21:55:58.188 ReportQuery(F,F04,0129354,,0,*,1)
20260827 21:55:58.189 return: 100
20260827 21:55:58.189 DealQuery(F,F04,0129354,,*)
20260827 21:55:58.189 return: 100
20260827 21:55:58.189 UserDefinsFunc(Func=RA003|bhno=F04|acno=0129354|suba=|FC=N,RA003)
20260827 21:55:58.190 return: 100
20260827 21:55:58.190 ReportQuery(F,F04,0129354,,0,*,1)
20260827 21:55:58.190 return: 100
20260827 21:55:58.190 DealQuery(F,F04,0129354,,*)
20260827 21:55:58.190 return: 100
20260827 21:55:58.190 UserDefinsFunc(Func=RA003|bhno=F04|acno=0129354|suba=|FC=N,RA003)
20260827 21:55:58.191 return: 100
20260827 21:55:58.195 OnDealQuery(0):
20260827 21:55:58.196 OnDealQuery(0):
20260827 21:55:58.196 OnDealQuery(0):
20260827 21:55:58.196 OnDealQuery(0):
20260827 21:55:58.197 OnReportQuery(0):
20260827 21:55:58.197 OnDealQuery(0):
20260827 21:55:58.197 OnReportQuery(0):
20260827 21:55:58.197 OnReportQuery(0):
20260827 21:55:58.197 OnReportQuery(0):
20260827 21:55:58.197 OnReportQuery(0):
20260827 21:55:58.197 OnDealQuery(0):
20260827 21:55:58.198 OnReportQuery(0):
20260827 21:55:58.198 OnReportQuery(0):
20260827 21:55:58.198 OnDealQuery(0):
20260827 21:55:58.198 OnReportQuery(0):
20260827 21:55:58.199 OnDealQuery(0):
20260827 21:55:58.199 OnDealQuery(0):
20260827 21:55:58.199 OnReportQuery(0):
20260827 21:55:58.199 OnUserDefinsFuncResult(0):retc=00001|time=215558|emsg=查無資料 (0)|caltime=2026/08/27 21:55:58
WorkID=RA003
20260827 21:55:58.199 OnUserDefinsFuncResult(0):retc=00001|time=215558|emsg=查無資料 (0)|caltime=2026/08/27 21:55:58
WorkID=RA003
20260827 21:55:58.199 OnReportQuery(0):
20260827 21:55:58.200 OnDealQuery(0):
20260827 21:55:58.200 OnReportQuery(0):
20260827 21:55:58.200 OnUserDefinsFuncResult(0):retc=00001|time=215558|emsg=查無資料 (0)|caltime=2026/08/27 21:55:58
WorkID=RA003
20260827 21:55:58.200 OnUserDefinsFuncResult(0):retc=00001|time=215558|emsg=查無資料 (0)|caltime=2026/08/27 21:55:58
WorkID=RA003
20260827 21:55:58.200 OnDealQuery(0):
20260827 21:55:58.200 OnUserDefinsFuncResult(0):retc=00001|time=215558|emsg=查無資料 (0)|caltime=2026/08/27 21:55:58
WorkID=RA003
20260827 21:55:58.200 OnUserDefinsFuncResult(0):retc=00001|time=215558|emsg=查無資料 (0)|caltime=2026/08/27 21:55:58
WorkID=RA003
20260827 21:55:58.201 OnUserDefinsFuncResult(0):retc=00001|time=215558|emsg=查無資料 (0)|caltime=2026/08/27 21:55:58
WorkID=RA003
20260827 21:55:58.201 OnUserDefinsFuncResult(0):retc=00001|time=215558|emsg=查無資料 (0)|caltime=2026/08/27 21:55:58
WorkID=RA003
20260827 21:55:58.201 OnUserDefinsFuncResult(0):retc=00001|time=215558|emsg=查無資料 (0)|caltime=2026/08/27 21:55:58
WorkID=RA003
20260827 21:55:58.201 OnUserDefinsFuncResult(0):retc=00001|time=215558|emsg=查無資料 (0)|caltime=2026/08/27 21:55:58
WorkID=RA003
20260827 21:55:58.201 OnUserDefinsFuncResult(0):retc=00001|time=215558|emsg=查無資料 (0)|caltime=2026/08/27 21:55:58
WorkID=RA003
20260827 21:55:58.201 OnUserDefinsFuncResult(0):retc=00001|time=215558|emsg=查無資料 (0)|caltime=2026/08/27 21:55:58
WorkID=RA003
20260827 21:55:58.202 OnDealQuery(0):
20260827 21:55:58.202 OnDealQuery(0):
20260827 21:55:58.202 OnReportQuery(0):
20260827 21:55:58.202 OnReportQuery(0):
20260827 21:55:58.202 OnDealQuery(0):
20260827 21:55:58.202 OnDealQuery(0):
20260827 21:55:58.202 OnReportQuery(0):
20260827 21:55:58.202 OnReportQuery(0):
20260827 21:55:58.202 OnDealQuery(0):
20260827 21:55:58.202 OnDealQuery(0):
20260827 21:55:58.204 OnDealQuery(0):
20260827 21:55:58.204 OnReportQuery(0):
20260827 21:55:58.204 OnReportQuery(0):
20260827 21:55:58.204 OnReportQuery(0):
20260827 21:55:58.204 OnUserDefinsFuncResult(0):retc=00001|time=215558|emsg=查無資料 (0)|caltime=2026/08/27 21:55:58
WorkID=RA003
20260827 21:55:58.204 OnUserDefinsFuncResult(0):retc=00001|time=215558|emsg=查無資料 (0)|caltime=2026/08/27 21:55:58
WorkID=RA003
20260827 21:55:58.204 OnUserDefinsFuncResult(0):retc=00001|time=215558|emsg=查無資料 (0)|caltime=2026/08/27 21:55:58
WorkID=RA003
20260827 21:55:58.204 OnUserDefinsFuncResult(0):retc=00001|time=215558|emsg=查無資料 (0)|caltime=2026/08/27 21:55:58
WorkID=RA003
20260827 21:55:58.205 OnUserDefinsFuncResult(0):retc=00001|time=215558|emsg=查無資料 (0)|caltime=2026/08/27 21:55:58
WorkID=RA003
20260827 21:55:58.205 OnUserDefinsFuncResult(0):retc=00001|time=215558|emsg=查無資料 (0)|caltime=2026/08/27 21:55:58
WorkID=RA003
20260827 21:55:58.205 OnUserDefinsFuncResult(0):retc=00001|time=215558|emsg=查無資料 (0)|caltime=2026/08/27 21:55:58
WorkID=RA003
20260827 21:55:58.217 OnReportQuery(0):
20260827 21:55:58.217 OnDealQuery(0):
20260827 21:55:58.217 OnDealQuery(0):
20260827 21:55:58.218 OnReportQuery(0):
20260827 21:55:58.218 OnDealQuery(0):
20260827 21:55:58.218 OnReportQuery(0):
20260827 21:55:58.218 OnDealQuery(0):
20260827 21:55:58.218 OnReportQuery(0):
20260827 21:55:58.218 OnDealQuery(0):
20260827 21:55:58.218 OnReportQuery(0):
20260827 21:55:58.218 OnReportQuery(0):
20260827 21:55:58.219 OnDealQuery(0):
20260827 21:55:58.219 OnDealQuery(0):
20260827 21:55:58.219 OnReportQuery(0):
20260827 21:55:58.219 OnReportQuery(0):
20260827 21:55:58.221 OnDealQuery(0):
20260827 21:55:58.221 OnReportQuery(0):
20260827 21:55:58.221 OnDealQuery(0):
20260827 21:55:58.223 OnReportQuery(0):
20260827 21:55:58.223 OnUserDefinsFuncResult(0):retc=00001|time=215558|emsg=查無資料 (0)|caltime=2026/08/27 21:55:58
WorkID=RA003
20260827 21:55:58.224 ReportQuery(F,F04,0129354,,0,*,1)
20260827 21:55:58.224 OnReportQuery(0):
20260827 21:55:58.224 return: 100
20260827 21:55:58.224 OnUserDefinsFuncResult(0):retc=00001|time=215558|emsg=查無資料 (0)|caltime=2026/08/27 21:55:58
WorkID=RA003
20260827 21:55:58.224 OnDealQuery(0):
20260827 21:55:58.224 DealQuery(F,F04,0129354,,*)
20260827 21:55:58.224 OnUserDefinsFuncResult(0):retc=00001|time=215558|emsg=查無資料 (0)|caltime=2026/08/27 21:55:58
WorkID=RA003
20260827 21:55:58.224 return: 100
20260827 21:55:58.224 OnDealQuery(0):
20260827 21:55:58.224 UserDefinsFunc(Func=RA003|bhno=F04|acno=0129354|suba=|FC=N,RA003)
20260827 21:55:58.225 OnUserDefinsFuncResult(0):retc=00001|time=215558|emsg=查無資料 (0)|caltime=2026/08/27 21:55:58
WorkID=RA003
20260827 21:55:58.225 return: 100
20260827 21:55:58.225 ReportQuery(F,F04,0129354,,0,*,1)
20260827 21:55:58.225 return: 100
20260827 21:55:58.225 DealQuery(F,F04,0129354,,*)
20260827 21:55:58.225 return: 100
20260827 21:55:58.225 UserDefinsFunc(Func=RA003|bhno=F04|acno=0129354|suba=|FC=N,RA003)
20260827 21:55:58.225 return: 100
20260827 21:55:58.226 OnUserDefinsFuncResult(0):retc=00001|time=215558|emsg=查無資料 (0)|caltime=2026/08/27 21:55:58
WorkID=RA003
20260827 21:55:58.230 OnUserDefinsFuncResult(0):retc=00001|time=215558|emsg=查無資料 (0)|caltime=2026/08/27 21:55:58
WorkID=RA003
20260827 21:55:58.230 OnUserDefinsFuncResult(0):retc=00001|time=215558|emsg=查無資料 (0)|caltime=2026/08/27 21:55:58
WorkID=RA003
20260827 21:55:58.231 OnUserDefinsFuncResult(0):retc=00001|time=215558|emsg=查無資料 (0)|caltime=2026/08/27 21:55:58
WorkID=RA003
20260827 21:55:58.231 OnUserDefinsFuncResult(0):retc=00001|time=215558|emsg=查無資料 (0)|caltime=2026/08/27 21:55:58
WorkID=RA003
20260827 21:55:58.231 OnUserDefinsFuncResult(0):retc=00001|time=215558|emsg=查無資料 (0)|caltime=2026/08/27 21:55:58
WorkID=RA003
20260827 21:55:58.231 OnUserDefinsFuncResult(0):retc=00001|time=215558|emsg=查無資料 (0)|caltime=2026/08/27 21:55:58
WorkID=RA003
20260827 21:55:58.248 OnReportQuery(0):
20260827 21:55:58.248 OnDealQuery(0):
20260827 21:55:58.248 OnReportQuery(0):
20260827 21:55:58.249 OnDealQuery(0):
20260827 21:55:58.255 ReportQuery(F,F04,0129354,,0,*,1)
20260827 21:55:58.255 return: 100
20260827 21:55:58.255 DealQuery(F,F04,0129354,,*)
20260827 21:55:58.255 return: 100
20260827 21:55:58.255 UserDefinsFunc(Func=RA003|bhno=F04|acno=0129354|suba=|FC=N,RA003)
20260827 21:55:58.257 return: 100
20260827 21:55:58.257 ReportQuery(F,F04,0129354,,0,*,1)
20260827 21:55:58.257 return: 100
20260827 21:55:58.257 DealQuery(F,F04,0129354,,*)
20260827 21:55:58.257 return: 100
20260827 21:55:58.257 UserDefinsFunc(Func=RA003|bhno=F04|acno=0129354|suba=|FC=N,RA003)
20260827 21:55:58.257 return: 100
20260827 21:55:58.265 OnUserDefinsFuncResult(0):retc=00001|time=215558|emsg=查無資料 (0)|caltime=2026/08/27 21:55:58
WorkID=RA003
20260827 21:55:58.267 OnUserDefinsFuncResult(0):retc=00001|time=215558|emsg=查無資料 (0)|caltime=2026/08/27 21:55:58
WorkID=RA003
20260827 21:55:58.284 OnReportQuery(0):
20260827 21:55:58.284 OnDealQuery(0):
20260827 21:55:58.284 OnReportQuery(0):
20260827 21:55:58.284 OnDealQuery(0):
20260827 21:55:58.291 ReportQuery(F,F04,0129354,,0,*,1)
20260827 21:55:58.291 return: 100
20260827 21:55:58.291 DealQuery(F,F04,0129354,,*)
20260827 21:55:58.292 return: 100
20260827 21:55:58.292 UserDefinsFunc(Func=RA003|bhno=F04|acno=0129354|suba=|FC=N,RA003)
20260827 21:55:58.292 return: 100
20260827 21:55:58.292 ReportQuery(F,F04,0129354,,0,*,1)
20260827 21:55:58.293 return: 100
20260827 21:55:58.293 DealQuery(F,F04,0129354,,*)
20260827 21:55:58.293 return: 100
20260827 21:55:58.293 UserDefinsFunc(Func=RA003|bhno=F04|acno=0129354|suba=|FC=N,RA003)
20260827 21:55:58.294 return: 100
20260827 21:55:58.298 OnReportQuery(0):
20260827 21:55:58.298 OnDealQuery(0):
20260827 21:55:58.298 OnUserDefinsFuncResult(0):retc=00001|time=215558|emsg=查無資料 (0)|caltime=2026/08/27 21:55:58
WorkID=RA003
20260827 21:55:58.298 OnUserDefinsFuncResult(0):retc=00001|time=215558|emsg=查無資料 (0)|caltime=2026/08/27 21:55:58
WorkID=RA003
20260827 21:55:58.298 OnReportQuery(0):
20260827 21:55:58.300 OnDealQuery(0):
20260827 21:55:58.315 OnUserDefinsFuncResult(0):retc=00001|time=215558|emsg=查無資料 (0)|caltime=2026/08/27 21:55:58
WorkID=RA003
20260827 21:55:58.320 OnUserDefinsFuncResult(0):retc=00001|time=215558|emsg=查無資料 (0)|caltime=2026/08/27 21:55:58
WorkID=RA003
20260827 21:55:58.323 ReportQuery(F,F04,0129354,,0,*,1)
20260827 21:55:58.323 return: 100
20260827 21:55:58.323 DealQuery(F,F04,0129354,,*)
20260827 21:55:58.323 return: 100
20260827 21:55:58.323 UserDefinsFunc(Func=RA003|bhno=F04|acno=0129354|suba=|FC=N,RA003)
20260827 21:55:58.323 return: 100
20260827 21:55:58.328 ReportQuery(F,F04,0129354,,0,*,1)
20260827 21:55:58.328 return: 100
20260827 21:55:58.328 DealQuery(F,F04,0129354,,*)
20260827 21:55:58.328 return: 100
20260827 21:55:58.328 UserDefinsFunc(Func=RA003|bhno=F04|acno=0129354|suba=|FC=N,RA003)
20260827 21:55:58.328 return: 100
20260827 21:55:58.349 OnDealQuery(0):
20260827 21:55:58.350 OnDealQuery(0):
20260827 21:55:58.350 OnReportQuery(0):
20260827 21:55:58.350 OnReportQuery(0):
20260827 21:55:58.350 OnReportQuery(0):
20260827 21:55:58.355 OnDealQuery(0):
20260827 21:55:58.355 OnDealQuery(0):
20260827 21:55:58.355 OnReportQuery(0):
20260827 21:55:58.356 OnReportQuery(0):
20260827 21:55:58.356 OnDealQuery(0):
20260827 21:55:58.356 OnReportQuery(0):
20260827 21:55:58.359 OnDealQuery(0):
20260827 21:55:58.359 OnUserDefinsFuncResult(0):retc=00001|time=215558|emsg=查無資料 (0)|caltime=2026/08/27 21:55:58
WorkID=RA003
20260827 21:55:58.359 OnDealQuery(0):
20260827 21:55:58.359 OnReportQuery(0):
20260827 21:55:58.359 ReportQuery(F,F04,0129354,,0,*,1)
20260827 21:55:58.359 return: 100
20260827 21:55:58.359 DealQuery(F,F04,0129354,,*)
20260827 21:55:58.359 return: 100
20260827 21:55:58.359 UserDefinsFunc(Func=RA003|bhno=F04|acno=0129354|suba=|FC=N,RA003)
20260827 21:55:58.359 return: 100
20260827 21:55:58.359 ReportQuery(F,F04,0129354,,0,*,1)
20260827 21:55:58.359 return: 100
20260827 21:55:58.359 DealQuery(F,F04,0129354,,*)
20260827 21:55:58.359 return: 100
20260827 21:55:58.359 UserDefinsFunc(Func=RA003|bhno=F04|acno=0129354|suba=|FC=N,RA003)
20260827 21:55:58.359 return: 100
20260827 21:55:58.373 OnDealQuery(0):
20260827 21:55:58.373 OnUserDefinsFuncResult(0):retc=00001|time=215558|emsg=查無資料 (0)|caltime=2026/08/27 21:55:58
WorkID=RA003
20260827 21:55:58.373 OnUserDefinsFuncResult(0):retc=00001|time=215558|emsg=查無資料 (0)|caltime=2026/08/27 21:55:58
WorkID=RA003
20260827 21:55:58.373 OnUserDefinsFuncResult(0):retc=00001|time=215558|emsg=查無資料 (0)|caltime=2026/08/27 21:55:58
WorkID=RA003
20260827 21:55:58.373 OnUserDefinsFuncResult(0):retc=00001|time=215558|emsg=查無資料 (0)|caltime=2026/08/27 21:55:58
WorkID=RA003
20260827 21:55:58.377 OnUserDefinsFuncResult(0):retc=00001|time=215558|emsg=查無資料 (0)|caltime=2026/08/27 21:55:58
WorkID=RA003
20260827 21:55:58.377 OnReportQuery(0):
20260827 21:55:58.377 OnUserDefinsFuncResult(0):retc=00001|time=215558|emsg=查無資料 (0)|caltime=2026/08/27 21:55:58
WorkID=RA003
20260827 21:55:58.377 OnUserDefinsFuncResult(0):retc=00001|time=215558|emsg=查無資料 (0)|caltime=2026/08/27 21:55:58
WorkID=RA003
20260827 21:55:58.395 ReportQuery(F,F04,0129354,,0,*,1)
20260827 21:55:58.396 return: 100
20260827 21:55:58.396 DealQuery(F,F04,0129354,,*)
20260827 21:55:58.396 return: 100
20260827 21:55:58.396 UserDefinsFunc(Func=RA003|bhno=F04|acno=0129354|suba=|FC=N,RA003)
20260827 21:55:58.396 return: 100
20260827 21:55:58.397 ReportQuery(F,F04,0129354,,0,*,1)
20260827 21:55:58.397 return: 100
20260827 21:55:58.397 DealQuery(F,F04,0129354,,*)
20260827 21:55:58.397 return: 100
20260827 21:55:58.397 UserDefinsFunc(Func=RA003|bhno=F04|acno=0129354|suba=|FC=N,RA003)
20260827 21:55:58.397 return: 100
20260827 21:55:58.406 OnReportQuery(0):
20260827 21:55:58.409 OnReportQuery(0):
20260827 21:55:58.412 OnDealQuery(0):
20260827 21:55:58.412 OnDealQuery(0):
20260827 21:55:58.424 OnReportQuery(0):
20260827 21:55:58.427 OnDealQuery(0):
20260827 21:55:58.427 OnReportQuery(0):
20260827 21:55:58.429 OnUserDefinsFuncResult(0):retc=00001|time=215558|emsg=查無資料 (0)|caltime=2026/08/27 21:55:58
WorkID=RA003
20260827 21:55:58.431 OnUserDefinsFuncResult(0):retc=00001|time=215558|emsg=查無資料 (0)|caltime=2026/08/27 21:55:58
WorkID=RA003
20260827 21:55:58.432 OnDealQuery(0):
20260827 21:55:58.433 ReportQuery(F,F04,0129354,,0,*,1)
20260827 21:55:58.433 return: 100
20260827 21:55:58.433 DealQuery(F,F04,0129354,,*)
20260827 21:55:58.433 return: 100
20260827 21:55:58.433 UserDefinsFunc(Func=RA003|bhno=F04|acno=0129354|suba=|FC=N,RA003)
20260827 21:55:58.434 return: 100
20260827 21:55:58.434 ReportQuery(F,F04,0129354,,0,*,1)
20260827 21:55:58.434 return: 100
20260827 21:55:58.434 DealQuery(F,F04,0129354,,*)
20260827 21:55:58.434 return: 100
20260827 21:55:58.434 UserDefinsFunc(Func=RA003|bhno=F04|acno=0129354|suba=|FC=N,RA003)
20260827 21:55:58.435 return: 100
20260827 21:55:58.436 OnReportQuery(0):
20260827 21:55:58.436 OnDealQuery(0):
20260827 21:55:58.439 OnUserDefinsFuncResult(0):retc=00001|time=215558|emsg=查無資料 (0)|caltime=2026/08/27 21:55:58
WorkID=RA003
20260827 21:55:58.439 OnUserDefinsFuncResult(0):retc=00001|time=215558|emsg=查無資料 (0)|caltime=2026/08/27 21:55:58
WorkID=RA003
20260827 21:55:58.441 OnReportQuery(0):
20260827 21:55:58.444 OnDealQuery(0):
20260827 21:55:58.450 OnReportQuery(0):
20260827 21:55:58.451 OnDealQuery(0):
20260827 21:55:58.451 OnUserDefinsFuncResult(0):retc=00001|time=215558|emsg=查無資料 (0)|caltime=2026/08/27 21:55:58
WorkID=RA003
20260827 21:55:58.451 OnUserDefinsFuncResult(0):retc=00001|time=215558|emsg=查無資料 (0)|caltime=2026/08/27 21:55:58
WorkID=RA003
20260827 21:55:58.451 OnReportQuery(0):
20260827 21:55:58.455 OnDealQuery(0):
20260827 21:55:58.465 OnUserDefinsFuncResult(0):retc=00001|time=215558|emsg=查無資料 (0)|caltime=2026/08/27 21:55:58
WorkID=RA003
20260827 21:55:58.466 OnUserDefinsFuncResult(0):retc=00001|time=215558|emsg=查無資料 (0)|caltime=2026/08/27 21:55:58
WorkID=RA003
20260827 21:55:58.468 ReportQuery(F,F04,0129354,,0,*,1)
20260827 21:55:58.468 return: 100
20260827 21:55:58.468 DealQuery(F,F04,0129354,,*)
20260827 21:55:58.468 return: 100
20260827 21:55:58.468 UserDefinsFunc(Func=RA003|bhno=F04|acno=0129354|suba=|FC=N,RA003)
20260827 21:55:58.468 return: 100
20260827 21:55:58.468 ReportQuery(F,F04,0129354,,0,*,1)
20260827 21:55:58.468 return: 100
20260827 21:55:58.469 DealQuery(F,F04,0129354,,*)
20260827 21:55:58.469 return: 100
20260827 21:55:58.469 UserDefinsFunc(Func=RA003|bhno=F04|acno=0129354|suba=|FC=N,RA003)
20260827 21:55:58.469 return: 100
20260827 21:55:58.474 OnReportQuery(0):
20260827 21:55:58.475 OnReportQuery(0):
20260827 21:55:58.476 OnDealQuery(0):
20260827 21:55:58.479 OnDealQuery(0):
20260827 21:55:58.482 OnReportQuery(0):
20260827 21:55:58.482 OnDealQuery(0):
20260827 21:55:58.484 OnDealQuery(0):
20260827 21:55:58.484 OnReportQuery(0):
20260827 21:55:58.495 OnUserDefinsFuncResult(0):retc=00001|time=215558|emsg=查無資料 (0)|caltime=2026/08/27 21:55:58
WorkID=RA003
20260827 21:55:58.495 OnUserDefinsFuncResult(0):retc=00001|time=215558|emsg=查無資料 (0)|caltime=2026/08/27 21:55:58
WorkID=RA003
20260827 21:55:58.496 OnDealQuery(0):
20260827 21:55:58.496 OnReportQuery(0):
20260827 21:55:58.497 OnUserDefinsFuncResult(0):retc=00001|time=215558|emsg=查無資料 (0)|caltime=2026/08/27 21:55:58
WorkID=RA003
20260827 21:55:58.497 OnUserDefinsFuncResult(0):retc=00001|time=215558|emsg=查無資料 (0)|caltime=2026/08/27 21:55:58
WorkID=RA003
20260827 21:55:58.503 ReportQuery(F,F04,0129354,,0,*,1)
20260827 21:55:58.503 return: 100
20260827 21:55:58.503 DealQuery(F,F04,0129354,,*)
20260827 21:55:58.504 return: 100
20260827 21:55:58.504 UserDefinsFunc(Func=RA003|bhno=F04|acno=0129354|suba=|FC=N,RA003)
20260827 21:55:58.504 return: 100
20260827 21:55:58.504 ReportQuery(F,F04,0129354,,0,*,1)
20260827 21:55:58.505 return: 100
20260827 21:55:58.505 DealQuery(F,F04,0129354,,*)
20260827 21:55:58.505 return: 100

20260827 22:24:41.395 YuantaOrd 1.6.1.3 for ActiveX control
20260827 22:24:41.395 Create
20260827 22:24:41.402 SetWaitOrdResult(0)
20260827 22:24:41.402 SetFutOrdConnection(E123663395,pw,apitest.yuantafutures.com.tw,80)
20260827 22:24:41.414 return: 3
20260827 22:24:51.681 OnLogonS(-1,NULL,NULL,NULL)

20260827 22:30:56.861 YuantaOrd 1.6.1.3 for ActiveX control
20260827 22:30:56.861 Create
20260827 22:30:56.864 SetWaitOrdResult(0)
20260827 22:30:56.864 SetFutOrdConnection(E123663395,pw,api.yuantafutures.com.tw,80)
20260827 22:30:56.869 return: 3
20260827 22:30:57.464 OnLogonS(2,2-F04-0129354--黃耀民,SN=5419A0EB,0)
20260827 22:30:57.465 ReportQuery(F,F04,0129354,,0,*,1)
20260827 22:30:57.465 return: 100
20260827 22:30:57.465 DealQuery(F,F04,0129354,,*)
20260827 22:30:57.465 return: 100
20260827 22:30:57.465 UserDefinsFunc(Func=RA003|bhno=F04|acno=0129354|suba=|FC=N,RA003)
20260827 22:30:57.465 return: 100
20260827 22:30:57.525 OnReportQuery(0):
20260827 22:30:57.525 OnDealQuery(0):
20260827 22:30:57.598 OnUserDefinsFuncResult(0):retc=00001|time=223057|emsg=查無資料 (0)|caltime=2026/08/27 22:30:57
WorkID=RA003
20260827 22:30:57.602 ReportQuery(F,F04,0129354,,0,*,1)
20260827 22:30:57.602 return: 100
20260827 22:30:57.602 DealQuery(F,F04,0129354,,*)
20260827 22:30:57.602 return: 100
20260827 22:30:57.602 UserDefinsFunc(Func=RA003|bhno=F04|acno=0129354|suba=|FC=N,RA003)
20260827 22:30:57.602 return: 100
20260827 22:30:57.602 ReportQuery(F,F04,0129354,,0,*,1)
20260827 22:30:57.602 return: 100
20260827 22:30:57.602 DealQuery(F,F04,0129354,,*)
20260827 22:30:57.602 return: 100
20260827 22:30:57.602 UserDefinsFunc(Func=RA003|bhno=F04|acno=0129354|suba=|FC=N,RA003)
20260827 22:30:57.602 return: 100
20260827 22:30:57.714 OnReportQuery(0):
20260827 22:30:57.714 OnReportQuery(0):
20260827 22:30:57.714 OnDealQuery(0):
20260827 22:30:57.714 OnDealQuery(0):
20260827 22:30:57.719 OnUserDefinsFuncResult(0):retc=00001|time=223057|emsg=查無資料 (0)|caltime=2026/08/27 22:30:57
WorkID=RA003
20260827 22:30:57.725 OnUserDefinsFuncResult(0):retc=00001|time=223057|emsg=查無資料 (0)|caltime=2026/08/27 22:30:57
WorkID=RA003
20260827 22:36:01.850 DoLogout

20260827 22:36:52.923 YuantaOrd 1.6.1.3 for ActiveX control
20260827 22:36:52.923 Create
20260827 22:36:52.924 SetWaitOrdResult(0)
20260827 22:36:52.924 SetFutOrdConnection(98875005091,pw,apitest.yuantafutures.com.tw,80)
20260827 22:36:53.005 return: 3
20260827 22:37:03.252 OnLogonS(-1,NULL,NULL,NULL)

20260827 22:49:55.901 YuantaOrd 1.6.1.3 for ActiveX control
20260827 22:49:55.901 Create
20260827 22:49:55.904 SetWaitOrdResult(0)
20260827 22:49:55.904 SetFutOrdConnection(98875005091,pw,apitest.yuantafutures.com.tw,80)
20260827 22:49:55.914 return: 3
20260827 22:50:06.225 OnLogonS(-1,NULL,NULL,NULL)

20260827 22:52:59.911 YuantaOrd 1.6.1.3 for ActiveX control
20260827 22:52:59.911 Create
20260827 22:52:59.914 SetWaitOrdResult(0)
20260827 22:52:59.914 SetFutOrdConnection(E223663395,pw,api.yuantafutures.com.tw,443)
20260827 22:52:59.920 return: 3
20260827 22:53:00.347 OnLogonS(-102,00003無 api 使用權限，請洽所屬營業員！api可登入數[0],NULL,NULL)
20260827 22:53:40.137 DoLogout

20260827 22:53:53.278 YuantaOrd 1.6.1.3 for ActiveX control
20260827 22:53:53.278 Create
20260827 22:53:53.279 SetWaitOrdResult(0)
20260827 22:53:53.280 SetFutOrdConnection(E123663395,pw,apitest.yuantafutures.com.tw,80)
20260827 22:53:53.360 return: 3
20260827 22:54:03.504 OnLogonS(-1,NULL,NULL,NULL)
20260827 22:54:25.370 DoLogout

20260827 22:54:33.025 YuantaOrd 1.6.1.3 for ActiveX control
20260827 22:54:33.025 Create
20260827 22:54:33.025 SetWaitOrdResult(0)
20260827 22:54:33.025 SetFutOrdConnection(E123663395,pw,api.yuantafutures.com.tw,443)
20260827 22:54:33.025 return: 3
20260827 22:54:33.555 OnLogonS(2,2-F04-0129354--黃耀民,SN=5419A0EB,0)
20260827 22:54:33.555 ReportQuery(F,F04,0129354,,0,*,1)
20260827 22:54:33.555 return: 100
20260827 22:54:33.555 DealQuery(F,F04,0129354,,*)
20260827 22:54:33.555 return: 100
20260827 22:54:33.555 UserDefinsFunc(Func=RA003|bhno=F04|acno=0129354|suba=|FC=N,RA003)
20260827 22:54:33.555 return: 100
20260827 22:54:33.608 OnReportQuery(0):
20260827 22:54:33.608 OnDealQuery(0):
20260827 22:54:33.619 OnUserDefinsFuncResult(0):retc=00001|time=225433|emsg=查無資料 (0)|caltime=2026/08/27 22:54:33
WorkID=RA003
20260827 22:54:33.622 ReportQuery(F,F04,0129354,,0,*,1)
20260827 22:54:33.625 return: 100
20260827 22:54:33.625 DealQuery(F,F04,0129354,,*)
20260827 22:54:33.625 return: 100
20260827 22:54:33.625 UserDefinsFunc(Func=RA003|bhno=F04|acno=0129354|suba=|FC=N,RA003)
20260827 22:54:33.625 return: 100
20260827 22:54:33.625 ReportQuery(F,F04,0129354,,0,*,1)
20260827 22:54:33.625 return: 100
20260827 22:54:33.625 DealQuery(F,F04,0129354,,*)
20260827 22:54:33.625 return: 100
20260827 22:54:33.625 UserDefinsFunc(Func=RA003|bhno=F04|acno=0129354|suba=|FC=N,RA003)
20260827 22:54:33.625 return: 100
20260827 22:54:33.645 OnReportQuery(0):
20260827 22:54:33.646 OnDealQuery(0):
20260827 22:54:33.650 OnReportQuery(0):
20260827 22:54:33.650 OnDealQuery(0):
20260827 22:54:33.665 OnUserDefinsFuncResult(0):retc=00001|time=225433|emsg=查無資料 (0)|caltime=2026/08/27 22:54:33
WorkID=RA003
20260827 22:54:33.666 OnUserDefinsFuncResult(0):retc=00001|time=225433|emsg=查無資料 (0)|caltime=2026/08/27 22:54:33
WorkID=RA003
20260828 08:58:07.714 Date changed! Reopen log file.